,pred,target
0,0.56508225,0.91707146
1,0.14613894,0.18553317
2,0.15073839,0.28242612
3,0.1479506,0.23849195
4,0.15091984,0.19995584
5,0.12495129,0.23397334
6,0.12796873,0.21708852
7,0.046328947,0.15762946
8,0.050104015,0.15130123
9,0.07004361,0.18796161
10,0.07381448,0.22559778
11,0.09994431,0.25056383
12,-0.016512245,0.229613
13,-0.012681574,0.17827012
14,0.052956603,0.24845615
15,0.05512236,0.21965712
16,0.077476636,0.22717234
17,0.079654396,0.20307054
18,0.10315572,0.18027379
19,-0.010540884,0.22217591
20,-0.0083171055,0.18101436
21,0.101627,0.1670797
22,0.10594058,0.26907313
23,0.021509599,0.1762421
24,0.026553702,0.13611999
25,0.04490217,0.2562833
26,0.049957663,0.27291247
27,0.07668148,0.21851626
28,-0.040948402,0.21423061
29,-0.035839457,0.22669473
30,0.02722456,0.17314063
31,0.030669054,0.29897365
32,0.05144469,0.16236717
33,0.054902393,0.26540503
34,0.0789496,0.17916144
35,-0.035909887,0.17421442
36,-0.032407362,0.22427417
37,0.21524858,0.40278256
38,0.21898614,0.3058722
39,0.12720418,0.2857427
40,0.13173677,0.17652446
41,0.1486383,0.13336684
42,0.1531734,0.23654322
43,0.18819262,0.23356451
44,0.064742625,0.29823813
45,0.06933544,0.14056142
46,0.12835282,0.13474308
47,0.13122398,0.21848944
48,0.15066229,0.22301376
49,0.15357928,0.25752982
50,0.18589845,0.22394824
51,0.06519994,0.12609762
52,0.06814853,0.14816764
53,0.108684406,0.14232992
54,0.111610055,0.16663158
55,0.13079219,0.1519728
56,0.13374658,0.28023663
57,0.16692193,0.1901529
58,0.04576826,0.19558102
59,0.048773337,0.17311399
60,0.052015156,0.22021964
61,0.055709183,0.19153231
62,0.08122693,0.15062654
63,-0.03487319,0.19366075
64,-0.03110126,0.22108896
65,0.10357066,0.17935415
66,-0.011285003,0.11198176
67,-0.007528402,0.17761256
68,0.018527828,0.08714414
69,-0.09764075,0.18298408
70,-0.093818024,0.19737773
71,0.058839444,0.22056499
72,0.060961053,0.12492271
73,0.08379926,0.0789883
74,-0.029520635,0.09948222
75,-0.027375873,0.20476156
76,0.10701136,0.19038136
77,-0.0051171146,0.29303366
78,-0.0029534735,0.21591051
79,0.020402327,0.20134194
80,-0.09297563,0.16003923
81,-0.09077716,0.15173782
82,0.08505349,0.09765038
83,0.08929296,0.1352166
84,0.106790066,0.12931608
85,0.11102511,0.18687578
86,0.144821,0.1670695
87,0.022513736,0.059172805
88,0.026810866,0.1283424
89,0.026566844,0.23096046
90,0.031551458,0.2541784
91,0.057649206,0.15888321
92,-0.059598748,0.17843574
93,-0.054562215,0.21610092
94,0.07962917,0.09898543
95,-0.036334578,0.20967227
96,-0.031297203,0.21608584
97,-0.0046559162,0.20409477
98,-0.12195623,0.23324455
99,-0.11686987,0.1769263
100,0.03250921,0.13044782
101,0.035905577,0.15247944
102,0.059264988,0.1647635
103,-0.055190694,0.17028026
104,-0.05177016,0.10605669
105,0.08215119,0.14598055
106,-0.031076375,0.20470668
107,-0.027647939,0.19964623
108,-0.003752455,0.22454275
109,-0.11826062,0.19826828
110,-0.1147933,0.14661308
111,0.22975817,0.17223775
112,0.23350216,0.2144747
113,0.14220202,0.23741211
114,0.14675066,0.2738098
115,0.16348566,0.28197184
116,0.16802993,0.055834696
117,0.20307639,0.12111786
118,0.07959399,0.17168687
119,0.084199354,0.26077205
120,0.14384234,0.22199048
121,0.1467278,0.1515141
122,0.16598947,0.21958189
123,0.16891946,0.17009231
124,0.20127079,0.21295255
125,0.080534026,0.18123676
126,0.083498426,0.19032535
127,0.12334424,0.19757992
128,0.12628332,0.13420133
129,0.14527522,0.18606797
130,0.14823961,0.2203287
131,0.18143994,0.20584649
132,0.060248844,0.17442192
133,0.063265525,0.21487026
134,0.0669727,0.2259715
135,0.07067747,0.26249492
136,0.09622918,0.1482432
137,-0.019907717,0.18789561
138,-0.016131122,0.12507705
139,0.118419185,0.16773994
140,0.0035322867,0.14143649
141,0.0072949976,0.1795061
142,0.0333764,0.16223209
143,-0.08284064,0.19398952
144,-0.079011396,0.19340524
145,0.07428883,0.1545542
146,0.076418236,0.18109816
147,0.09929161,0.20492707
148,-0.014074858,0.19406046
149,-0.011924382,0.12558463
150,0.12234078,0.2178338
151,0.010179792,0.16168702
152,0.012345839,0.08493036
153,0.03573759,0.11368512
154,-0.0776999,0.15756612
155,-0.07549386,0.11720847
156,0.09971011,0.20189525
157,0.103964,0.21145982
158,0.121268556,0.22441894
159,0.12551783,0.19259864
160,0.15933502,0.08888306
161,0.03698882,0.1905933
162,0.041299265,0.20272405
163,0.04152367,0.20368491
164,0.046513274,0.1284922
165,0.07264645,0.14679646
166,-0.044643696,0.26540586
167,-0.0395973,0.22315389
168,0.0944702,0.14233613
169,-0.021525893,0.25480938
170,-0.016478945,0.21469954
171,0.010184899,0.11965712
172,-0.107168734,0.18283722
173,-0.102072224,0.26919198
174,0.047954526,0.13909207
175,0.051358156,0.19446175
176,0.074755475,0.21494631
177,-0.039753,0.23804882
178,-0.036325965,0.1763308
179,0.09747505,0.18897945
180,-0.015792545,0.17676802
181,-0.012353975,0.232531
182,0.011576742,0.14990903
183,-0.102995366,0.15742423
184,-0.099515796,0.16860728
185,0.24600543,0.19656064
186,0.24979052,0.1775775
187,0.15972759,0.1857615
188,0.16430458,0.17170791
189,0.18150012,0.18663546
190,0.18607393,0.20619951
191,0.22122858,0.14798924
192,0.0975807,0.116817884
193,0.10221416,0.23550606
194,0.16280356,0.17745112
195,0.1657287,0.31751508
196,0.18541665,0.16508521
197,0.18838534,0.18046556
198,0.22087309,0.110922985
199,0.09999272,0.16197203
200,0.10298939,0.17497292
201,0.13905309,0.14843693
202,0.14202413,0.060380515
203,0.16146868,0.0834713
204,0.16446733,0.11368194
205,0.19776632,0.07014952
206,0.07644458,0.19813336
207,0.079488575,0.16901335
208,0.08446127,0.26701117
209,0.08819969,0.25919414
210,0.113818526,0.10372076
211,-0.0024380498,0.17017755
212,0.0013532452,0.12007585
213,0.1364887,0.108571395
214,0.021503886,0.15755935
215,0.025299724,0.18614899
216,0.05143486,0.15441869
217,-0.06494409,0.19443189
218,-0.06110203,0.17643341
219,0.0931323,0.22224855
220,0.09529495,0.17389949
221,0.11830418,0.12932482
222,0.0047836043,0.1532831
223,0.0069638193,0.15959875
224,0.14181218,0.11257892
225,0.029529635,0.12749662
226,0.031735398,0.25691637
227,0.055241458,0.17211421
228,-0.058368493,0.18528679
229,-0.05613402,0.17222066
230,0.11540425,0.15249103
231,0.11968747,0.15470019
232,0.13744217,0.13353884
233,0.14172502,0.2543426
234,0.1756403,0.08885679
235,0.05315631,0.09943901
236,0.0574918,0.15462588
237,0.05900211,0.1870657
238,0.064025074,0.11083209
239,0.09021564,0.1259184
240,-0.027204644,0.20220889
241,-0.022147756,0.118150614
242,0.11251032,0.17286424
243,-0.0035775863,0.206057
244,0.0014936812,0.2563057
245,0.028211191,0.13247305
246,-0.08931598,0.18828961
247,-0.08420393,0.32118708
248,0.066793524,0.22333373
249,0.070229754,0.2020879
250,0.09375945,0.10155245
251,-0.020907033,0.23337089
252,-0.017452259,0.16608188
253,0.11693929,0.1651611
254,0.0035443231,0.21361074
255,0.007019844,0.108416155
256,0.031061083,0.13728452
257,-0.0836862,0.14077207
258,-0.08017428,0.10262274
259,0.22950295,0.35544932
260,0.23320875,0.3277366
261,0.24967766,0.1824379
262,0.25343388,0.15690257
263,0.29547456,0.6630227
264,0.16730969,0.2226665
265,0.17108528,0.2617046
266,0.1632329,0.22374077
267,0.1677449,0.25710154
268,0.20226428,0.16810873
269,0.078973554,0.1387984
270,0.08353609,0.28772226
271,0.22270481,0.22948529
272,0.100658104,0.24649565
273,0.1052218,0.20069844
274,0.14028265,0.20249785
275,0.016843326,0.25482365
276,0.021456217,0.22653519
277,0.16651763,0.26824483
278,0.16943732,0.19293939
279,0.20123199,0.17756213
280,0.08072351,0.12957488
281,0.083620936,0.05495416
282,0.22255313,0.10884985
283,0.10326265,0.24710408
284,0.10620828,0.17729133
285,0.13856132,0.23303635
286,0.017897226,0.18457104
287,0.020864429,0.17493732
288,0.14588872,0.2460826
289,0.148847,0.2014714
290,0.1814542,0.102471985
291,0.060500823,0.092620924
292,0.06345272,0.2565365
293,0.20247021,0.12205691
294,0.08282164,0.1629308
295,0.08580142,0.16566536
296,0.11900911,0.1174422
297,-0.0020966195,0.1094568
298,0.0009292066,0.19919449
299,0.11845592,0.13548797
300,0.003798388,0.16816606
301,0.0075130425,0.15929683
302,0.0330457,0.20748642
303,-0.08296129,0.22767673
304,-0.07918498,0.17784087
305,0.055638704,0.13012439
306,-0.05915011,0.07659297
307,-0.05538052,0.20848629
308,-0.029335614,0.16672835
309,-0.14535245,0.1517102
310,-0.14152291,0.25346324
311,0.12316352,0.24178621
312,0.0112216845,0.13673666
313,0.0133591,0.25982818
314,0.036210977,0.18828268
315,-0.07700652,0.14249088
316,-0.07485403,0.21523246
317,0.059658743,0.1985591
318,-0.052389454,0.18998857
319,-0.05021785,0.23920016
320,-0.026868057,0.16691056
321,-0.14008296,0.20989965
322,-0.13787904,0.21865325
323,0.12155962,0.21722893
324,0.12579325,0.15620346
325,0.15904535,0.16269955
326,0.03690362,0.16828321
327,0.041163858,0.18240663
328,0.17973644,0.12784101
329,0.05885517,0.21116263
330,0.06311024,0.26499337
331,0.09692332,0.13990362
332,-0.02530982,0.08809479
333,-0.021000098,0.20958473
334,0.09416753,0.13299198
335,-0.021587703,0.20210104
336,-0.016596835,0.1905181
337,0.009502698,0.109521866
338,-0.10762681,0.16222547
339,-0.10258849,0.21825756
340,0.03173408,0.059271995
341,-0.084136575,0.22502372
342,-0.07908867,0.19823512
343,-0.052478064,0.21016484
344,-0.16959858,0.13728245
345,-0.1645122,0.2880441
346,0.09797941,0.15453559
347,-0.015064172,0.13414665
348,-0.0116558075,0.16423377
349,0.011703484,0.17456268
350,-0.1026237,0.2572548
351,-0.099203765,0.19177127
352,0.034824505,0.11836176
353,-0.07829976,0.2840108
354,-0.07486299,0.25387695
355,-0.050988596,0.23094676
356,-0.16530871,0.213523
357,-0.16184074,0.20988624
358,0.24416754,0.22358453
359,0.24788362,0.20644893
360,0.26416817,0.22170484
361,0.2679384,0.1804954
362,0.31000775,0.5176847
363,0.18182492,0.09098736
364,0.18560907,0.25698352
365,0.17819792,0.15431052
366,0.18271667,0.16350451
367,0.21727547,0.20640154
368,0.09395714,0.18789859
369,0.098532714,0.24573977
370,0.23754652,0.12108931
371,0.115480796,0.1197303
372,0.120056346,0.14353468
373,0.15514457,0.22461353
374,0.031665884,0.22827123
375,0.03628944,0.23388867
376,0.18197396,0.2650069
377,0.18491034,0.17216322
378,0.21674442,0.21212831
379,0.09619519,0.13695678
380,0.09910916,0.24252047
381,0.23789713,0.1938494
382,0.118576616,0.13696519
383,0.12153736,0.24626023
384,0.15392515,0.16311789
385,0.0332126,0.13736574
386,0.036195114,0.17821293
387,0.16052489,0.23585193
388,0.16349536,0.22897838
389,0.19613063,0.10562594
390,0.07514421,0.11968714
391,0.0781112,0.19228168
392,0.21697587,0.13707964
393,0.09730929,0.1464645
394,0.10029678,0.21557805
395,0.13353378,0.08690939
396,0.012377355,0.14722583
397,0.015417721,0.107731275
398,0.13343726,0.18001394
399,0.01874024,0.16226146
400,0.022467667,0.20375034
401,0.048033476,0.0784068
402,-0.06802623,0.19775763
403,-0.06423798,0.10650241
404,0.07046455,0.17127159
405,-0.044369694,0.2237628
406,-0.040584575,0.24705416
407,-0.014514651,0.21096183
408,-0.13059431,0.1899008
409,-0.12675238,0.22962761
410,0.13862588,0.19514975
411,0.026652582,0.1772039
412,0.028800242,0.1646508
413,0.051684715,0.13466069
414,-0.06158882,0.15317577
415,-0.05942511,0.11291885
416,0.074978,0.19050096
417,-0.03711303,0.1775403
418,-0.034933884,0.08593867
419,-0.011553261,0.094163164
420,-0.12483527,0.26697618
421,-0.12262508,0.20690559
422,0.13619468,0.15393719
423,0.14043826,0.18079236
424,0.17372125,0.111366585
425,0.05154573,0.123246446
426,0.055819813,0.19291018
427,0.1942406,0.19404681
428,0.073336735,0.10834869
429,0.077607974,0.21098055
430,0.11144842,0.103299715
431,-0.0108359195,0.1527923
432,-0.0065149292,0.22191994
433,0.10914332,0.17629826
434,-0.0066546984,0.1821222
435,-0.0016481392,0.2237518
436,0.024485394,0.13591088
437,-0.092700705,0.23130494
438,-0.087649524,0.18948448
439,0.046554983,0.12569475
440,-0.06936334,0.16968381
441,-0.06430046,0.23012236
442,-0.037660692,0.17426239
443,-0.15485507,0.24287598
444,-0.14974871,0.18331371
445,0.11343837,0.2111498
446,0.0003629513,0.20666826
447,0.0037771426,0.13047664
448,0.027174091,0.11398138
449,-0.0872148,0.25006503
450,-0.08378184,0.17942934
451,0.05014283,0.18388796
452,-0.06303251,0.2066475
453,-0.059586804,0.19367117
454,-0.035679575,0.13656564
455,-0.15007567,0.090521276
456,-0.14659663,0.22337471
457,0.16867909,0.10714706
458,0.17242636,0.23667043
459,0.08287374,0.20571847
460,0.08741675,0.32123157
461,0.10443489,0.23490115
462,0.10897145,0.1891489
463,0.14393765,0.109614894
464,0.020583332,0.21527316
465,0.025189543,0.21267615
466,0.08530478,0.17339912
467,0.08819744,0.2006709
468,0.10768968,0.21333757
469,0.11063278,0.22727029
470,0.14292794,0.10781044
471,0.022344228,0.25936207
472,0.025316987,0.19785471
473,0.062139183,0.12130284
474,0.065076835,0.1563054
475,0.084316924,0.13024452
476,0.087283045,0.16265348
477,0.12039329,0.17415202
478,-0.0006046705,0.16407269
479,0.0024160221,0.14534546
480,0.0077857636,0.2008387
481,0.011492934,0.14071828
482,0.036936052,0.15793385
483,-0.078982204,0.1456984
484,-0.07521123,0.109408386
485,0.059397984,0.20527096
486,-0.055323917,0.17694816
487,-0.05155206,0.25383946
488,-0.025574166,0.1296186
489,-0.14154452,0.10560545
490,-0.13771474,0.24386282
491,0.015815549,0.16541298
492,0.017953573,0.21139394
493,0.040788256,0.16781136
494,-0.072396144,0.1811674
495,-0.07023135,0.20149387
496,0.06407288,0.15124589
497,-0.047946032,0.13607068
498,-0.045766275,0.16567418
499,-0.022410776,0.06903556
500,-0.13560681,0.12392853
501,-0.13338372,0.18739545
502,0.038532704,0.23199047
503,0.042783212,0.19503663
504,0.060337164,0.20830771
505,0.064586304,0.23476896
506,0.09831286,0.2002587
507,-0.02383374,0.11872663
508,-0.01952986,0.21936339
509,-0.017615117,0.27652478
510,-0.012626037,0.14939277
511,0.013391405,0.18401141
512,-0.103680834,0.22923404
513,-0.09864375,0.19277541
514,0.035477974,0.16134425
515,-0.080338046,0.20822972
516,-0.07529575,0.21333894
517,-0.048730094,0.15352044
518,-0.16583663,0.13377815
519,-0.16073593,0.16122803
520,-0.010482248,0.111719854
521,-0.0070759244,0.11995184
522,0.016281683,0.10546214
523,-0.09803051,0.13419552
524,-0.09459655,0.16915743
525,0.039235584,0.1677581
526,-0.0738831,0.21938652
527,-0.07043256,0.2522376
528,-0.046541926,0.10042367
529,-0.16086434,0.2050926
530,-0.15736663,0.20916422
531,0.1506835,0.23563497
532,0.1543496,0.1846151
533,0.17065509,0.12369711
534,0.17437515,0.122640274
535,0.21619502,0.1455813
536,0.08839786,0.1655631
537,0.092143565,0.16880363
538,0.08460823,0.2081075
539,0.08909051,0.15694419
540,0.1234234,0.06362381
541,0.0004981458,0.08694986
542,0.0050355755,0.14633623
543,0.14367633,0.18178114
544,0.02191414,0.22936913
545,0.026451169,0.18399027
546,0.061342698,0.23011808
547,-0.061655562,0.1955445
548,-0.057053607,0.25249815
549,0.0872272,0.16348699
550,0.09011538,0.20132664
551,0.12172976,0.14050336
552,0.0015905537,0.18258817
553,0.00446577,0.1287913
554,0.14284444,0.18883044
555,0.023842542,0.21423006
556,0.026766803,0.19694184
557,0.05895562,0.1269177
558,-0.061263967,0.25316328
559,-0.058309507,0.23951006
560,0.06723729,0.2623361
561,0.07016529,0.27421772
562,0.102593794,0.1298122
563,-0.017965663,0.18648191
564,-0.015038423,0.12435028
565,0.12339987,0.17295626
566,0.0040623993,0.1655188
567,0.0070207007,0.26918614
568,0.040064383,0.1754942
569,-0.08057615,0.18913844
570,-0.07755974,0.24791571
571,0.03980625,0.17480835
572,-0.07452507,0.17242752
573,-0.07083021,0.123906516
574,-0.045439724,0.13162228
575,-0.16097102,0.23657225
576,-0.15720354,0.21508662
577,-0.023129743,0.23576516
578,-0.13750805,0.21611409
579,-0.13375482,0.15010984
580,-0.10783444,0.102299176
581,-0.22329816,0.21563534
582,-0.21947181,0.1547387
583,0.043854587,0.1411823
584,-0.067760676,0.18141644
585,-0.065641135,0.18289803
586,-0.04292996,0.12688929
587,-0.15566325,0.13446173
588,-0.15351397,0.1648563
589,-0.019774724,0.12700325
590,-0.13141747,0.122999124
591,-0.12925574,0.14922696
592,-0.10602233,0.09525558
593,-0.21868548,0.3082509
594,-0.21647808,0.22479528
595,0.042966127,0.25787443
596,0.04716294,0.063298166
597,0.08023818,0.15804964
598,-0.041498464,0.16918275
599,-0.037264463,0.16353829
600,0.10071924,0.15441091
601,-0.019838292,0.079531446
602,-0.015607245,0.10823748
603,0.018040821,0.13713753
604,-0.10371275,0.12769258
605,-0.099420056,0.23459074
606,0.0155811515,0.2208359
607,-0.09983352,0.14389522
608,-0.09486063,0.10783724
609,-0.06890766,0.14475562
610,-0.18554139,0.21503355
611,-0.18052182,0.23484038
612,-0.046952847,0.1617164
613,-0.16240871,0.23547782
614,-0.15738189,0.28621432
615,-0.13089207,0.11090351
616,-0.24744245,0.19143173
617,-0.24236998,0.14812928
618,0.018712472,0.1654832
619,-0.09399073,0.14235988
620,-0.09060128,0.23131764
621,-0.06737839,0.1490519
622,-0.1812092,0.13727044
623,-0.1777987,0.22681196
624,-0.04454894,0.21232006
625,-0.15725692,0.23596671
626,-0.15383399,0.16585353
627,-0.13007805,0.08087914
628,-0.24382344,0.14460903
629,-0.24036369,0.19107257
630,0.16499937,0.16671984
631,0.16868061,0.26109388
632,0.1848124,0.19715126
633,0.18854655,0.19776462
634,0.23039792,0.13332912
635,0.102538794,0.15639757
636,0.10629888,0.20665845
637,0.09926846,0.11284674
638,0.103758335,0.24402416
639,0.1381242,0.19630203
640,0.015141994,0.274531
641,0.019691104,0.13174094
642,0.15819784,0.14983588
643,0.03639614,0.26092672
644,0.04094324,0.14766364
645,0.07585133,0.22679904
646,-0.04721192,0.15474832
647,-0.0425986,0.12723453
648,0.10237741,0.15894729
649,0.10527924,0.22950341
650,0.13692547,0.15303424
651,0.016721252,0.17258354
652,0.019610401,0.29445875
653,0.15786737,0.15352145
654,0.03881725,0.21837078
655,0.041752335,0.21066408
656,0.07396728,0.19294454
657,-0.0463244,0.15067808
658,-0.043352988,0.23224658
659,0.08153289,0.19351555
660,0.08447088,0.21593796
661,0.116916224,0.16660367
662,-0.0036997236,0.19963281
663,-0.0007608682,0.18650989
664,0.1375649,0.1908085
665,0.018183403,0.16816579
666,0.02115066,0.13202131
667,0.05420704,0.20080946
668,-0.06649868,0.27066982
669,-0.06347519,0.29406258
670,0.05446903,0.09862106
671,-0.059918497,0.21553926
672,-0.056213927,0.17042677
673,-0.03080402,0.071208104
674,-0.14640412,0.22420688
675,-0.14262827,0.19111902
676,-0.008648317,0.14724524
677,-0.12309921,0.17492184
678,-0.11933479,0.20951703
679,-0.093398094,0.16277212
680,-0.20894727,0.16205026
681,-0.20511016,0.16208355
682,0.058999352,0.20792109
683,-0.052667294,0.15418118
684,-0.050539043,0.24700736
685,-0.027802687,0.09443357
686,-0.14061865,0.15152204
687,-0.13846138,0.19060926
688,-0.004804641,0.12208626
689,-0.11651373,0.16958886
690,-0.1143429,0.12608236
691,-0.09109354,0.07718759
692,-0.20384659,0.26897612
693,-0.20163481,0.10914146
694,0.0572566,0.27334145
695,0.061465856,0.2583155
696,0.09455922,0.1724512
697,-0.027240235,0.19423144
698,-0.022988569,0.16255493
699,0.114879966,0.08736095
700,-0.0057219863,0.05056086
701,-0.0014794879,0.17326732
702,0.03218299,0.1200802
703,-0.08964397,0.18900374
704,-0.0853377,0.3071195
705,0.03024096,0.110537775
706,-0.085234925,0.15652916
707,-0.080256075,0.16779955
708,-0.054276872,0.1417461
709,-0.17099057,0.25187412
710,-0.16595483,0.27888083
711,-0.032484394,0.24395148
712,-0.14800301,0.21310586
713,-0.14296345,0.14797129
714,-0.11646406,0.12438807
715,-0.23310211,0.16380192
716,-0.22801709,0.21752529
717,0.033858735,0.13315038
718,-0.07890126,0.13226914
719,-0.07550685,0.21610628
720,-0.052255902,0.16929324
721,-0.16617316,0.15480287
722,-0.16275239,0.14156467
723,-0.029587891,0.18248463
724,-0.14236136,0.18387395
725,-0.13893327,0.1555577
726,-0.115154356,0.10782423
727,-0.22899908,0.18289205
728,-0.225526,0.09632016
729,0.18244381,0.20366004
730,0.1861535,0.1582846
731,0.20273387,0.1523283
732,0.20650163,0.32561687
733,0.2484777,0.18637848
734,0.12040749,0.2522608
735,0.12419216,0.20672965
736,0.11850241,0.19941346
737,0.12301631,0.14764506
738,0.15746371,0.19068581
739,0.03428314,0.1922491
740,0.03884824,0.3260348
741,0.17802602,0.1779557
742,0.05606668,0.13682325
743,0.060633935,0.17844325
744,0.09563129,0.13341753
745,-0.027666684,0.21602692
746,-0.023041483,0.27181816
747,0.12301071,0.27598324
748,0.1259481,0.17231776
749,0.15772136,0.12659186
750,0.03732098,0.1669411
751,0.040235914,0.16393383
752,0.17916584,0.10123007
753,0.059928067,0.23733392
754,0.06289167,0.22500384
755,0.09522003,0.1649085
756,-0.025287058,0.14609657
757,-0.022300202,0.27953362
758,0.09891714,0.19580945
759,0.101885796,0.109558485
760,0.13441807,0.19255497
761,0.013620995,0.13820589
762,0.016578972,0.15110569
763,0.15555531,0.1849523
764,0.03601635,0.25498733
765,0.039007477,0.22170691
766,0.07213738,0.15112588
767,-0.04876275,0.16495489
768,-0.045731153,0.12904277
769,0.07375726,0.1704397
770,-0.04078653,0.17443258
771,-0.037067574,0.09721751
772,-0.011616245,0.16764514
773,-0.12739441,0.13065188
774,-0.12361616,0.16712725
775,0.011067107,0.07037127
776,-0.103544906,0.118896045
777,-0.09975867,0.19945724
778,-0.07380231,0.14724968
779,-0.18956958,0.13401811
780,-0.18573898,0.16986296
781,0.07968167,0.18011837
782,-0.032154005,0.17465162
783,-0.030003216,0.16495414
784,-0.007160362,0.16458823
785,-0.120197356,0.14315426
786,-0.118027866,0.12936981
787,0.01634387,0.15863417
788,-0.09555368,0.1893531
789,-0.09336111,0.10923334
790,-0.070023194,0.26807967
791,-0.18301356,0.24023671
792,-0.18078643,0.13779865
793,0.07461755,0.15456074
794,0.07885288,0.1944355
795,0.11203246,0.10503076
796,-0.009946689,0.16044934
797,-0.0056832694,0.25921103
798,0.13284184,0.16778144
799,0.01207282,0.18055458
800,0.016339574,0.23363802
801,0.050074328,0.13243389
802,-0.07195121,0.13188761
803,-0.06763004,0.13769773
804,0.04949613,0.17376523
805,-0.06612991,0.24181378
806,-0.06113712,0.2602349
807,-0.035122458,0.25514817
808,-0.1520249,0.21926272
809,-0.14699508,0.12740253
810,-0.01281349,0.15578093
811,-0.12848723,0.16228034
812,-0.12344271,0.1462843
813,-0.096906036,0.17033246
814,-0.21378893,0.22717772
815,-0.2087008,0.16100259
816,0.054523665,0.13750613
817,-0.058407087,0.13290332
818,-0.05498914,0.17095132
819,-0.03164256,0.15995899
820,-0.14578381,0.2637647
821,-0.14235048,0.14425644
822,-0.008463729,0.177313
823,-0.12143403,0.23462261
824,-0.11798032,0.19263113
825,-0.09411904,0.07698899
826,-0.20820919,0.14715922
827,-0.20471588,0.30446017
828,0.18546648,0.22274178
829,0.1891951,0.16790122
830,0.23048064,0.16031298
831,0.102834895,0.2138153
832,0.10653165,0.24303678
833,0.24948166,0.14096178
834,0.12299357,0.117496885
835,0.12674786,0.1997628
836,0.16865899,0.24140722
837,0.040855054,0.17844163
838,0.044624742,0.2129666
839,0.15831672,0.11484751
840,0.03671814,0.19531794
841,0.041224096,0.18395737
842,0.07559178,0.12751606
843,-0.047256585,0.21952572
844,-0.04270194,0.18522611
845,0.096053705,0.10991868
846,-0.025658164,0.23210448
847,-0.021102887,0.11921318
848,0.013796896,0.14415655
849,-0.10905987,0.23356082
850,-0.10445064,0.18555506
851,0.15876205,0.21134707
852,0.03992133,0.12849362
853,0.042831495,0.23168002
854,0.07447702,0.16313018
855,-0.045569997,0.16016935
856,-0.042679776,0.1779502
857,0.095803276,0.16301918
858,-0.023129296,0.15890524
859,-0.02019244,0.1624323
860,0.012006309,0.12116146
861,-0.10805747,0.11230294
862,-0.10509175,0.16371296
863,0.13851176,0.19629085
864,0.019345032,0.13002881
865,0.022291902,0.18382923
866,0.054747827,0.16394317
867,-0.065703884,0.19733095
868,-0.06276204,0.1406266
869,0.07575172,0.21677072
870,-0.043500092,0.16644906
871,-0.04052515,0.3031233
872,-0.0074829347,0.0732619
873,-0.12794459,0.2031794
874,-0.124927565,0.20195106
875,-0.008050509,0.10113098
876,-0.12225166,0.16326648
877,-0.11855142,0.19854458
878,-0.09317531,0.22887039
879,-0.20848966,0.20753585
880,-0.20472443,0.2318425
881,-0.07067132,0.14998627
882,-0.18486735,0.15675718
883,-0.18110707,0.21522166
884,-0.15522784,0.18677597
885,-0.2704164,0.23246038
886,-0.26659593,0.17344567
887,-0.003425315,0.1466598
888,-0.11490196,0.23595089
889,-0.11277583,0.20308277
890,-0.09007087,0.19664055
891,-0.20258588,0.20203869
892,-0.20043765,0.17833856
893,-0.06672384,0.11876435
894,-0.17817084,0.1518375
895,-0.1760056,0.18704027
896,-0.1528084,0.22372672
897,-0.26518872,0.15736724
898,-0.26298898,0.077293575
899,0.11548367,0.15867582
900,-0.0048900805,0.09517661
901,-0.000678543,0.17974782
902,0.03240545,0.09689013
903,-0.0891926,0.12123799
904,-0.08495307,0.18442725
905,0.053091884,0.124693535
906,-0.06735431,0.17717126
907,-0.06311448,0.26688826
908,-0.029479396,0.23914623
909,-0.15103464,0.1552626
910,-0.14674132,0.20089146
911,-0.032236565,0.15393929
912,-0.14749411,0.18670326
913,-0.14252448,0.16408668
914,-0.11659697,0.099543884
915,-0.2329903,0.13038294
916,-0.22797927,0.14138885
917,-0.09444967,0.15938038
918,-0.2096906,0.16126342
919,-0.20466778,0.16475278
920,-0.1782324,0.12958258
921,-0.29448742,0.19097458
922,-0.2894223,0.21974692
923,-0.028534893,0.095924616
924,-0.14107193,0.22291397
925,-0.13768649,0.22900279
926,-0.114488244,0.17725188
927,-0.22806728,0.14023662
928,-0.22466913,0.17416833
929,-0.09146054,0.0
930,-0.20394763,0.17663518
931,-0.2005312,0.19736557
932,-0.17681861,0.08982744
933,-0.29026446,0.14638197
934,-0.28681412,0.12164712
935,0.19976552,0.18450168
936,0.2035088,0.18392593
937,0.24481955,0.2000419
938,0.11712742,0.1602699
939,0.1208359,0.15370414
940,0.2636524,0.24889594
941,0.13713086,0.14693439
942,0.14089705,0.18795405
943,0.18283176,0.18219337
944,0.054964427,0.22944415
945,0.05875103,0.26108444
946,0.17296094,0.11855991
947,0.051316738,0.14316322
948,0.055832095,0.16722608
949,0.090234265,0.1564087
950,-0.03268211,0.17933132
951,-0.02811296,0.12830763
952,0.11053811,0.1672298
953,-0.011225883,0.18227749
954,-0.0066589974,0.17211595
955,0.02826343,0.16521618
956,-0.09466988,0.11532061
957,-0.09005058,0.12929758
958,0.17391185,0.17921844
959,0.0550194,0.23175073
960,0.057945326,0.17249355
961,0.089625135,0.2149468
962,-0.030498128,0.26757562
963,-0.02759296,0.23362713
964,0.110792354,0.25168395
965,-0.00819876,0.28033918
966,-0.0052465685,0.19664541
967,0.026975742,0.15080222
968,-0.09317203,0.17815682
969,-0.090191215,0.086372316
970,0.15282653,0.21466722
971,0.03361464,0.1938659
972,0.036574066,0.17264922
973,0.069048546,0.21462601
974,-0.05146837,0.15717505
975,-0.048515406,0.129866
976,0.08989896,0.26374605
977,-0.029404711,0.19471611
978,-0.026422698,0.19374171
979,0.0066355504,0.14672793
980,-0.113907665,0.17634217
981,-0.1108761,0.24790305
982,0.0065558627,0.14020674
983,-0.107714236,0.1835649
984,-0.10400373,0.21613081
985,-0.07860814,0.10446582
986,-0.19400373,0.20531067
987,-0.19022599,0.21636519
988,-0.056237098,0.123430036
989,-0.17051595,0.30099288
990,-0.16674408,0.22159673
991,-0.1408459,0.16921021
992,-0.25612977,0.27223656
993,-0.2522994,0.26434904
994,0.011675082,0.19249666
995,-0.09986311,0.106899
996,-0.09772569,0.15964518
997,-0.07500142,0.18967895
998,-0.1876055,0.12677936
999,-0.18545237,0.17296235
1000,-0.0517946,0.21853086
1001,-0.1633181,0.235466
1002,-0.1611477,0.11131979
1003,-0.13792866,0.11709636
1004,-0.2504097,0.24562538
1005,-0.24819994,0.26451108
1006,0.1297964,0.22194602
1007,0.0093741715,0.18102507
1008,0.013598703,0.16225953
1009,0.046707008,0.07389762
1010,-0.07496162,0.21856634
1011,-0.0707079,0.14895183
1012,0.06723425,0.07768853
1013,-0.05326641,0.21694863
1014,-0.049014535,0.18798605
1015,-0.015363522,0.16008227
1016,-0.13700072,0.117266454
1017,-0.13269494,0.20254442
1018,-0.01763444,0.038437124
1019,-0.13296369,0.26476687
1020,-0.12798408,0.21041843
1021,-0.102033705,0.14126372
1022,-0.21851459,0.16543461
1023,-0.21348873,0.20495544
1024,-0.0800273,0.1852349
1025,-0.19534664,0.17697714
1026,-0.19031006,0.27133825
1027,-0.16385667,0.19365585
1028,-0.28021196,0.17344418
1029,-0.2751325,0.19914396
1030,-0.013439652,0.15173766
1031,-0.12604378,0.16752806
1032,-0.12264632,0.16633634
1033,-0.099424526,0.10837613
1034,-0.21309963,0.25452578
1035,-0.2096906,0.21658196
1036,-0.07654166,0.08168055
1037,-0.18910223,0.2986278
1038,-0.18568033,0.2754802
1039,-0.1619475,0.22892839
1040,-0.27549684,0.16923892
1041,-0.2720354,0.12660596
