,yhat_test,y_test
0,0.28256235,0.1872480791564928
1,0.35454953,0.1880953361555793
2,0.16222742,0.1858759011800028
3,0.16911823,0.2404055398154728
4,0.16059054,0.2739741904826182
5,0.16747953,0.1932905560849776
6,0.24980772,0.2263958651118734
7,0.18087953,0.185533167190922
8,0.1877895,0.2824261286339147
9,0.17090395,0.2546063976388393
10,0.17780402,0.2300199113656944
11,0.16926482,0.2802238117388428
12,0.1761632,0.2248783702082403
13,0.34045017,0.2105715319620658
14,0.18958005,0.2384919506029688
15,0.19649795,0.1999558363059517
16,0.14841758,0.119475599172468
17,0.1552923,0.2035463695860087
18,0.14678468,0.2017027598086593
19,0.15365738,0.2498679152991337
20,0.20036435,0.1947917906286143
21,0.16702802,0.2339733421624089
22,0.17392406,0.2170885258740451
23,0.09225352,0.2032564770837964
24,0.09904623,0.2274742837482284
25,0.14529221,0.2479197232231399
26,0.1122701,0.1576294584895272
27,0.11909504,0.1513012385869004
28,0.14366022,0.115785306355803
29,0.11064924,0.1879616010097247
30,0.117471725,0.2255977910896127
31,0.16389261,0.2505638201067209
32,0.13075064,0.2296130129572664
33,0.1376024,0.1782701091349837
34,0.10080713,0.2137732924945447
35,0.10761401,0.2448652845607787
36,0.1539438,0.2391149639262905
37,0.12086418,0.2484561482136587
38,0.12770198,0.2196571240527823
39,0.15230922,0.1726436323294384
40,0.119240224,0.227172347964547
41,0.12607567,0.2030705379230326
42,0.17257144,0.1802737879510345
43,0.13937835,0.2221759182446106
44,0.14624165,0.1810143646137546
45,0.15466054,0.2198175075700817
46,0.16154273,0.231477237544657
47,0.1530258,0.1508281889809794
48,0.15990606,0.2445875880381274
49,0.20665476,0.1124077732901581
50,0.17329036,0.167079706111735
51,0.18019287,0.2690731346284456
52,0.09842183,0.2911170415694511
53,0.1052248,0.2256987636961914
54,0.15153162,0.1628075183322545
55,0.1184677,0.1762420917189955
56,0.125302,0.1361199988433091
57,0.1498978,0.1447689203712568
58,0.1168447,0.2562833150268
59,0.12367652,0.2729124681621498
60,0.17015186,0.2185162609793036
61,0.13697268,0.2142306130617105
62,0.14383285,0.226694725930636
63,0.106988385,0.2207116037154327
64,0.113805145,0.2597761618313313
65,0.16019276,0.1887205899969987
66,0.12707348,0.1731406254502713
67,0.13392015,0.298973639378743
68,0.15855649,0.1256834288342204
69,0.12544742,0.1623671648504542
70,0.1322918,0.265405021067699
71,0.178839,0.1791614391175048
72,0.14561088,0.1742144205700555
73,0.15248212,0.2242741659974507
74,0.25243244,0.2573483416431502
75,0.32443807,0.1346499090338867
76,0.23534,0.1727490621308747
77,0.30732083,0.1663404089341408
78,0.62650365,0.4883347944648547
79,0.44651365,0.4027825460295597
80,0.5170199,0.305872210495507
81,0.15770955,0.2329758955208639
82,0.16459526,0.2070634295396289
83,0.21997324,0.1000140531062415
84,0.17798938,0.2857426857753112
85,0.18489656,0.1765244583055913
86,0.20972602,0.2242472417476692
87,0.17634849,0.1333668318130777
88,0.18325406,0.2365432266380829
89,0.41409728,0.2335645103350195
90,0.19668373,0.2982381380827091
91,0.20360765,0.140561415844045
92,0.1663797,0.1704920952131706
93,0.17327505,0.2101628528327682
94,0.31032026,0.1800706887035996
95,0.18668643,0.1347430787112104
96,0.19360176,0.218489443447891
97,0.2931993,0.1406306210033736
98,0.18504348,0.2230137652947475
99,0.19195738,0.2575298230414057
100,0.5032897,0.2239482373132292
101,0.20540163,0.1260976192860946
102,0.22965947,0.14816763476254
103,0.14391068,0.2383032730942691
104,0.15077977,0.1819043191781479
105,0.1974668,0.1935656414134944
106,0.16414395,0.1423299134868128
107,0.17103685,0.1666315792185262
108,0.19582161,0.2080026982082055
109,0.16250658,0.1519728025239466
110,0.1693977,0.2802366185107708
111,0.26983202,0.1901528986655488
112,0.18280151,0.1955810246234278
113,0.1897133,0.1731139884318446
114,0.14078794,0.125801333331809
115,0.10779695,0.220219641684516
116,0.11461496,0.1915323073791879
117,0.16101003,0.150626534405082
118,0.1278857,0.1936607439421286
119,0.13473348,0.2210889547592758
120,0.15937348,0.1793541441093316
121,0.12625933,0.1119817581024108
122,0.13310485,0.1776125542544692
123,0.17965859,0.0871441368274718
124,0.14642599,0.1829840820118313
125,0.15329829,0.1973777305423102
126,0.14943238,0.1542948965969223
127,0.11638233,0.2205649925442403
128,0.12321353,0.124922709079356
129,0.16968484,0.0789882984409659
130,0.13650836,0.0994822255203521
131,0.14336796,0.2047615682476395
132,0.16804603,0.190381363961048
133,0.1348792,0.2930336523876894
134,0.14173658,0.2159105035780188
135,0.18835765,0.2013419455708004
136,0.15507938,0.1600392273791261
137,0.16196206,0.1517378302461944
138,0.15014856,0.1493290768840534
139,0.15702534,0.1821283221699315
140,0.20375511,0.1329588395413677
141,0.17040344,0.0976503803078806
142,0.17730302,0.1352165994673775
143,0.20210871,0.0987995282462275
144,0.16876446,0.1293160767021111
145,0.17566231,0.1868757682849803
146,0.33522817,0.1670694986132725
147,0.18907818,0.0591728044421525
148,0.19599566,0.1283424066861138
149,0.14702214,0.0623417524820765
150,0.11398828,0.2309604617900005
151,0.12081589,0.2541784166760294
152,0.16726634,0.158883214270809
153,0.1341041,0.1784357394495407
154,0.14096047,0.2161009103784166
155,0.16562814,0.0989854333479374
156,0.13247569,0.2096722690582338
157,0.1393298,0.2160858415176568
158,0.18593259,0.2040947634957289
159,0.15266675,0.2332445487970463
160,0.1595466,0.1769262944033037
161,0.15567641,0.2173668746275791
162,0.12258567,0.1304478221668532
163,0.12942593,0.1524794337893904
164,0.17594972,0.164763492902071
165,0.14273755,0.1702802666302138
166,0.14960517,0.1060566935181852
167,0.17430933,0.1459805587264503
168,0.14110632,0.2047066820822334
169,0.1479719,0.1996462343968818
170,0.19463894,0.2245427471819689
171,0.1613296,0.1982682788695437
172,0.16821939,0.1466130830405816
173,0.26343757,0.1895701261144438
174,0.33544567,0.2463572045208167
175,0.2463344,0.1697714907796743
176,0.3183341,0.1890011804039321
177,0.62650365,0.5466616679404205
178,0.45736706,0.1722377471778648
179,0.5276938,0.2144746967040396
180,0.15876204,0.2742272242766688
181,0.16564897,0.1365514373677436
182,0.23071328,0.2007668329009239
183,0.17904526,0.2374121082981596
184,0.1859535,0.2738097851587007
185,0.21487316,0.1615455310452891
186,0.17740414,0.2819718438637557
187,0.18431073,0.0558346970020336
188,0.425011,0.1211178620407072
189,0.19774225,0.1716868749043203
190,0.20466702,0.2607720497035081
191,0.16743374,0.2518374431018101
192,0.17433017,0.2694213981049317
193,0.3213328,0.1204438475547308
194,0.18774357,0.2219904752107323
195,0.19465984,0.1515141025650966
196,0.30421433,0.1461492583294172
197,0.18610045,0.2195818893056066
198,0.19301528,0.1700923208235226
199,0.51400375,0.2129525601190069
200,0.2064612,0.1812367645594
201,0.24064937,0.1903253436291461
202,0.14496061,0.2568353441728763
203,0.15183106,0.191490743980377
204,0.1985254,0.139330364963414
205,0.16519761,0.1975799181424017
206,0.17209165,0.1342013291552607
207,0.19688001,0.1666979438527572
208,0.16355997,0.1860679613204085
209,0.1704522,0.2203286982075447
210,0.2808441,0.2058464887573895
211,0.18385813,0.1744219208149089
212,0.19077088,0.21487026650348
213,0.14183727,0.1566491191431198
214,0.108838916,0.2259714989499872
215,0.115658596,0.2624949178640767
216,0.1620631,0.1482431981795862
217,0.12893225,0.1878956172692468
218,0.13578153,0.1250770573322991
219,0.1604263,0.1677399374662373
220,0.12730558,0.141436494548984
221,0.13415256,0.1795060889283692
222,0.18071473,0.1622320889131766
223,0.14747643,0.1939895086102406
224,0.15435,0.1934052454078753
225,0.15048335,0.0867621605641052
226,0.117426366,0.1545542012304521
227,0.1242591,0.1810981663482953
228,0.17073938,0.2049270787878569
229,0.13755685,0.1940604547548759
230,0.1444178,0.1255846263570278
231,0.1691003,0.2178337981450002
232,0.13592729,0.1616870197347706
233,0.14278604,0.0849303601960546
234,0.18941507,0.1136851257516525
235,0.15613142,0.1575661177316342
236,0.16301534,0.1172084764125333
237,0.15119965,0.1037934784670378
238,0.15807778,0.1883343909785958
239,0.2048145,0.1021865450554389
240,0.17145815,0.2018952507960972
241,0.17835882,0.2114598182004674
242,0.20316789,0.1871506821829256
243,0.16981888,0.2244189334385237
244,0.17671782,0.1925986407279073
245,0.34623015,0.0888830541819025
246,0.19013569,0.1905933003976757
247,0.19705409,0.2027240534644633
248,0.14807267,0.0661943196611847
249,0.115031734,0.2036849104643726
250,0.12186091,0.1284922063524048
251,0.16832054,0.1467964700429044
252,0.13515204,0.2654058668675382
253,0.14200984,0.2231538950279772
254,0.166682,0.1423361349406638
255,0.13352329,0.2548093793825381
256,0.14037883,0.2146995318720408
257,0.18698964,0.1196571180356828
258,0.15371831,0.1828372171006872
259,0.16059941,0.2691919802912244
260,0.15672858,0.2082531894938804
261,0.12363109,0.1390920656837438
262,0.1304729,0.1944617453400745
263,0.17700529,0.2149463203709028
264,0.1437872,0.2380488161994152
265,0.15065622,0.1763308036338109
266,0.17536461,0.1889794529981292
267,0.14215575,0.1767680180061408
268,0.14902265,0.2325309985612695
269,0.19569719,0.1499090310484458
270,0.16238274,0.1574242220364583
271,0.16927372,0.1686072785217746
272,0.24660975,0.2132272197093496
273,0.31860983,0.1944417220222699
274,0.22952406,0.1668870363142639
275,0.30149058,0.1756924847393044
276,0.62650365,0.4637522806126997
277,0.4407599,0.1965606396472884
278,0.5113572,0.1775775018114677
279,0.15715244,0.2060998148916531
280,0.1640376,0.163302802823882
281,0.21507771,0.1328422661851369
282,0.17743054,0.1857615030620162
283,0.1843372,0.1717079120466302
284,0.20916495,0.1242582498609592
285,0.17578982,0.1866354640623355
286,0.18269484,0.2061995159602185
287,0.4083134,0.1479892379792687
288,0.1961235,0.1168178866144281
289,0.20304696,0.2355060631661008
290,0.16582188,0.1704279881265642
291,0.1727166,0.1596280630741935
292,0.3044902,0.1715624350419337
293,0.18612689,0.1774511200153563
294,0.19304174,0.3175150721559733
295,0.28736892,0.1529894681219726
296,0.18448412,0.1650852147254814
297,0.19139746,0.1804655619953872
298,0.49760652,0.1109229864313145
299,0.20484084,0.1619720276009986
300,0.22384614,0.1749729162686984
301,0.14335501,0.1385609311996019
302,0.15022342,0.2251774092693852
303,0.1969065,0.1528578724523556
304,0.1635863,0.1484369385666524
305,0.17047864,0.0603805135178244
306,0.19526142,0.0513583427914285
307,0.1619491,0.0834712975729925
308,0.1688396,0.1136819446360155
309,0.26400462,0.0701495203934017
310,0.18224229,0.1981333584686123
311,0.18915358,0.1690133578099557
312,0.14023258,0.1597159740335907
313,0.107245445,0.2670111597680396
314,0.11406262,0.2591941249557912
315,0.16045266,0.1037207640898528
316,0.12733175,0.1701775484971211
317,0.13417882,0.1200758542359546
318,0.15881622,0.1085713972176366
319,0.1257056,0.1575593450887605
320,0.13255031,0.186148987242054
321,0.17909963,0.1544186921755387
322,0.14587007,0.1944318789556845
323,0.15274164,0.1764334190220908
324,0.14887616,0.1321490611252243
325,0.115829825,0.2222485582595279
326,0.122660175,0.1738994810395841
327,0.16912672,0.1293248298789708
328,0.13595353,0.1532831014436081
329,0.14281236,0.1595987501494298
330,0.16748804,0.1125789189008479
331,0.13432449,0.1274966170646007
332,0.14118117,0.2569163706621726
333,0.18779802,0.1721142087451055
334,0.15452257,0.185286788536009
335,0.16140464,0.1722206580475561
336,0.14959225,0.0726135408147019
337,0.15646838,0.2201869671311294
338,0.20319441,0.1628559327097633
339,0.16984528,0.1524910394120166
340,0.17674424,0.1547001879856558
341,0.2015481,0.1117493930452367
342,0.16820638,0.1335388396854829
343,0.17510365,0.2543425864248238
344,0.32940227,0.0888567889748145
345,0.1885185,0.0994390096897747
346,0.19543548,0.1546258819153504
347,0.14646618,0.1687546758894618
348,0.11343609,0.1870657093845807
349,0.12026279,0.1108320862222842
350,0.16670844,0.1259183999766709
351,0.13354954,0.2022088847295013
352,0.14040512,0.118150611150498
353,0.16507038,0.1728642498512615
354,0.13192129,0.2060569941461012
355,0.13877468,0.2563056946634856
356,0.18537313,0.1324730473080702
357,0.15211017,0.1882896107021412
358,0.15898937,0.3211870775312822
359,0.1551196,0.0907172114364849
360,0.12203242,0.2233337285356734
361,0.12887186,0.202087899022834
362,0.17539108,0.1015524489159688
363,0.142182,0.2333708891546421
364,0.14904894,0.166081878008786
365,0.17375079,0.1651610982976346
366,0.14055099,0.213610739983161
367,0.14741582,0.1084161560498296
368,0.19407888,0.1372845136591377
369,0.16077223,0.1407720676866886
370,0.16766138,0.1026227393591037
371,0.20941785,0.1829719541503782
372,0.27134714,0.1726914086673369
373,0.62650365,0.5386004268732488
374,0.41092098,0.3554493067726314
375,0.4819454,0.3277365836484909
376,0.62650365,0.6974868784571338
377,0.39391652,0.1824378979670601
378,0.46515018,0.1569025593752139
379,0.62650365,0.6630226920819581
380,0.6001493,0.2226664997485414
381,0.62650365,0.2617045860324249
382,0.2062645,0.2148100983464605
383,0.1729018,0.2237407660185716
384,0.17980394,0.2571015406559685
385,0.37833995,0.1681087340110353
386,0.19322746,0.1387984073854687
387,0.20014851,0.2877222609988966
388,0.36127463,0.2294852915050338
389,0.19158313,0.2464956466279242
390,0.19850278,0.200698431535268
391,0.5690274,0.2024978621784647
392,0.22577375,0.2548236444496252
393,0.29772952,0.2265351802660633
394,0.2572344,0.1526711056565813
395,0.18159248,0.2682448314928704
396,0.18850316,0.1929393907770968
397,0.46809715,0.1775621349339859
398,0.20194177,0.1295748863440572
399,0.20886984,0.0549541609013534
400,0.45125282,0.1088498549601432
401,0.20029572,0.2471040804055609
402,0.20722255,0.1772913285579444
403,0.62650365,0.2330363531798419
404,0.3163808,0.1845710426265555
405,0.38825276,0.1749373290985501
406,0.1923657,0.1305665361346234
407,0.1590674,0.2460826096426765
408,0.1659547,0.2014713966553216
409,0.23390073,0.1024719860393027
410,0.1793516,0.0926209240910004
411,0.18626013,0.2565365026542442
412,0.21746401,0.1220569098930842
413,0.17771038,0.1629307950779494
414,0.18461731,0.1656653550793687
415,0.42817357,0.1174421987230064
416,0.19804934,0.1094567992218214
417,0.20497435,0.1991944847556369
418,0.1559361,0.1354879757649214
419,0.12284367,0.1681660519928919
420,0.12968436,0.1592968234481627
421,0.17621025,0.2074864180127837
422,0.14299661,0.2276767341706859
423,0.14986457,0.1778408679871785
424,0.17456976,0.1301243860377283
425,0.14136533,0.0765929671843274
426,0.14823122,0.2084862885236665
427,0.19490013,0.1667283529114065
428,0.16158949,0.1517101970004402
429,0.1684796,0.2534632378498239
430,0.16460375,0.2417862070111545
431,0.13145746,0.136736666397233
432,0.13831021,0.2598281870362074
433,0.1849051,0.1882826819552703
434,0.15164456,0.1424908720344726
435,0.15852325,0.2152324555918159
436,0.18326256,0.1985591057251354
437,0.15001068,0.1899885677038992
438,0.15688737,0.2392001626496932
439,0.2036162,0.1669105557939544
440,0.17026517,0.2098996421934036
441,0.17716458,0.2186532436559503
442,0.19865017,0.1426445175356031
443,0.1653218,0.2172289309179607
444,0.17221597,0.1562034677754808
445,0.29926285,0.1626995505636496
446,0.18562534,0.1682832020824359
447,0.19253969,0.1824066374320626
448,0.28214195,0.1278410171090696
449,0.18398261,0.2111626200311875
450,0.19089551,0.2649933680153425
451,0.49250424,0.1399036265237094
452,0.20433807,0.088094795978984
453,0.21902548,0.2095847338837316
454,0.1621872,0.1329919818390948
455,0.1290556,0.2021010418440942
456,0.13590506,0.1905180934653939
457,0.18248117,0.1095218628001923
458,0.14923337,0.1622254763478563
459,0.15610912,0.2182575665704899
460,0.18083921,0.0592719957602108
461,0.1476002,0.2250237211944373
462,0.15447395,0.198235122948195
463,0.20118651,0.2101648486933284
464,0.16784644,0.1372824496804697
465,0.17474334,0.2880440832965162
466,0.17086369,0.1545355981751962
467,0.13768041,0.134146642802971
468,0.14454153,0.1642337735716198
469,0.19118355,0.17456267666708
470,0.15789108,0.257254815481062
471,0.16477706,0.1917712617279953
472,0.18953967,0.1183617653641871
473,0.1562554,0.2840108095626293
474,0.16313949,0.253876952042594
475,0.21002457,0.2309467643738122
476,0.17653057,0.2135230066984951
477,0.18343633,0.2098862342791737
478,0.21270356,0.1597203886546307
479,0.2823597,0.1759389286740708
480,0.62650365,0.7653458462997523
481,0.42183992,0.2235845291910881
482,0.4927169,0.2064489258709312
483,0.62650365,0.4138588148924898
484,0.4048608,0.2217048412255629
485,0.47596264,0.1804953892118652
486,0.62650365,0.5176847232553768
487,0.61185753,0.0909873650139928
488,0.62650365,0.2569835203575966
489,0.2073242,0.1563785784276989
490,0.1739569,0.1543105200526102
491,0.18086007,0.1635045050824549
492,0.389304,0.2064015412121529
493,0.19428554,0.1878985923276075
494,0.20120744,0.2457397768823392
495,0.3722567,0.1210893080651952
496,0.19264096,0.1197302995895576
497,0.19956152,0.143534681563178
498,0.57952666,0.224613537222607
499,0.23676041,0.2282712281452005
500,0.30874437,0.2338886736249457
501,0.2682419,0.2146328152942526
502,0.18264891,0.2650069076245809
503,0.18956056,0.1721632231296143
504,0.47890264,0.2121283111461511
505,0.20300093,0.1369567753038508
506,0.21012321,0.2425204640164182
507,0.46209627,0.193849395338887
508,0.20135471,0.136965189025473
509,0.20828232,0.2462602298795182
510,0.62650365,0.163117885434736
511,0.3273916,0.1373657388262487
512,0.3992046,0.1782129302275973
513,0.19342363,0.1176068032923892
514,0.16012019,0.2358519277498885
515,0.16700862,0.2289783826583004
516,0.24489398,0.1056259446895927
517,0.18040767,0.1196871410917209
518,0.18731718,0.1922816724131235
519,0.22781038,0.1370796399349932
520,0.1787662,0.1464644998501668
521,0.18567415,0.2155780482708231
522,0.4390629,0.0869093921777299
523,0.19910802,0.1472258247208894
524,0.20603389,0.1077312784286027
525,0.1569883,0.1800139378049909
526,0.12388919,0.1622614534941721
527,0.13073136,0.2037503362040169
528,0.17726587,0.0784068019690815
529,0.14404637,0.1977576275004345
530,0.15091565,0.1065024095980266
531,0.17562513,0.1712715888862114
532,0.14241475,0.2237627925763982
533,0.14928198,0.2470541532384068
534,0.19595839,0.210961835096467
535,0.16264272,0.1899008054690376
536,0.16953398,0.2296276021530167
537,0.16565746,0.1951497484471503
538,0.13250484,0.1772038921546986
539,0.139359,0.1646508045485916
540,0.185962,0.1346606972392186
541,0.152696,0.1531757779587734
542,0.1595759,0.1129188498297905
543,0.18431929,0.1905009549494569
544,0.1510618,0.1775403053510212
545,0.15793973,0.0859386711081519
546,0.20467556,0.0941631674385199
547,0.17131981,0.2669761652254296
548,0.17822033,0.2069055890983562
549,0.19970891,0.0859776976750961
550,0.16637564,0.1539371840035745
551,0.17327097,0.1807923648619929
552,0.3102775,0.1113665851733034
553,0.18668231,0.1232464467605325
554,0.19359766,0.1929101800294948
555,0.29315656,0.194046811265523
556,0.18503943,0.1083486867669496
557,0.19195324,0.210980555087808
558,0.5032481,0.1032997158474701
559,0.20539752,0.1527923030970339
560,0.22961684,0.2219199320982352
561,0.16324052,0.1762982550989239
562,0.13010252,0.1821222017579405
563,0.13695343,0.2237517971784882
564,0.18353772,0.1359108893081576
565,0.15028435,0.2313049447115006
566,0.15716137,0.1894844829203875
567,0.18189552,0.1256947591461607
568,0.14865085,0.1696838176660037
569,0.15552594,0.2301223621352137
570,0.2022456,0.1742623842327506
571,0.1689007,0.2428759763948822
572,0.1757987,0.1833137089416586
573,0.17191844,0.2111497911208743
574,0.13872907,0.2066682593664212
575,0.14559157,0.1304766412353349
576,0.19224131,0.1139813833233931
577,0.15894364,0.2500650281001897
578,0.16583078,0.1794293442298025
579,0.19059724,0.1838879536733108
580,0.15730768,0.2066474969671462
581,0.16419296,0.193671164877329
582,0.21634778,0.1365656479403445
583,0.17758626,0.0905212742404403
584,0.18449306,0.2233747066864077
585,0.16300611,0.1028051817903309
586,0.16989775,0.1080482524198954
587,0.16136903,0.1899577266629159
588,0.16825889,0.1350497277003047
589,0.25794217,0.2066234240278294
590,0.18166044,0.1071470583677057
591,0.18857116,0.2366704389074592
592,0.10667175,0.107645210631674
593,0.113488,0.1949480234825415
594,0.15987273,0.1561239495346225
595,0.12675546,0.2057184726943405
596,0.13360164,0.3212315660351748
597,0.15823653,0.1730321371457923
598,0.1251295,0.2349011522299421
599,0.13197343,0.1891489058738388
600,0.17851806,0.1096148917000931
601,0.14529166,0.2152731618377696
602,0.15216252,0.2126761561374522
603,0.11525495,0.1614073761695364
604,0.12208444,0.1293922270701867
605,0.16854598,0.1450850366420414
606,0.1353762,0.1733991138018086
607,0.14223425,0.200670892519563
608,0.16690746,0.1700407264656788
609,0.13374735,0.2133375733146822
610,0.14060321,0.2272702915859297
611,0.18721572,0.1078104390493946
612,0.15394329,0.2593620701507136
613,0.16082463,0.1978547156719127
614,0.093020946,0.2255799413070995
615,0.09981492,0.2210948447050018
616,0.14606859,0.1177439857821523
617,0.11304118,0.1213028424391029
618,0.11986728,0.1563054093621438
619,0.14443636,0.2413042691274599
620,0.11142008,0.1302445179974438
621,0.11824374,0.1626534822873057
622,0.16467153,0.1741520215450036
623,0.13152482,0.1640726986555258
624,0.13837767,0.1453454618184455
625,0.089933336,0.1747722908438805
626,0.057350233,0.2008386958017607
627,0.064078495,0.1407182861699316
628,0.10993853,0.1579338448221389
629,0.07718256,0.145698396494178
630,0.08394869,0.109408388817869
631,0.10831861,0.2052709628376587
632,0.07557604,0.1769481671277367
633,0.08233923,0.253839455862473
634,0.12840971,0.1296185948956147
635,0.09550843,0.1056054507891929
636,0.10230653,0.2438628210205901
637,0.09848195,0.1679094862749488
638,0.06582312,0.1654129780574079
639,0.072567835,0.2113939343665478
640,0.11852813,0.1678113666817874
641,0.085702896,0.1811673936460089
642,0.092484295,0.2014938739279619
643,0.11690506,0.1512458965978226
644,0.08409269,0.1360706824685221
645,0.09087123,0.1656741758066853
646,0.13703337,0.0690355599989703
647,0.10406892,0.1239285349452427
648,0.110881045,0.187395448141635
649,0.09919043,0.1425106563712489
650,0.10599464,0.1508958001765841
651,0.1523089,0.1372534211488063
652,0.1192399,0.2319904756989121
653,0.12607534,0.1950366354907987
654,0.15067483,0.1378279133762503
655,0.11761658,0.2083077180392202
656,0.12444955,0.2347689610945323
657,0.17093152,0.2002587081459653
658,0.13774785,0.1187266343324162
659,0.14460905,0.2193633976363995
660,0.09609802,0.1281906866568321
661,0.06345993,0.2765247884513541
662,0.070200175,0.1493927724237582
663,0.116132945,0.1840114086613879
664,0.08332671,0.2292340463789653
665,0.090103894,0.1927754208414188
666,0.1145107,0.1613442511189849
667,0.08171752,0.2082297205351199
668,0.08849183,0.2133389475975082
669,0.13462882,0.1535204419609102
670,0.10168171,0.1337781596014692
671,0.108489946,0.1612280245974532
672,0.104659736,0.2209639841432988
673,0.07194784,0.1117198524924626
674,0.07870425,0.1199518372734877
675,0.12473434,0.1054621433462316
676,0.091860965,0.1341955260601222
677,0.098652944,0.1691574310139794
678,0.12310912,0.167758109674461
679,0.09024815,0.2193865180575081
680,0.097037405,0.2522375734085716
681,0.14326312,0.1004236734007293
682,0.11025491,0.2050925870574707
683,0.11707674,0.2091642243420519
684,0.15848763,0.1973217488106695
685,0.16537425,0.1205560085605252
686,0.22784944,0.1333099372987916
687,0.17876995,0.2356349710087119
688,0.18567792,0.1846151031216704
689,0.21285345,0.1923776065503244
690,0.17712888,0.1236971099179571
691,0.18403526,0.1226402722334731
692,0.42216748,0.1455813020344221
693,0.19746628,0.1655631126377292
694,0.20439084,0.1688036340765316
695,0.15535662,0.1625115882950825
696,0.1222679,0.2081074967818423
697,0.12910773,0.1569441863509256
698,0.1756289,0.0636238119048239
699,0.1424185,0.0869498645515134
700,0.14928573,0.1463362215324025
701,0.17398855,0.1817811355272004
702,0.14078742,0.2293691313986572
703,0.14765255,0.1839902721801707
704,0.19431728,0.2301180865886438
705,0.16100949,0.195544497991042
706,0.16789895,0.2524981399300495
707,0.16402344,0.1614696185229401
708,0.13088064,0.1634869822668595
709,0.13773263,0.2013266428378702
710,0.18432301,0.1405033553748128
711,0.15106554,0.1825881801366151
712,0.1579435,0.1287912965021305
713,0.18268067,0.1888304304459187
714,0.14943184,0.2142300630079895
715,0.15630782,0.1969418444730835
716,0.20303275,0.1269177062425603
717,0.16968432,0.2531632899795901
718,0.17658314,0.2395100540607215
719,0.14156365,0.1680613765995001
720,0.10856721,0.2623361158221815
721,0.11538647,0.274217714421161
722,0.16178857,0.1298121910993526
723,0.12865935,0.1864819008705854
724,0.13550828,0.1243502796952782
725,0.16015178,0.1729562524383373
726,0.12703279,0.1655188046468225
727,0.1338794,0.2691861261075049
728,0.1804394,0.1754941889537753
729,0.14720257,0.1891384378236138
730,0.1540758,0.247915711634238
731,0.10546781,0.1748083508672275
732,0.07274908,0.1724275128733375
733,0.07950698,0.1239065169021795
734,0.12554613,0.131622282226429
735,0.09266651,0.2365722449520301
736,0.09945987,0.2150866306171183
737,0.123920605,0.2357651651482597
738,0.09105337,0.2161140900969853
739,0.09784396,0.1501098420951076
740,0.14407788,0.1022991743732248
741,0.11106406,0.2156353463848982
742,0.11788717,0.1547386911784712
743,0.114048615,0.1411822970705908
744,0.08125916,0.1814164357189391
745,0.08803259,0.1828980363532877
746,0.13416474,0.1268892816914532
747,0.10122101,0.1344617282197234
748,0.10802859,0.1648563015534231
749,0.13253629,0.1270032518006621
750,0.09960441,0.1229991212639203
751,0.10640931,0.1492269587579608
752,0.15272757,0.0952555860489923
753,0.11965583,0.3082508976601415
754,0.12649187,0.2247952774696723
755,0.14779879,0.0872793416215034
756,0.11475971,0.2578744399285179
757,0.12158844,0.0632981676137027
758,0.16804567,0.1580496490114018
759,0.13487883,0.1691827402969538
760,0.14173624,0.1635382939345558
761,0.16640727,0.1544109187641304
762,0.13325016,0.0795314449857776
763,0.14010537,0.1082374816852688
764,0.18671404,0.1371375312442576
765,0.15344419,0.1276925849137938
766,0.16032495,0.2345907442565959
767,0.111655876,0.2208359010974437
768,0.07888581,0.1438952216256527
769,0.08565502,0.1078372384159784
770,0.1317616,0.1447556169047922
771,0.09883545,0.215033546743316
772,0.105639085,0.2348403789570645
773,0.13013397,0.1617164081571039
774,0.097219795,0.2354778213985831
775,0.10402079,0.2862143213628432
776,0.15031596,0.1109035069230709
777,0.1172601,0.1914317378047473
778,0.12409255,0.1481292831325145
779,0.120248765,0.1654832021500999
780,0.08741005,0.1423598769395065
781,0.09419438,0.2313176396562017
782,0.14039107,0.1490518986266727
783,0.10740282,0.1372704308079891
784,0.11422025,0.2268119583295604
785,0.13876058,0.2123200619168169
786,0.105783835,0.2359667175469953
787,0.1125987,0.1658535341905792
788,0.15897527,0.0808791401790019
789,0.12586361,0.1446090358190975
790,0.13270855,0.1910725652132877
791,0.15954028,0.168913248600394
792,0.16642813,0.1891822530935404
793,0.23883784,0.2106728360767694
794,0.17982596,0.1667198353096699
795,0.18673494,0.2610938930042109
796,0.22176212,0.1795110893651368
797,0.17818464,0.1971512605397204
798,0.185092,0.197764620391857
799,0.43306756,0.1333291238991714
800,0.19852489,0.1563975697561695
801,0.2054503,0.2066584554677478
802,0.15640871,0.0960812865051964
803,0.12331329,0.1128467382978599
804,0.13015465,0.2440241525148904
805,0.1766844,0.1963020303861096
806,0.14346814,0.2745309947080552
807,0.15033671,0.1317409445379675
808,0.17504385,0.149835889230134
809,0.14183673,0.2609267181115582
810,0.1487032,0.1476636408031721
811,0.19537547,0.2267990380274525
812,0.16206259,0.1547483179700642
813,0.1689532,0.1272345298063649
814,0.16507706,0.1036558708067516
815,0.13192791,0.1589472878660123
816,0.13878135,0.2295034075158184
817,0.18537985,0.1530342472631254
818,0.15211685,0.1725835351287812
819,0.15899605,0.2944587428074104
820,0.18373722,0.1535214478383029
821,0.15048285,0.2183707845422579
822,0.15736005,0.2106640749527972
823,0.20409206,0.1929445439119562
824,0.17073888,0.150678082783203
825,0.1776388,0.2322465816196271
826,0.14261314,0.1149662650122929
827,0.109609425,0.1935155553040887
828,0.11643028,0.2159379513722243
829,0.16284178,0.1666036706620862
830,0.12970613,0.1996328117237285
831,0.1365565,0.1865098945746603
832,0.16120474,0.1908085042328768
833,0.12807922,0.1681657857646203
834,0.13492726,0.1320213084521923
835,0.18149565,0.2008094691599337
836,0.14825313,0.2706698242119246
837,0.15512767,0.2940625786774789
838,0.10650927,0.0986210599389429
839,0.07378182,0.2155392646584636
840,0.080541626,0.1704267739212916
841,0.12659222,0.0712081019014469
842,0.09370467,0.2242068846070181
843,0.100499704,0.1911190081392249
844,0.12496631,0.1472452366786761
845,0.09209105,0.174921841311427
846,0.09888348,0.2095170290257286
847,0.14512786,0.1627721133780447
848,0.112106845,0.162050260112571
849,0.11893158,0.16208354886423
850,0.11509213,0.2079210824972761
851,0.08229421,0.154181186471825
852,0.08906962,0.2470073515571016
853,0.1352127,0.0944335656735652
854,0.102261364,0.1515220394599638
855,0.1090706,0.1906092547938376
856,0.13358384,0.1220862585798545
857,0.100644335,0.1695888712413667
858,0.10745096,0.1260823591269818
859,0.1537792,0.0771875922861996
860,0.12070064,0.2689761344428567
861,0.12753823,0.109141461200419
862,0.14884946,0.1333529300425658
863,0.115803316,0.2733414595435596
864,0.12263362,0.2583154972974328
865,0.16909994,0.1724512037835994
866,0.13592696,0.1942314385850596
867,0.14278577,0.1625549329824139
868,0.16746128,0.0873609505206219
869,0.13429794,0.0505608613967061
870,0.14115453,0.1732673149131699
871,0.18777122,0.1200802035771413
872,0.15449592,0.1890037302917696
873,0.16137794,0.3071194973271459
874,0.11269882,0.1105377739901738
875,0.0799202,0.1565291654257865
876,0.08669129,0.1677995453518197
877,0.13280906,0.1417461089463737
878,0.09987518,0.2518741275411458
879,0.10668054,0.2788808218039187
880,0.13118105,0.2439514841174281
881,0.09825921,0.2131058576501364
882,0.105061874,0.1479712877225465
883,0.1513671,0.1243880682156121
884,0.11830424,0.1638019183914255
885,0.12513831,0.2175252838550524
886,0.12129372,0.133150380281201
887,0.08844675,0.1322691436993116
888,0.095232934,0.2161062854647775
889,0.14144027,0.1692932460327273
890,0.10844466,0.1548028703567418
891,0.115263715,0.1415646729601902
892,0.13980952,0.1824846252860976
893,0.10682534,0.1838739457520808
894,0.11364189,0.1555577086806437
895,0.16002798,0.1078242306956322
896,0.12690976,0.1828920499069088
897,0.1337562,0.0963201579769726
898,0.15793054,0.188764108953156
899,0.16481648,0.2907700694987597
900,0.22203708,0.2368904848048272
901,0.17821106,0.2036600445167502
902,0.1851185,0.158284610503787
903,0.21021155,0.1475785294980079
904,0.17657013,0.1523282995758363
905,0.18347594,0.325616877556374
906,0.41639048,0.1863784794180291
907,0.19690597,0.2522607914656348
908,0.2038301,0.2067296525140803
909,0.1547998,0.1700094193833075
910,0.12171471,0.1994134566575043
911,0.1285537,0.1476450598863013
912,0.17507027,0.1906858127352586
913,0.14186297,0.1922491062810586
914,0.14872952,0.3260348110982748
915,0.17343007,0.1779557060346116
916,0.1402321,0.1368232456476216
917,0.14709648,0.1784432477679793
918,0.19375725,0.133417532120756
919,0.16045214,0.2160269221926146
920,0.16734095,0.2718181706272023
921,0.16346583,0.2477625543128805
922,0.1303264,0.2759832563056986
923,0.13717762,0.172317753598496
924,0.18376368,0.1265918638412754
925,0.15050916,0.1669411107388847
926,0.15738642,0.1639338222954806
927,0.18212146,0.1012300686175157
928,0.1488756,0.2373339251722153
929,0.15575089,0.2250038397893574
930,0.20247209,0.1649084925123616
931,0.16912621,0.1460965706759422
932,0.17602444,0.2795336140933922
933,0.14100823,0.2010771489148246
934,0.108015686,0.1958094473451096
935,0.114834055,0.1095584819596746
936,0.16123113,0.1925549719119126
937,0.12810539,0.138205889403733
938,0.13495356,0.1511056811493071
939,0.1595945,0.1849523081909968
940,0.12647898,0.2549873152332796
941,0.13332483,0.2217069159895981
942,0.17988035,0.1511258849800976
943,0.14664659,0.1649548849173688
944,0.15351914,0.1290427726621148
945,0.10491671,0.1704397089823228
946,0.07220259,0.1744325705134215
947,0.078959525,0.0972175101678792
948,0.124992505,0.1676451426043902
949,0.09211707,0.1306518727971945
950,0.09890951,0.1671272519833685
951,0.123367175,0.0703712726493716
952,0.090504184,0.1188960446343084
953,0.09729388,0.199457237868377
954,0.14352228,0.1472496898999772
955,0.11051218,0.1340181135835094
956,0.11733447,0.1698629535307453
957,0.11349645,0.1801183628643363
958,0.080711365,0.1746516184805094
959,0.08748391,0.1649541384564369
960,0.13361017,0.1645882272811575
961,0.10067046,0.1431542657721322
962,0.10747704,0.1293698173480034
963,0.1319819,0.1586341733331805
964,0.09905405,0.1893530955786503
965,0.10585806,0.1092333451484569
966,0.152171,0.2680796552990324
967,0.119102955,0.2402367130587046
968,0.12593815,0.1377986532430201
969,0.14724272,0.109916219529662
970,0.11420739,0.1545607451100136
971,0.12103526,0.1944355136243896
972,0.1674877,0.1050307627221888
973,0.13432416,0.1604493364210378
974,0.14118083,0.2592110471967356
975,0.16584945,0.167781440694053
976,0.13269563,0.1805545844152442
977,0.13955012,0.2336380239646701
978,0.18615454,0.1324338935873246
979,0.15288754,0.1318876192860605
980,0.15976764,0.1376977288867678
981,0.11110391,0.1737652281961097
982,0.07833843,0.2418137721388008
983,0.085106626,0.2602348805226609
984,0.13120724,0.2551481619537123
985,0.09828515,0.2192627247494953
986,0.105087906,0.1274025357399335
987,0.12957977,0.1557809237729797
988,0.09666979,0.1622803403748773
989,0.103469804,0.14628429963999
990,0.14975964,0.1703324547508978
991,0.116707414,0.2271777258891623
992,0.123539075,0.1610025928283573
993,0.11969574,0.1375061319494955
994,0.08686133,0.132903317039304
995,0.09364474,0.1709513287638654
996,0.13983577,0.1599589882216264
997,0.10685143,0.263764714892108
998,0.11366795,0.144256443436857
999,0.1382055,0.1773130054428173
1000,0.1052327,0.2346226178545641
1001,0.11204663,0.1926311245505917
1002,0.15841806,0.0769889865632797
1003,0.12530994,0.1471592250791863
1004,0.13215412,0.3044601686669971
1005,0.20704791,0.3561706548288052
1006,0.17368181,0.2227417816107418
1007,0.18058473,0.1679012190072585
1008,0.38644686,0.1603129736191726
1009,0.19400966,0.2138153037699148
1010,0.20093136,0.2430367811091484
1011,0.36939466,0.1409617817259295
1012,0.1923652,0.1174968873458997
1013,0.19928549,0.1997628026442545
1014,0.5767933,0.2414072171591666
1015,0.23389526,0.1784416333688231
1016,0.3058729,0.2129666072081489
1017,0.17054313,0.1148475073354034
1018,0.13736168,0.1953179462467227
1019,0.14422236,0.1839573717017264
1020,0.19086203,0.1275160602431868
1021,0.15757118,0.2195257208168201
1022,0.16445675,0.1852261077902278
1023,0.18921822,0.1099186797286574
1024,0.1559356,0.2321044775965713
1025,0.16281931,0.1192131752972492
1026,0.20958668,0.1441565436904769
1027,0.17620972,0.233560821739479
1028,0.18311518,0.185555056377231
1029,0.17923078,0.2113470708112946
1030,0.1460005,0.1284936249120009
1031,0.15287225,0.2316800200428904
1032,0.19957384,0.1631301750766953
1033,0.16624118,0.1601693528329152
1034,0.17313635,0.1779502083356567
1035,0.19792822,0.1630191737816872
1036,0.16460322,0.1589052396933337
1037,0.17149664,0.162432301655791
1038,0.29175127,0.1211614593326886
1039,0.18490458,0.1123029400898164
1040,0.1918183,0.1637129595484692
1041,0.15671399,0.1962908470957522
1042,0.12361659,0.1300288180353571
1043,0.13045837,0.1838292375672904
1044,0.17699061,0.1639431698028313
1045,0.14377266,0.1973309521346919
1046,0.1506416,0.1406265884113885
1047,0.17534998,0.2167707304919017
1048,0.14214115,0.1664490612897296
1049,0.14900802,0.3031233019823185
1050,0.1956825,0.0732619014536082
1051,0.16236812,0.2031794025800576
1052,0.16925907,0.2019510605295156
1053,0.120506674,0.101130974935412
1054,0.0876659,0.1632664765722634
1055,0.0944507,0.1985445721591731
1056,0.14064999,0.2288703865071506
1057,0.10765992,0.2075358524589576
1058,0.11447775,0.2318425095450243
1059,0.13901947,0.1499862627914836
1060,0.10604088,0.1567571703564068
1061,0.112856165,0.2152216605746731
1062,0.15923506,0.1867759695804602
1063,0.12612176,0.2324603725717411
1064,0.1329671,0.1734456782050382
1065,0.12911619,0.1466598069537137
1066,0.09620963,0.235950882925173
1067,0.10300897,0.2030827759087601
1068,0.1492942,0.1966405558114267
1069,0.116245136,0.2020386870958125
1070,0.12307607,0.1783385604539187
1071,0.14766102,0.1187643490581332
1072,0.11462289,0.1518375017969131
1073,0.12145139,0.1870402695418996
1074,0.16790743,0.2237267212000332
1075,0.13474143,0.1573672457804428
1076,0.14159863,0.0772935732766586
1077,0.16296592,0.1586758184737209
1078,0.12982957,0.0951766053735353
1079,0.13668008,0.1797478207930244
1080,0.18326226,0.0968901305679603
1081,0.15001035,0.1212379962710263
1082,0.15688701,0.1844272498420758
1083,0.18162015,0.1246935336525823
1084,0.14837697,0.1771712556339224
1085,0.15525165,0.266888267889654
1086,0.20196946,0.2391462386525606
1087,0.16862583,0.1552625994666713
1088,0.17552355,0.2008914703058233
1089,0.12671554,0.153939284879551
1090,0.09382704,0.1867032693945476
1091,0.100622326,0.1640866793295126
1092,0.1468841,0.0995438820580283
1093,0.113851145,0.1303829425073735
1094,0.120678484,0.1413888430942833
1095,0.1452516,0.1593803731457043
1096,0.11222972,0.1612634233075032
1097,0.11905463,0.1647527796266577
1098,0.16548963,0.1295825865284995
1099,0.13233799,0.1909745716386259
1100,0.13919197,0.2197469241543707
1101,0.13533618,0.0959246165600771
1102,0.102384,0.2229139620490202
1103,0.109193355,0.2290027899439966
1104,0.15553811,0.1772518813616842
1105,0.12244825,0.1402366145145085
1106,0.12928832,0.1741683324259301
1107,0.15390314,0.0
1108,0.120823786,0.1766351797487063
1109,0.12766151,0.1973655652158978
1110,0.1741706,0.0898274413586337
1111,0.14096841,0.1463819815743084
1112,0.14783378,0.121647117600374
1113,0.20810768,0.3532307363293738
1114,0.17473702,0.1845016824985316
1115,0.18164097,0.1839259261125359
1116,0.39740098,0.2000419058058331
1117,0.19506781,0.1602698945924618
1118,0.2019904,0.1537041354947183
1119,0.3803686,0.2488959482358328
1120,0.19342312,0.1469343944523923
1121,0.20034434,0.1879540467115633
1122,0.58726335,0.1821933664481719
1123,0.24488859,0.2294441498708406
1124,0.31688645,0.2610844421843966
1125,0.17159782,0.1185599084516244
1126,0.13841031,0.1431632159238538
1127,0.14527234,0.1672260783018989
1128,0.19191977,0.156408696849088
1129,0.15862365,0.1793313171637376
1130,0.16551046,0.128307630121449
1131,0.19027573,0.1672297986858897
1132,0.15698782,0.1822774872025176
1133,0.1638727,0.1721159463245068
1134,0.21379969,0.165216178599648
1135,0.17726535,0.1153206114358107
1136,0.18417183,0.1292975894476386
1137,0.18028684,0.1792184392148581
1138,0.14705086,0.2317507300447517
1139,0.15392388,0.1724935420258873
1140,0.2006327,0.2149468085506758
1141,0.16729516,0.2675756363630249
1142,0.17419147,0.2336271330145255
1143,0.19898689,0.2516839406487062
1144,0.16565695,0.2803391907575825
1145,0.17255151,0.1966454058207062
1146,0.3027663,0.150802228602424
1147,0.18596148,0.1781568196392025
1148,0.19287616,0.0863723149563284
1149,0.15776637,0.2146672223181823
1150,0.124662265,0.1938658924093082
1151,0.1315055,0.1726492208525372
1152,0.17804638,0.2146260131335322
1153,0.14482258,0.1571750556479813
1154,0.15169282,0.1298660106487199
1155,0.17640546,0.2637460545041113
1156,0.14319073,0.1947161125460865
1157,0.15005895,0.1937417051515716
1158,0.19674087,0.1467279358469382
1159,0.16342147,0.1763421697077578
1160,0.17031357,0.2479030496132891
1161,0.12155163,0.1402067345064969
1162,0.08870268,0.1835649052497498
1163,0.09548926,0.2161308017394463
1164,0.14169931,0.104465822356419
1165,0.108701885,0.2053106745592378
1166,0.11552134,0.2163651847955656
1167,0.14006843,0.1234300364142261
1168,0.10708246,0.3009928689911668
1169,0.11389935,0.2215967321118843
1170,0.16028789,0.1692102168710599
1171,0.12716801,0.2722365616957277
1172,0.13401482,0.2643490552949955
1173,0.13016301,0.1924966503232669
1174,0.09724872,0.1068990023043867
1175,0.10404977,0.1596451891018107
1176,0.15034519,0.189678956144764
1177,0.11728908,0.1267793577978511
1178,0.12412165,0.1729623563884522
1179,0.14871168,0.2185308615280719
1180,0.115666494,0.2354660000686153
1181,0.12249656,0.1113197868979036
1182,0.16896172,0.1170963591158581
1183,0.13578948,0.2456253787643526
1184,0.14264809,0.2645110770527888
1185,0.16401935,0.2219460184952901
1186,0.1308766,0.1810250722126589
1187,0.13772856,0.1622595274546724
1188,0.18431893,0.0738976222099508
1189,0.15106149,0.2185663408445494
1190,0.15793946,0.148951828585023
1191,0.18267652,0.0776885294454775
1192,0.14942777,0.2169486260394293
1193,0.15630375,0.1879860497339365
1194,0.20302863,0.1600822695085285
1195,0.16968024,0.1172664562753379
1196,0.17657903,0.2025444192022325
1197,0.12776192,0.0384371250626787
1198,0.094865486,0.2647668804155748
1199,0.10166259,0.2104184319734491
1200,0.14793457,0.1412637237537709
1201,0.11489457,0.1654346169096706
1202,0.12172349,0.2049554482768268
1203,0.1463018,0.1852348995673486
1204,0.1132728,0.1769771468414228
1205,0.12009928,0.2713382410923877
1206,0.16654353,0.1936558479531264
1207,0.13338554,0.1734441790390144
1208,0.14024094,0.1991439638256427
1209,0.1363844,0.151737663924481
1210,0.10342462,0.1675280629035577
1211,0.110235706,0.1663363377418945
1212,0.15659025,0.1083761281466999
1213,0.12349366,0.2545257792905391
1214,0.13033526,0.2165819553472474
1215,0.15495497,0.0816805485826422
1216,0.12186882,0.2986277884185768
1217,0.12870806,0.2754802154321898
1218,0.17522588,0.2289283879406894
1219,0.1420178,0.16923892751822
1220,0.14888449,0.1266059642896019
