mutation,linear
WT,7.0
K74D,7.0
Q62P,7.0
A79V,7.0
S77G,7.0
N59K,7.0
T76A,7.0
L104V,7.0
T28P,7.53471214
A58T,7.0
K74D:S77G,7.0
S30R:S77G,8.344885343
S30R:N59K,7.637373035
K74D:A79V,7.0
N59K:K74D,7.0
Q62P:K74D,7.0
N59K:S77G,7.0
S30R:K74D,8.158818178
Q62P:A79V,7.0
S75F:S77G,8.702893592
S77G:A79V,8.549745181
N59K:Q62P,7.0
S30R:A79V,8.523441062
S77G:L104V,7.0
T28P:K74D,7.834496233
A79V:L104V,7.0
K74D:L104V,7.0
A58T:K74D,7.0
T28P:Q62P,7.659886986
K74D:S75F,7.958844907
Q62P:S77G,7.0
Q62P:L104V,7.0
Q62P:T76A,7.0
S30R:T76A,7.0
K74D:T76A,7.0
A58T:S77G,7.0
N59K:A79V,7.0
S75F:T76A,8.663806036
T28P:A79V,8.229712078
T76A:S77G,7.0
A58T:Q62P,7.0
A58T:L104V,7.0
T76A:L104V,7.0
T76A:A79V,7.0
T28P:T76A,7.32189077
N59K:T76A,7.0
S30R:L104V,7.689834162
T28P:S77G,8.498484762
T28P:N59K,8.020037122
T28P:S30R,9.278592142
T28P:L104V,8.266553649
A58T:T76A,7.0
A58T:A79V,7.0
A58T:N59K,7.0
N59K:L104V,7.0
T28P:A58T,8.104111479
N59K:S75F,8.038194968
A58T:S75F,8.466689687
S30R:A58T,7.0
N59K:K74D:S77G,7.0
S30R:K74D:S77G,8.774891749
S30R:K74D:A79V,8.503507857
S30R:N59K:Q62P,7.765532942
K74D:S77G:A79V,7.758954659
T28P:K74D:S77G,8.769333816
S30R:N59K:S77G,8.5797522
S30R:S77G:L104V,8.289750319
S30R:Q62P:K74D,8.151058263
Q62P:S75F:T76A,8.68697943
Q62P:K74D:L104V,7.0
A58T:K74D:S77G,7.0
S30R:Q62P:A79V,8.529288334
S30R:K74D:L104V,8.426182221
K74D:S77G:L104V,7.0
S77G:A79V:L104V,8.543072712
S30R:S77G:A79V,9.203935605
T28P:K74D:A79V,8.184269718
S30R:A58T:K74D,8.111803496
S30R:T76A:A79V,7.382342443
S30R:N59K:K74D,8.501895894
N59K:Q62P:K74D,7.0
Q62P:K74D:S77G,7.0
A58T:Q62P:K74D,7.0
T28P:S75F:S77G,9.423951492
S30R:Q62P:L104V,7.898687874
K74D:A79V:L104V,7.0
S30R:K74D:T76A,8.073518515
S75F:T76A:S77G,8.508625031
A58T:N59K:Q62P,7.0
Q62P:K74D:A79V,7.0
T28P:S77G:A79V,9.17057433
T28P:S30R:K74D,9.457729308
T28P:Q62P:K74D,7.918855234
N59K:S77G:A79V,8.571805168
N59K:K74D:L104V,7.0
Q62P:T76A:S77G,7.0
N59K:K74D:S75F,8.261758469
S30R:K74D:S75F,9.356239207
S75F:S77G:L104V,8.693551396
K74D:T76A:S77G,7.0
A58T:S75F:S77G,8.768865548
A58T:K74D:L104V,7.0
S30R:S75F:S77G,9.085189238
S30R:T76A:S77G,7.447682532
A58T:Q62P:S77G,7.0
Q62P:A79V:L104V,7.0
S30R:Q62P:S77G,8.511840585
N59K:Q62P:A79V,7.0
S30R:A79V:L104V,8.441916352
T28P:K74D:S75F,9.132672735
A58T:Q62P:A79V,7.0
S30R:Q62P:T76A,7.0
T28P:S30R:S77G,9.481258096
N59K:Q62P:S77G,7.0
N59K:A79V:L104V,7.0
T76A:S77G:L104V,7.0
A58T:N59K:S77G,7.0
K74D:T76A:L104V,7.0
N59K:S75F:S77G,8.820917113
T28P:Q62P:A79V,8.358799854
S30R:A58T:S77G,8.330214156
N59K:K74D:A79V,7.0
T28P:K74D:T76A,7.763421419
Q62P:K74D:S75F,8.064084511
S75F:T76A:A79V,8.409736028
T28P:Q62P:L104V,8.245898138
T28P:K74D:L104V,8.313322796
A58T:S77G:A79V,8.483562773
A58T:K74D:T76A,7.0
K74D:S75F:A79V,7.808896117
Q62P:S77G:A79V,8.639242454
T28P:T76A:S77G,8.067471839
T76A:A79V:L104V,7.0
S30R:N59K:A79V,8.630410299
T28P:S77G:L104V,8.690252343
Q62P:S75F:S77G,8.734344921
A58T:S77G:L104V,7.0
K74D:T76A:A79V,7.0
Q62P:S77G:L104V,7.0
A58T:K74D:A79V,7.0
T28P:N59K:S77G,8.644411687
T28P:Q62P:S77G,8.467376589
N59K:K74D:T76A,7.0
K74D:S75F:L104V,8.256222189
S30R:S75F:T76A,8.837842583
T28P:S30R:Q62P,9.315684866
A58T:Q62P:L104V,7.0
Q62P:K74D:T76A,7.0
S30R:N59K:L104V,8.43618243
S75F:S77G:A79V,8.631634357
N59K:S75F:T76A,8.752154234
T28P:N59K:K74D,8.501225121
T28P:S30R:A79V,9.410028995
N59K:T76A:A79V,7.0
A58T:N59K:K74D,7.0
Q62P:T76A:A79V,7.0
T28P:S30R:T76A,9.236964693
T28P:A58T:K74D,7.915787654
K74D:S75F:T76A,8.405686105
T28P:T76A:L104V,7.977069151
N59K:T76A:L104V,7.0
A58T:N59K:T76A,7.0
T28P:S30R:L104V,9.35356578
A58T:N59K:A79V,7.0
S75F:T76A:L104V,8.939801935
N59K:Q62P:T76A,7.0
N59K:Q62P:L104V,7.0
T28P:N59K:A79V,8.577836405
A58T:T76A:A79V,7.0
T28P:A58T:S77G,8.437535588
S30R:A58T:A79V,8.398771647
A58T:A79V:L104V,7.0
Q62P:T76A:L104V,7.0
T28P:S30R:N59K,9.412325284
T28P:A58T:L104V,8.508603634
N59K:T76A:S77G,7.0
T28P:N59K:Q62P,8.156786412
A58T:Q62P:T76A,7.0
T28P:T76A:A79V,8.152172181
A58T:T76A:S77G,7.0
T28P:S75F:T76A,9.304807953
A58T:K74D:S75F,8.162385608
T28P:A58T:A79V,8.465247262
S30R:A58T:N59K,7.533963392
T28P:N59K:T76A,7.985359904
A58T:N59K:L104V,7.0
A58T:T76A:L104V,7.0
T28P:A58T:Q62P,8.097649184
A58T:S75F:T76A,8.971400138
T28P:A79V:L104V,8.572924997
T28P:S30R:A58T,9.262373975
T28P:A58T:T76A,7.67112076
T28P:A58T:N59K,8.255529325
T28P:N59K:L104V,8.729971361
T28P:Q62P:S75F,9.241646965
S30R:S75F:A79V,8.733708088
Q62P:S75F:A79V,8.264947138
N59K:S75F:L104V,8.525111425
K74D:S75F:S77G,8.933191448
T28P:A58T:S75F,9.23274835
T28P:N59K:S75F,9.439905385
S30R:T76A:L104V,7.607964439
S30R:A58T:L104V,7.906331746
S30R:N59K:T76A,7.211864974
T28P:Q62P:T76A,7.293040312
N59K:Q62P:S75F,8.651299655
T76A:S77G:A79V,7.0
Q62P:S75F:L104V,7.0
S30R:K74D:S77G:A79V,9.322948508
S30R:Q62P:K74D:A79V,8.612017644
S30R:K74D:S77G:L104V,8.763419368
S30R:Q62P:S75F:T76A,8.623674426
S30R:N59K:K74D:S77G,9.071418298
S30R:A58T:K74D:S77G,8.784043828
T28P:K74D:S77G:A79V,8.980388559
S30R:S77G:A79V:L104V,9.146978281
Q62P:K74D:A79V:L104V,7.0
S30R:N59K:K74D:L104V,8.57189324
A58T:K74D:S77G:A79V,7.610786463
S30R:Q62P:K74D:S77G,8.794981913
K74D:S77G:A79V:L104V,8.037178309
S30R:N59K:Q62P:L104V,8.46617675
K74D:S75F:T76A:S77G,8.757762403
N59K:K74D:S77G:L104V,7.0
S30R:S75F:T76A:S77G,8.872782424
S30R:N59K:Q62P:K74D,8.338372288
A58T:Q62P:K74D:A79V,7.0
S30R:K74D:A79V:L104V,8.724927652
S30R:K74D:T76A:S77G,8.541073363
A58T:S75F:T76A:S77G,8.665000543
S30R:N59K:K74D:A79V,8.830764745
S30R:A58T:N59K:S77G,8.46008573
T28P:S30R:K74D:S77G,9.331244635
N59K:Q62P:K74D:A79V,7.0
S30R:N59K:S75F:S77G,9.200772166
S30R:Q62P:A79V:L104V,8.515700698
N59K:K74D:A79V:L104V,7.0
S30R:N59K:S77G:A79V,9.377569901
A58T:Q62P:K74D:L104V,7.0
S30R:N59K:Q62P:A79V,8.683111924
S30R:N59K:S77G:L104V,8.550585631
S30R:A58T:Q62P:K74D,8.201212125
S75F:T76A:S77G:L104V,8.543783939
S30R:Q62P:K74D:T76A,8.169565437
S30R:T76A:A79V:L104V,7.704049512
N59K:K74D:S77G:A79V,8.258429094
S30R:A58T:Q62P:A79V,8.511618142
T28P:Q62P:K74D:L104V,8.180985996
N59K:Q62P:K74D:T76A,7.0
S30R:K74D:S75F:A79V,9.363190064
S30R:T76A:S77G:L104V,7.694026791
S30R:N59K:Q62P:S77G,8.54441922
N59K:K74D:T76A:S77G,7.0
N59K:Q62P:K74D:L104V,7.0
S30R:T76A:S77G:A79V,8.179418385
T28P:Q62P:K74D:A79V,8.250022056
T28P:N59K:K74D:S77G,9.037161473
T28P:K74D:S77G:L104V,8.952802483
S30R:Q62P:K74D:L104V,8.399659725
N59K:K74D:S75F:T76A,8.693713443
N59K:S75F:T76A:S77G,8.695787018
A58T:K74D:T76A:S77G,7.0
A58T:K74D:S77G:L104V,7.0
Q62P:S75F:T76A:S77G,8.531478451
S30R:Q62P:K74D:S75F,9.330347553
N59K:S75F:S77G:A79V,8.705210323
S30R:N59K:K74D:S75F,9.424901194
S75F:T76A:S77G:A79V,8.461481539
T28P:Q62P:S75F:T76A,9.34842471
S30R:Q62P:S75F:S77G,9.022819126
T28P:N59K:K74D:L104V,8.462414094
T28P:S77G:A79V:L104V,9.256603522
T28P:Q62P:A79V:L104V,8.436078807
S30R:S75F:S77G:L104V,9.064343848
S30R:K74D:S75F:L104V,9.432189222
S30R:N59K:K74D:T76A,8.416895569
A58T:S77G:A79V:L104V,8.47738849
A58T:Q62P:A79V:L104V,7.0
S30R:A58T:K74D:L104V,8.365582707
T28P:S30R:S77G:A79V,9.436586808
N59K:Q62P:T76A:S77G,7.0
S75F:S77G:A79V:L104V,8.633488528
A58T:K74D:A79V:L104V,7.0
A58T:Q62P:K74D:S77G,7.0
Q62P:S75F:S77G:L104V,8.646355668
S30R:A58T:S75F:S77G,8.953141189
S30R:N59K:T76A:A79V,7.700227522
A58T:K74D:S75F:T76A,8.563999325
K74D:S75F:T76A:A79V,8.291897233
N59K:Q62P:A79V:L104V,7.0
N59K:Q62P:S75F:S77G,8.87505617
N59K:Q62P:K74D:S75F,8.194353324
N59K:S75F:S77G:L104V,8.840478686
S30R:K74D:S75F:T76A,9.36219281
A58T:N59K:K74D:S77G,7.0
N59K:S77G:A79V:L104V,8.738611121
S30R:N59K:S75F:T76A,8.945734244
T28P:S30R:Q62P:S77G,9.43774547
S30R:Q62P:T76A:S77G,7.700129113
T28P:S30R:N59K:K74D,9.366435839
S30R:A58T:Q62P:S77G,8.329108909
N59K:K74D:T76A:A79V,7.0
S30R:A58T:K74D:A79V,8.564331643
Q62P:S75F:T76A:L104V,8.925035609
T28P:Q62P:K74D:S75F,9.108336268
T28P:S30R:Q62P:L104V,9.378142036
Q62P:K74D:S77G:L104V,7.0
Q62P:K74D:S77G:A79V,8.218673983
S30R:S75F:S77G:A79V,9.337311096
S30R:Q62P:S77G:A79V,9.250878538
T28P:S30R:K74D:L104V,9.403007669
S30R:K74D:T76A:L104V,8.420931581
T28P:S30R:N59K:S77G,9.486519923
T28P:S30R:Q62P:K74D,9.335690191
N59K:Q62P:S75F:T76A,8.785870511
S30R:A58T:Q62P:L104V,7.562001546
T28P:Q62P:K74D:S77G,8.79841007
A58T:Q62P:S77G:L104V,7.0
A58T:N59K:K74D:L104V,7.0
Q62P:T76A:S77G:L104V,7.0
S30R:A58T:N59K:K74D,8.336242931
Q62P:K74D:S75F:A79V,7.993378635
T28P:A58T:N59K:K74D,8.259318219
T28P:Q62P:S77G:L104V,8.578543563
Q62P:S77G:A79V:L104V,8.639133961
S30R:S75F:T76A:A79V,8.818919398
A58T:Q62P:K74D:S75F,8.136909178
S30R:A58T:S77G:A79V,9.253228562
K74D:S75F:A79V:L104V,8.24143865
T28P:T76A:S77G:A79V,8.865202695
A58T:S75F:S77G:A79V,8.785223268
T28P:A58T:N59K:Q62P,8.24157505
K74D:T76A:S77G:L104V,7.0
Q62P:K74D:T76A:L104V,7.0
N59K:K74D:S75F:L104V,8.440994664
T28P:S75F:S77G:A79V,9.429225514
T28P:K74D:A79V:L104V,8.463137001
T28P:A58T:Q62P:K74D,8.104579535
A58T:N59K:Q62P:A79V,7.0
N59K:S75F:T76A:L104V,9.12025511
A58T:N59K:S77G:A79V,8.645924291
K74D:T76A:A79V:L104V,7.0
T28P:N59K:S77G:A79V,9.322800296
Q62P:K74D:S75F:L104V,8.234773074
T28P:S30R:Q62P:A79V,9.445184415
T28P:K74D:T76A:S77G,8.887681307
S30R:A58T:Q62P:T76A,7.0
S30R:N59K:A79V:L104V,8.675422764
T28P:A58T:K74D:S77G,8.902191261
N59K:T76A:S77G:L104V,7.0
S30R:N59K:T76A:S77G,7.854067327
S30R:A58T:T76A:S77G,7.684307865
T28P:S30R:S75F:S77G,9.516598622
S30R:S75F:T76A:L104V,8.980601272
Q62P:K74D:T76A:S77G,7.0
T28P:S75F:S77G:L104V,9.469229031
N59K:S75F:T76A:A79V,8.626996306
A58T:S75F:S77G:L104V,8.650826525
A58T:N59K:K74D:A79V,7.0
S30R:A58T:S77G:L104V,8.228045313
T28P:K74D:S75F:T76A,9.161875485
Q62P:K74D:S75F:T76A,8.383176567
A58T:T76A:S77G:A79V,7.0
S30R:Q62P:S77G:L104V,8.639076587
T28P:S30R:A58T:Q62P,9.252758931
T28P:S75F:T76A:S77G,9.384745312
T28P:N59K:S77G:L104V,8.927504947
S30R:A58T:K74D:T76A,8.181587015
A58T:Q62P:T76A:L104V,7.0
T28P:K74D:T76A:L104V,8.206247724
T28P:A58T:K74D:L104V,8.179949796
T28P:A58T:N59K:A79V,8.599644026
Q62P:S75F:T76A:A79V,8.482019699
N59K:K74D:S75F:A79V,8.093110044
T28P:S30R:Q62P:T76A,9.293629939
T28P:A58T:K74D:A79V,8.323906203
T28P:N59K:K74D:A79V,8.521802223
T76A:S77G:A79V:L104V,7.35533318
A58T:N59K:S77G:L104V,7.0
T28P:Q62P:T76A:S77G,8.253232629
T28P:S30R:K74D:A79V,9.31468907
T28P:A58T:N59K:S77G,8.797468346
T28P:N59K:Q62P:K74D,8.270133316
T28P:S75F:T76A:A79V,9.369372296
A58T:N59K:Q62P:K74D,7.0
T28P:Q62P:S75F:S77G,9.394060969
T28P:S30R:S75F:T76A,9.453844097
T28P:K74D:S75F:L104V,9.228502097
S75F:T76A:A79V:L104V,8.607042975
A58T:Q62P:S75F:T76A,9.001398398
K74D:T76A:S77G:A79V,7.0
T28P:S30R:T76A:L104V,9.364957813
A58T:T76A:S77G:L104V,7.0
T28P:S30R:A58T:K74D,9.322630935
T28P:S75F:T76A:L104V,9.436688676
A58T:T76A:A79V:L104V,7.0
A58T:N59K:Q62P:L104V,7.0
N59K:T76A:A79V:L104V,7.0
T28P:N59K:Q62P:A79V,8.527725176
S30R:A58T:K74D:S75F,9.351649618
T28P:N59K:S75F:S77G,9.458935073
N59K:Q62P:K74D:S77G,7.0
A58T:N59K:S75F:S77G,8.980552772
T28P:T76A:A79V:L104V,8.514166259
T28P:N59K:K74D:S75F,9.21356942
T28P:T76A:S77G:L104V,8.589435781
T28P:S30R:A79V:L104V,9.455140737
T28P:A58T:Q62P:S77G,8.604252509
T28P:Q62P:K74D:T76A,8.015581909
T28P:S30R:S77G:L104V,9.474705779
S30R:A58T:T76A:A79V,7.415012289
T28P:N59K:Q62P:T76A,7.919290094
S30R:A58T:N59K:L104V,8.311943225
S30R:Q62P:T76A:A79V,7.664111884
A58T:S75F:T76A:A79V,8.592289615
T28P:N59K:S75F:T76A,9.410256406
S30R:N59K:T76A:L104V,8.065703875
A58T:Q62P:K74D:T76A,7.0
T28P:S30R:K74D:S75F,9.343454433
N59K:Q62P:S77G:A79V,8.828923337
N59K:T76A:S77G:A79V,7.457579145
N59K:K74D:T76A:L104V,7.0
T28P:N59K:Q62P:L104V,8.564163449
S30R:K74D:T76A:A79V,8.572956107
T28P:S30R:N59K:T76A,9.365940812
T28P:K74D:S75F:A79V,9.180275194
T28P:S30R:T76A:A79V,9.388446822
T28P:S30R:K74D:T76A,9.297208879
S30R:A58T:N59K:A79V,8.654639476
S30R:A58T:S75F:T76A,8.785135563
T28P:A58T:S75F:S77G,9.425810176
A58T:K74D:T76A:A79V,7.0
Q62P:S75F:S77G:A79V,8.617253027
T28P:S30R:N59K:Q62P,9.395456066
A58T:Q62P:S77G:A79V,8.721397654
Q62P:K74D:T76A:A79V,7.0
A58T:K74D:S75F:A79V,7.932409862
A58T:N59K:K74D:T76A,7.0
Q62P:T76A:A79V:L104V,7.0
T28P:A58T:N59K:T76A,7.937592893
S30R:A58T:N59K:Q62P,7.947137805
T28P:N59K:Q62P:S77G,8.653967025
S30R:A58T:A79V:L104V,8.486617191
A58T:N59K:Q62P:S77G,7.0
A58T:K74D:T76A:L104V,7.0
T28P:A58T:K74D:S75F,9.171085104
T28P:N59K:K74D:T76A,8.417127663
T28P:S30R:A58T:S77G,9.437807211
A58T:N59K:T76A:L104V,7.0
K74D:S75F:T76A:L104V,8.599467347
T28P:A58T:Q62P:A79V,8.470737756
T28P:K74D:T76A:A79V,8.358473069
T28P:S30R:A58T:L104V,9.331376647
T28P:Q62P:T76A:L104V,7.902881955
T28P:A58T:K74D:T76A,7.822967016
T28P:N59K:T76A:A79V,8.393440153
T28P:N59K:A79V:L104V,8.699665187
T28P:Q62P:T76A:A79V,8.194426525
T28P:N59K:T76A:S77G,8.628924304
T28P:A58T:S77G:L104V,8.882710424
A58T:Q62P:S75F:S77G,8.933714269
A58T:K74D:S75F:L104V,8.343026401
A58T:Q62P:T76A:S77G,7.0
A58T:S75F:T76A:L104V,9.178950982
N59K:Q62P:T76A:A79V,7.0
T28P:N59K:T76A:L104V,8.367656722
T28P:S30R:T76A:S77G,9.362024336
Q62P:T76A:S77G:A79V,7.566297583
T28P:A58T:T76A:S77G,8.391990988
T28P:A58T:S77G:A79V,9.263655268
T28P:A58T:T76A:L104V,8.182152671
T28P:A58T:N59K:L104V,8.548254146
N59K:Q62P:T76A:L104V,7.0
T28P:S30R:N59K:L104V,9.525635641
A58T:N59K:T76A:A79V,7.0
A58T:N59K:T76A:S77G,7.0
A58T:Q62P:T76A:A79V,7.0
A58T:N59K:K74D:S75F,8.348382953
A58T:N59K:S75F:T76A,9.203823871
T28P:A58T:A79V:L104V,8.601620616
T28P:S30R:A58T:A79V,9.412134781
T28P:A58T:T76A:A79V,8.259755204
S30R:A58T:T76A:L104V,7.580381311
A58T:N59K:Q62P:T76A,7.0
T28P:S30R:N59K:A79V,9.473592081
T28P:A58T:Q62P:T76A,7.824496729
T28P:S30R:A58T:T76A,9.281665921
T28P:A58T:Q62P:L104V,8.559796072
T28P:Q62P:S77G:A79V,9.222283278
T28P:A58T:S75F:T76A,9.410076232
T28P:S30R:A58T:N59K,9.464199368
T28P:Q62P:S75F:A79V,9.44464377
K74D:S75F:S77G:A79V,9.074456455
T28P:S75F:A79V:L104V,9.359782735
S30R:Q62P:S75F:A79V,8.681782297
N59K:S75F:A79V:L104V,8.523785284
T28P:S30R:S75F:L104V,9.728612341
T28P:A58T:Q62P:S75F,9.304109837
N59K:Q62P:S75F:A79V,8.413180789
T28P:K74D:S75F:S77G,9.103418896
S30R:N59K:S75F:L104V,9.39722566
S30R:A58T:N59K:S75F,9.552664478
S30R:A58T:S75F:A79V,8.571241694
S30R:N59K:Q62P:S75F,9.508720326
T28P:A58T:N59K:S75F,9.3678228
T28P:N59K:S75F:L104V,9.427921693
T28P:A58T:S75F:L104V,9.393760234
A58T:K74D:S75F:S77G,7.0
T28P:S30R:A58T:S75F,9.50925989
Q62P:K74D:S75F:S77G,7.0
N59K:Q62P:S77G:L104V,7.926803086
S30R:Q62P:T76A:L104V,7.728896047
S30R:N59K:Q62P:T76A,7.5938527
A58T:N59K:A79V:L104V,7.0
S30R:A58T:N59K:T76A,7.615221082
S30R:A58T:S75F:L104V,9.624300692
S30R:N59K:K74D:S77G:L104V,9.099022364
S30R:N59K:K74D:S77G:A79V,9.38770355
S30R:N59K:K74D:A79V:L104V,9.044928855
S30R:N59K:Q62P:K74D:A79V,8.825192267
S30R:K74D:S77G:A79V:L104V,9.364477464
S30R:N59K:S75F:T76A:S77G,9.020940487
S30R:Q62P:K74D:A79V:L104V,8.768695343
S30R:A58T:N59K:K74D:S77G,9.105253618
S30R:K74D:S75F:T76A:S77G,9.32639085
S30R:N59K:S77G:A79V:L104V,9.426352818
S30R:N59K:K74D:S75F:T76A,9.41673921
T28P:S30R:K74D:S77G:A79V,9.359923138
A58T:K74D:S77G:A79V:L104V,8.066497054
S30R:Q62P:K74D:S75F:A79V,9.356261526
T28P:S30R:Q62P:K74D:A79V,9.348472586
S30R:A58T:Q62P:K74D:A79V,8.579251628
S30R:Q62P:S75F:T76A:L104V,8.878505885
N59K:S75F:T76A:S77G:L104V,8.897159191
S30R:K74D:T76A:S77G:L104V,8.607867217
K74D:S75F:T76A:S77G:A79V,8.7942144
N59K:Q62P:S75F:T76A:S77G,8.684919339
T28P:S30R:N59K:K74D:S77G,9.396674832
S30R:N59K:K74D:T76A:S77G,8.821399226
S30R:A58T:S75F:S77G:A79V,9.326100081
S30R:A58T:S77G:A79V:L104V,9.16965821
T28P:K74D:S75F:T76A:S77G,9.226719228
A58T:Q62P:K74D:A79V:L104V,7.0
S30R:N59K:Q62P:K74D:L104V,8.557639107
S30R:N59K:Q62P:A79V:L104V,8.711402533
S30R:S75F:T76A:S77G:A79V,9.162828524
T28P:N59K:S77G:A79V:L104V,9.380728854
N59K:K74D:S77G:A79V:L104V,8.318353832
S30R:N59K:Q62P:S75F:T76A,8.753677843
S30R:S75F:S77G:A79V:L104V,9.304999126
S30R:N59K:S75F:S77G:L104V,9.312527563
S30R:Q62P:S75F:T76A:A79V,8.840977806
T28P:S30R:N59K:K74D:L104V,9.474955991
S30R:Q62P:S75F:T76A:S77G,8.863914398
T28P:Q62P:K74D:A79V:L104V,8.394389327
S30R:Q62P:K74D:S77G:A79V,9.317218553
T28P:K74D:S77G:A79V:L104V,9.146565968
S75F:T76A:S77G:A79V:L104V,8.48901988
S30R:N59K:K74D:T76A:A79V,8.587770052
S30R:A58T:S75F:T76A:S77G,8.898087039
S30R:A58T:K74D:S77G:L104V,8.745494233
S30R:N59K:Q62P:S77G:L104V,8.541395729
S30R:K74D:S75F:A79V:L104V,9.413875864
A58T:Q62P:S75F:T76A:S77G,8.735488491
S30R:K74D:S75F:T76A:L104V,9.422208915
S30R:A58T:N59K:Q62P:A79V,8.595146008
N59K:Q62P:K74D:S77G:A79V,8.313798139
S30R:N59K:K74D:S75F:A79V,9.418707034
S30R:A58T:Q62P:A79V:L104V,8.463032934
S30R:N59K:T76A:S77G:A79V,8.536674555
S30R:N59K:Q62P:K74D:T76A,8.382687593
N59K:K74D:S75F:T76A:S77G,8.972200336
N59K:S75F:S77G:A79V:L104V,8.793525614
A58T:N59K:Q62P:K74D:S77G,7.0
Q62P:S75F:T76A:S77G:L104V,8.600318277
Q62P:K74D:S75F:T76A:S77G,8.775689966
T28P:N59K:K74D:S77G:L104V,9.150569944
A58T:Q62P:K74D:S77G:A79V,8.292018765
S30R:Q62P:K74D:S77G:L104V,8.828422419
Q62P:K74D:S77G:A79V:L104V,8.306948329
S30R:N59K:Q62P:S75F:S77G,9.247675056
A58T:N59K:Q62P:K74D:S75F,8.124296074
S30R:N59K:S75F:S77G:A79V,9.427342497
A58T:N59K:K74D:S77G:A79V,8.222658954
S30R:N59K:Q62P:T76A:S77G,7.981385219
N59K:Q62P:K74D:A79V:L104V,7.0
S30R:S75F:T76A:S77G:L104V,8.994683454
S30R:A58T:K74D:T76A:S77G,8.653752427
S30R:A58T:K74D:S77G:A79V,9.312837085
N59K:K74D:S75F:T76A:A79V,8.377596229
A58T:N59K:K74D:T76A:S77G,7.0
S30R:K74D:S75F:T76A:A79V,9.318364854
N59K:Q62P:S75F:T76A:A79V,8.547532026
A58T:S75F:S77G:A79V:L104V,8.741593092
K74D:S75F:T76A:A79V:L104V,8.59788
T28P:A58T:Q62P:K74D:A79V,8.292023403
A58T:K74D:S75F:T76A:S77G,8.861016076
T28P:S30R:A58T:K74D:S77G,9.308980022
T28P:A58T:N59K:K74D:S77G,9.092383663
S30R:T76A:S77G:A79V:L104V,8.425110087
S30R:A58T:N59K:S77G:A79V,9.388816465
S30R:Q62P:K74D:S75F:L104V,9.40025533
T28P:S30R:K74D:S77G:L104V,9.365186812
S30R:A58T:Q62P:K74D:T76A,8.09585979
T28P:Q62P:K74D:S75F:L104V,9.202303601
Q62P:K74D:S75F:A79V:L104V,8.194201047
S30R:K74D:T76A:S77G:A79V,8.986398183
S30R:N59K:K74D:S75F:L104V,9.500729752
A58T:S75F:T76A:S77G:A79V,8.506944931
T28P:S30R:A58T:Q62P:K74D,9.306973037
S30R:A58T:N59K:Q62P:K74D,8.259531559
T28P:N59K:K74D:S77G:A79V,9.171531428
S30R:A58T:K74D:A79V:L104V,8.700313986
S30R:N59K:S75F:T76A:L104V,9.217564771
N59K:Q62P:K74D:T76A:A79V,7.0
A58T:N59K:S75F:T76A:S77G,8.911095416
T28P:N59K:Q62P:K74D:A79V,8.492285495
T28P:S30R:Q62P:K74D:S75F,9.371593181
A58T:K74D:T76A:S77G:A79V,7.0
A58T:Q62P:K74D:S75F:A79V,8.06632704
N59K:Q62P:K74D:S75F:A79V,8.334647624
T28P:Q62P:S75F:T76A:S77G,9.383301519
S30R:A58T:Q62P:K74D:S75F,9.332089428
T28P:S30R:A58T:N59K:K74D,9.387277182
S30R:N59K:Q62P:T76A:L104V,8.146880368
S30R:N59K:Q62P:K74D:S77G,9.119330069
S30R:N59K:Q62P:K74D:S75F,9.411324751
S30R:Q62P:S75F:S77G:A79V,9.316962084
N59K:S75F:T76A:S77G:A79V,8.589319859
T28P:A58T:K74D:A79V:L104V,8.508993073
T28P:Q62P:K74D:S77G:L104V,8.899969827
T28P:A58T:K74D:S77G:A79V,9.092301014
S30R:Q62P:K74D:T76A:S77G,8.616647232
Q62P:S75F:T76A:S77G:A79V,8.515583811
A58T:Q62P:K74D:S75F:T76A,8.583203927
S30R:A58T:S75F:S77G:L104V,8.978809735
S30R:A58T:N59K:K74D:L104V,8.575614721
S30R:A58T:Q62P:K74D:S77G,8.886038309
Q62P:K74D:T76A:A79V:L104V,7.0
T28P:S30R:K74D:A79V:L104V,9.357248506
A58T:N59K:K74D:S77G:L104V,7.0
T28P:S30R:S75F:S77G:L104V,9.552430729
T28P:S30R:Q62P:K74D:L104V,9.459548114
T28P:A58T:Q62P:K74D:S75F,9.148916974
T28P:N59K:K74D:A79V:L104V,8.795474279
T28P:Q62P:K74D:S77G:A79V,9.059964339
S30R:N59K:K74D:T76A:L104V,8.681033203
A58T:N59K:Q62P:S75F:T76A,9.134051338
A58T:N59K:Q62P:K74D:L104V,7.0
A58T:N59K:S75F:S77G:A79V,8.971280622
T28P:S30R:S75F:T76A:S77G,9.523611618
Q62P:S75F:T76A:A79V:L104V,8.647936406
S30R:A58T:N59K:K74D:A79V,8.755755648
T28P:S30R:Q62P:K74D:T76A,9.341389231
S30R:N59K:T76A:A79V:L104V,8.41848018
S30R:A58T:N59K:S77G:L104V,8.68431966
N59K:K74D:T76A:S77G:A79V,7.0
T28P:S75F:T76A:S77G:L104V,9.431867992
T28P:A58T:K74D:S77G:L104V,8.959368085
T28P:S30R:S77G:A79V:L104V,9.466287777
A58T:Q62P:S77G:A79V:L104V,8.544699378
N59K:Q62P:S77G:A79V:L104V,8.972462361
A58T:T76A:S77G:A79V:L104V,7.166186956
N59K:Q62P:S75F:T76A:L104V,9.056716621
T28P:A58T:N59K:Q62P:K74D,8.238818744
T28P:S30R:K74D:S75F:A79V,9.36737582
S30R:A58T:N59K:A79V:L104V,8.720878747
A58T:K74D:S75F:T76A:L104V,8.825016799
S30R:Q62P:S75F:S77G:L104V,9.072509416
T28P:A58T:Q62P:K74D:L104V,8.226123359
T28P:Q62P:K74D:T76A:L104V,8.205602873
Q62P:S75F:S77G:A79V:L104V,8.59667924
S30R:A58T:N59K:T76A:S77G,7.782199159
T28P:Q62P:S75F:T76A:L104V,9.429488864
T28P:S30R:K74D:S75F:T76A,9.36411341
T28P:S30R:T76A:A79V:L104V,9.426827566
A58T:N59K:Q62P:S75F:S77G,8.988914353
S30R:Q62P:T76A:S77G:L104V,7.878344608
T28P:S30R:N59K:S77G:L104V,9.520998588
S30R:A58T:Q62P:S75F:T76A,8.85243956
S30R:N59K:Q62P:S77G:A79V,9.34369373
S30R:Q62P:K74D:T76A:L104V,8.489888701
N59K:K74D:T76A:A79V:L104V,7.0
T28P:A58T:Q62P:K74D:S77G,8.909430491
S30R:N59K:T76A:S77G:L104V,8.240145446
T28P:N59K:K74D:T76A:S77G,9.082566487
A58T:S75F:T76A:S77G:L104V,8.63628727
S30R:A58T:Q62P:K74D:L104V,8.42982462
A58T:N59K:S77G:A79V:L104V,8.771967591
S30R:N59K:Q62P:T76A:A79V,7.933412825
S30R:Q62P:K74D:T76A:A79V,8.508007557
S30R:K74D:T76A:A79V:L104V,8.799382186
A58T:N59K:K74D:S75F:T76A,8.774021002
S30R:A58T:T76A:S77G:A79V,7.996249042
A58T:K74D:S75F:T76A:A79V,8.29229799
T28P:K74D:T76A:S77G:A79V,9.051344489
T28P:N59K:S75F:T76A:L104V,9.531899133
T28P:K74D:S75F:T76A:A79V,9.173865456
T28P:A58T:K74D:T76A:S77G,9.011993975
T28P:S75F:T76A:S77G:A79V,9.397847929
A58T:N59K:Q62P:A79V:L104V,7.0
T28P:S75F:T76A:A79V:L104V,9.438829723
A58T:N59K:Q62P:S77G:A79V,8.976487177
T28P:K74D:T76A:S77G:L104V,9.021032238
T28P:N59K:Q62P:K74D:S75F,9.214177237
T28P:S75F:S77G:A79V:L104V,9.440063291
T28P:S30R:Q62P:A79V:L104V,9.462202597
T28P:N59K:S75F:T76A:S77G,9.417079505
S30R:A58T:T76A:A79V:L104V,7.691605923
T28P:A58T:S75F:S77G:A79V,9.405369534
N59K:Q62P:K74D:S75F:T76A,8.552413257
A58T:S75F:T76A:A79V:L104V,8.73678183
T28P:A58T:S75F:T76A:S77G,9.391549966
S30R:A58T:N59K:S75F:S77G,9.236617877
T28P:S30R:N59K:K74D:A79V,9.392188403
T28P:N59K:S75F:T76A:A79V,9.458606774
Q62P:K74D:S75F:T76A:L104V,8.592944122
T28P:K74D:S75F:T76A:L104V,9.258876976
Q62P:K74D:T76A:S77G:L104V,7.0
N59K:K74D:S75F:T76A:L104V,8.935098049
N59K:T76A:S77G:A79V:L104V,7.88210942
A58T:K74D:T76A:S77G:L104V,7.0
T28P:K74D:S75F:A79V:L104V,9.218921359
S30R:Q62P:K74D:S75F:T76A,9.317622922
T28P:S30R:A58T:K74D:S75F,9.351436313
T28P:Q62P:K74D:S75F:A79V,9.21949498
Q62P:K74D:S75F:T76A:A79V,8.228548527
S30R:A58T:K74D:T76A:L104V,8.372856389
A58T:Q62P:K74D:S75F:L104V,8.194729168
S30R:A58T:N59K:T76A:A79V,7.658906145
N59K:Q62P:T76A:S77G:L104V,7.0
S30R:A58T:N59K:K74D:T76A,8.496467202
A58T:K74D:S75F:A79V:L104V,8.346289792
T28P:A58T:Q62P:K74D:T76A,7.815740352
T28P:S30R:K74D:T76A:S77G,9.321788465
N59K:Q62P:S75F:S77G:A79V,8.83470897
N59K:Q62P:T76A:A79V:L104V,7.0
T28P:S30R:Q62P:S75F:T76A,9.468044457
A58T:N59K:T76A:S77G:A79V,7.409340599
T28P:N59K:Q62P:K74D:L104V,8.416484528
S30R:A58T:N59K:Q62P:S77G,8.595564976
S30R:N59K:S75F:T76A:A79V,9.058621036
K74D:S75F:T76A:S77G:L104V,8.786721895
T28P:S30R:A58T:S77G:L104V,9.471409746
T28P:Q62P:K74D:T76A:S77G,8.917814958
T28P:S30R:S75F:S77G:A79V,9.532282064
S30R:A58T:Q62P:S77G:L104V,8.575568735
S30R:Q62P:T76A:S77G:A79V,8.626916472
S30R:Q62P:T76A:A79V:L104V,7.83124234
T28P:N59K:Q62P:S77G:L104V,8.852553256
T28P:N59K:S75F:S77G:L104V,9.486289251
T28P:S30R:K74D:S75F:L104V,9.401947224
A58T:N59K:Q62P:S77G:L104V,7.247647268
T28P:N59K:T76A:A79V:L104V,8.635240009
T28P:S30R:A58T:Q62P:A79V,9.452906115
N59K:Q62P:K74D:T76A:S77G,7.0
T28P:A58T:S77G:A79V:L104V,9.309944007
T28P:Q62P:S75F:S77G:A79V,9.424633085
S30R:A58T:Q62P:T76A:S77G,7.816065438
S30R:A58T:K74D:S75F:A79V,9.355671816
A58T:Q62P:K74D:S77G:L104V,7.0
T28P:Q62P:S75F:T76A:A79V,9.369197091
T28P:S30R:N59K:S75F:S77G,9.537596807
S30R:A58T:K74D:T76A:A79V,8.420500045
S30R:Q62P:S77G:A79V:L104V,9.162164271
A58T:Q62P:S75F:T76A:A79V,8.630686611
T28P:Q62P:T76A:S77G:L104V,8.485898992
T28P:S30R:A58T:S77G:A79V,9.476913907
T28P:S30R:N59K:K74D:T76A,9.360763459
S30R:A58T:S75F:T76A:A79V,8.844454588
T28P:S30R:K74D:T76A:L104V,9.338492632
A58T:N59K:Q62P:T76A:S77G,7.0
T28P:S30R:A58T:K74D:L104V,9.349656096
T28P:N59K:K74D:S75F:A79V,9.244227363
T28P:N59K:K74D:S75F:T76A,9.261423597
S30R:S75F:T76A:A79V:L104V,9.079409435
Q62P:T76A:S77G:A79V:L104V,7.709182716
N59K:K74D:T76A:S77G:L104V,7.0
T28P:S30R:S75F:T76A:L104V,9.559479654
A58T:Q62P:S75F:T76A:L104V,9.096544766
T28P:S30R:N59K:Q62P:K74D,9.407311764
T28P:A58T:N59K:K74D:A79V,8.399224701
A58T:Q62P:T76A:S77G:L104V,7.0
T28P:S30R:A58T:N59K:Q62P,9.379222163
T28P:S30R:A58T:Q62P:L104V,9.368097081
T28P:Q62P:T76A:A79V:L104V,8.341219612
A58T:N59K:K74D:T76A:A79V,7.0
T28P:T76A:S77G:A79V:L104V,9.06897367
T28P:S30R:A58T:K74D:A79V,9.353768142
T28P:S30R:N59K:Q62P:A79V,9.515584785
T28P:N59K:Q62P:K74D:S77G,9.024933125
S30R:A58T:N59K:K74D:S75F,9.397919736
N59K:K74D:S75F:A79V:L104V,8.436685739
A58T:Q62P:K74D:T76A:S77G,7.0
T28P:S30R:N59K:S77G:A79V,9.495453878
N59K:Q62P:S75F:S77G:L104V,8.879451635
A58T:Q62P:K74D:T76A:A79V,7.0
Q62P:K74D:T76A:S77G:A79V,7.0
T28P:A58T:N59K:A79V:L104V,8.826150173
K74D:T76A:S77G:A79V:L104V,7.0
A58T:N59K:Q62P:K74D:T76A,7.0
T28P:S30R:Q62P:K74D:S77G,9.373388962
T28P:Q62P:S75F:S77G:L104V,9.454181643
S30R:A58T:N59K:Q62P:L104V,8.459948006
A58T:N59K:S75F:T76A:A79V,8.700915196
T28P:N59K:Q62P:K74D:T76A,8.219225747
T28P:N59K:Q62P:A79V:L104V,8.704983372
T28P:S30R:N59K:Q62P:T76A,9.330131832
T28P:S30R:A58T:N59K:S77G,9.51575119
T28P:A58T:S75F:S77G:L104V,9.449573161
T28P:Q62P:K74D:T76A:A79V,8.375975716
T28P:S30R:Q62P:T76A:S77G,9.349055316
T28P:A58T:N59K:Q62P:A79V,8.718618253
N59K:Q62P:K74D:S75F:L104V,8.37430273
T28P:S30R:T76A:S77G:L104V,9.454098391
A58T:K74D:T76A:A79V:L104V,7.0
T28P:S30R:N59K:T76A:S77G,9.420168224
T28P:S30R:Q62P:S75F:S77G,9.517497228
S30R:A58T:K74D:S75F:T76A,9.337937163
A58T:Q62P:S75F:S77G:L104V,8.685919239
N59K:Q62P:K74D:T76A:L104V,7.0
A58T:N59K:K74D:A79V:L104V,7.0
S30R:A58T:Q62P:T76A:A79V,7.592958846
T28P:A58T:N59K:Q62P:L104V,8.515629076
A58T:N59K:S75F:S77G:L104V,8.859448583
T28P:N59K:Q62P:S75F:T76A,9.420047019
T28P:S30R:Q62P:T76A:A79V,9.420341342
T28P:S30R:Q62P:S77G:L104V,9.472008445
T28P:A58T:N59K:S77G:L104V,9.056309897
T28P:S30R:A58T:K74D:T76A,9.26620574
T28P:S30R:Q62P:S77G:A79V,9.452728666
A58T:N59K:T76A:A79V:L104V,7.0
T28P:A58T:Q62P:S75F:T76A,9.394184099
T28P:A58T:N59K:K74D:L104V,8.455751664
T28P:S30R:A58T:S75F:T76A,9.514552107
T28P:Q62P:S77G:A79V:L104V,9.247266977
T28P:S30R:K74D:T76A:A79V,9.303411884
A58T:Q62P:S75F:S77G:A79V,8.884555237
A58T:N59K:Q62P:K74D:A79V,7.0
T28P:A58T:K74D:S75F:T76A,9.206852114
T28P:N59K:S75F:S77G:A79V,9.441809883
T28P:N59K:K74D:T76A:A79V,8.573337816
S30R:A58T:T76A:S77G:L104V,7.675821602
T28P:A58T:N59K:T76A:S77G,8.71812822
S30R:A58T:Q62P:S75F:S77G,9.141302717
T28P:Q62P:T76A:S77G:A79V,8.956922179
T28P:S30R:A58T:T76A:S77G,9.37171489
N59K:S75F:T76A:A79V:L104V,8.765232959
T28P:A58T:N59K:K74D:T76A,8.155555679
A58T:N59K:K74D:S75F:A79V,8.3428489
T28P:N59K:T76A:S77G:A79V,9.064109974
T28P:S30R:N59K:Q62P:L104V,9.530911017
N59K:Q62P:K74D:S77G:L104V,7.0
T28P:S30R:T76A:S77G:A79V,9.437071776
T28P:S30R:N59K:K74D:S75F,9.398821972
A58T:N59K:K74D:S75F:L104V,8.580790572
T28P:N59K:Q62P:T76A:A79V,8.383046375
T28P:Q62P:K74D:S75F:T76A,9.222944595
T28P:S30R:S75F:T76A:A79V,9.486791892
T28P:A58T:Q62P:S77G:L104V,8.885292463
A58T:N59K:Q62P:T76A:L104V,7.0
T28P:A58T:Q62P:S75F:S77G,9.435148614
T28P:S30R:A58T:N59K:T76A,9.346913663
S30R:A58T:N59K:S75F:T76A,9.070498286
A58T:Q62P:T76A:S77G:A79V,7.634864224
T28P:A58T:Q62P:T76A:S77G,8.402984961
T28P:A58T:K74D:S75F:L104V,9.226013927
T28P:A58T:T76A:S77G:A79V,9.031544946
S30R:A58T:K74D:S75F:L104V,9.377775134
A58T:N59K:T76A:S77G:L104V,7.0
T28P:A58T:Q62P:A79V:L104V,8.575883905
S30R:A58T:Q62P:S77G:A79V,9.245702128
T28P:S30R:Q62P:T76A:L104V,9.343733658
T28P:N59K:Q62P:S75F:S77G,9.412486075
T28P:A58T:Q62P:T76A:A79V,8.385214208
T28P:N59K:Q62P:T76A:S77G,8.539590647
T28P:A58T:K74D:S75F:A79V,9.208041377
T28P:S30R:A58T:Q62P:T76A,9.262510252
T28P:N59K:K74D:T76A:L104V,8.439469694
T28P:S30R:A58T:N59K:A79V,9.504671384
T28P:A58T:N59K:K74D:S75F,9.207446086
T28P:A58T:K74D:T76A:A79V,8.209400148
T28P:N59K:T76A:S77G:L104V,8.842218183
T28P:S30R:A58T:T76A:L104V,9.374266572
T28P:N59K:Q62P:S77G:A79V,9.340628556
T28P:S30R:N59K:T76A:L104V,9.507150156
T28P:A58T:N59K:S77G:A79V,9.420301784
A58T:Q62P:K74D:T76A:L104V,7.0
T28P:S30R:N59K:Q62P:S77G,9.469776363
T28P:N59K:Q62P:T76A:L104V,8.441693088
T28P:K74D:T76A:A79V:L104V,8.656313537
N59K:Q62P:T76A:S77G:A79V,8.046495858
T28P:N59K:K74D:S75F:L104V,9.339740748
T28P:A58T:N59K:S75F:S77G,9.449494627
T28P:A58T:Q62P:S77G:A79V,9.315268181
S30R:A58T:N59K:T76A:L104V,8.139705302
T28P:S30R:A58T:T76A:A79V,9.449473802
T28P:S30R:N59K:T76A:A79V,9.462844808
T28P:S30R:N59K:S75F:T76A,9.522814326
T28P:S30R:A58T:A79V:L104V,9.431308691
A58T:Q62P:T76A:A79V:L104V,7.0
T28P:S30R:A58T:S75F:S77G,9.499397363
T28P:A58T:N59K:Q62P:S77G,8.854970076
S30R:A58T:S75F:T76A:L104V,9.011568089
A58T:N59K:K74D:T76A:L104V,7.0
T28P:A58T:N59K:S75F:T76A,9.479557102
T28P:A58T:T76A:A79V:L104V,8.500611948
T28P:A58T:K74D:T76A:L104V,8.162365733
A58T:N59K:S75F:T76A:L104V,9.325968865
A58T:N59K:Q62P:T76A:A79V,7.0
T28P:S30R:A58T:N59K:L104V,9.517653965
S30R:A58T:N59K:Q62P:T76A,7.558162193
T28P:S30R:A58T:Q62P:S77G,9.490127762
T28P:A58T:N59K:T76A:A79V,8.649219913
T28P:S30R:N59K:A79V:L104V,9.505266486
T28P:A58T:Q62P:T76A:L104V,8.169429406
T28P:A58T:N59K:T76A:L104V,8.555334299
T28P:A58T:T76A:S77G:L104V,8.813864811
T28P:A58T:S75F:T76A:A79V,9.397225571
T28P:A58T:S75F:T76A:L104V,9.428953933
T28P:A58T:N59K:Q62P:T76A,8.030481192
T28P:S30R:A58T:N59K:S75F,9.478633495
S30R:Q62P:S75F:A79V:L104V,8.92039581
T28P:Q62P:S75F:A79V:L104V,9.258602937
T28P:S30R:Q62P:S75F:A79V,9.492900188
S30R:N59K:Q62P:S75F:L104V,9.421714022
S30R:K74D:S75F:S77G:A79V,9.370824904
T28P:A58T:N59K:S75F:L104V,9.446461993
T28P:S30R:N59K:Q62P:S75F,9.48404903
T28P:K74D:S75F:S77G:L104V,9.338501814
N59K:K74D:S75F:S77G:L104V,8.643403834
T28P:S30R:A58T:S75F:L104V,9.516006374
S30R:A58T:N59K:Q62P:S75F,9.631391804
S30R:A58T:Q62P:S75F:A79V,8.617454347
S30R:A58T:S75F:A79V:L104V,8.674901807
T28P:N59K:Q62P:S75F:L104V,9.396843046
T28P:S30R:S75F:A79V:L104V,9.507141558
T28P:A58T:N59K:Q62P:S75F,9.483692572
S30R:A58T:K74D:S75F:S77G,9.35881466
S30R:N59K:Q62P:S75F:A79V,9.326969855
T28P:A58T:K74D:S75F:S77G,9.212808449
T28P:N59K:Q62P:S75F:A79V,9.480144073
T28P:A58T:Q62P:S75F:A79V,9.167497819
T28P:N59K:K74D:S75F:S77G,9.282898644
A58T:K74D:S75F:S77G:A79V,7.0
S30R:A58T:Q62P:T76A:L104V,7.229960387
S30R:N59K:K74D:S77G:A79V:L104V,9.444671081
S30R:A58T:K74D:S77G:A79V:L104V,9.369305396
S30R:N59K:S75F:T76A:S77G:L104V,9.336201262
S30R:N59K:Q62P:K74D:A79V:L104V,9.102654962
S30R:N59K:K74D:S75F:T76A:S77G,9.400563142
S30R:Q62P:K74D:S77G:A79V:L104V,9.360087626
S30R:N59K:S75F:S77G:A79V:L104V,9.504652037
S30R:S75F:T76A:S77G:A79V:L104V,9.290668813
S30R:N59K:K74D:S75F:A79V:L104V,9.454710592
S30R:A58T:N59K:K74D:S77G:L104V,9.147548068
S30R:N59K:Q62P:K74D:S75F:A79V,9.386127948
S30R:K74D:S75F:T76A:S77G:L104V,9.398008629
S30R:N59K:Q62P:S75F:T76A:S77G,9.070633831
S30R:Q62P:K74D:S75F:A79V:L104V,9.367940048
S30R:Q62P:K74D:S75F:T76A:S77G,9.356496207
S30R:A58T:S75F:S77G:A79V:L104V,9.328730149
Q62P:K74D:S75F:T76A:S77G:A79V,8.87979694
S30R:Q62P:S75F:T76A:S77G:A79V,9.263000493
S30R:N59K:S75F:T76A:S77G:A79V,9.325880942
S30R:N59K:K74D:T76A:S77G:A79V,9.091170833
T28P:N59K:K74D:S77G:A79V:L104V,9.272207762
S30R:Q62P:S75F:T76A:S77G:L104V,8.970137079
K74D:S75F:T76A:S77G:A79V:L104V,9.008126654
N59K:Q62P:S75F:T76A:S77G:L104V,8.896510008
A58T:N59K:K74D:S75F:T76A:S77G,9.083071969
S30R:K74D:S75F:T76A:S77G:A79V,9.353673867
S30R:N59K:Q62P:S75F:T76A:A79V,9.056025654
T28P:Q62P:K74D:S75F:T76A:S77G,9.271673243
S30R:N59K:K74D:T76A:S77G:L104V,8.969482784
S30R:Q62P:S75F:T76A:A79V:L104V,9.019216859
T28P:S30R:K74D:S77G:A79V:L104V,9.388874741
T28P:K74D:S75F:T76A:S77G:L104V,9.303414425
S30R:A58T:N59K:K74D:S77G:A79V,9.410249619
A58T:K74D:S75F:T76A:S77G:A79V,8.910178908
T28P:N59K:Q62P:K74D:S75F:A79V,9.234321712
S30R:N59K:Q62P:K74D:S77G:L104V,9.280730798
S30R:A58T:N59K:Q62P:K74D:S75F,9.433064464
S30R:N59K:T76A:S77G:A79V:L104V,8.624954367
N59K:Q62P:K74D:S75F:A79V:L104V,8.419952351
T28P:S30R:N59K:K74D:S77G:L104V,9.434614218
S30R:N59K:Q62P:K74D:S77G:A79V,9.420574019
A58T:N59K:K74D:S77G:A79V:L104V,8.218366184
A58T:K74D:S75F:T76A:S77G:L104V,8.974469768
N59K:Q62P:K74D:S75F:T76A:S77G,9.002964956
A58T:N59K:Q62P:S75F:T76A:S77G,8.883099813
A58T:Q62P:S75F:T76A:S77G:L104V,8.699845377
T28P:Q62P:S75F:T76A:A79V:L104V,9.430532697
S30R:N59K:K74D:S75F:T76A:L104V,9.481920706
N59K:K74D:S75F:T76A:S77G:A79V,8.972240534
S30R:N59K:Q62P:S75F:S77G:A79V,9.445089176
N59K:K74D:S75F:T76A:S77G:L104V,9.16593439
S30R:A58T:Q62P:S75F:T76A:S77G,9.003256533
S30R:N59K:Q62P:K74D:S75F:L104V,9.4591443
S30R:K74D:S75F:T76A:A79V:L104V,9.35549635
S30R:A58T:N59K:K74D:A79V:L104V,9.050229428
T28P:N59K:K74D:S75F:T76A:S77G,9.315363253
T28P:S30R:K74D:S75F:T76A:L104V,9.426567724
S30R:A58T:N59K:Q62P:K74D:S77G,9.112834397
S30R:N59K:Q62P:S75F:T76A:L104V,9.18354571
S30R:A58T:Q62P:K74D:A79V:L104V,8.637009138
A58T:Q62P:K74D:S75F:A79V:L104V,8.279756599
S30R:N59K:Q62P:T76A:A79V:L104V,8.436090543
T28P:Q62P:K74D:S77G:A79V:L104V,9.118623062
S30R:N59K:Q62P:K74D:T76A:A79V,8.602796114
S30R:A58T:Q62P:K74D:S77G:A79V,9.370625614
S30R:A58T:N59K:S75F:T76A:S77G,9.13768988
T28P:S30R:N59K:K74D:S77G:A79V,9.417694289
Q62P:K74D:S75F:T76A:S77G:L104V,8.839511913
S30R:N59K:K74D:S75F:T76A:A79V,9.38973444
N59K:Q62P:K74D:S77G:A79V:L104V,8.334613188
S30R:A58T:N59K:Q62P:S75F:T76A,8.903260377
T28P:A58T:K74D:S77G:A79V:L104V,9.160568687
S30R:N59K:Q62P:S77G:A79V:L104V,9.396146953
T28P:A58T:N59K:K74D:S77G:A79V,9.18355204
A58T:Q62P:K74D:S77G:A79V:L104V,8.286998993
A58T:N59K:K74D:T76A:S77G:L104V,7.0
S30R:A58T:K74D:T76A:S77G:L104V,8.720565364
A58T:N59K:Q62P:K74D:S77G:A79V,8.397421271
T28P:A58T:K74D:S75F:T76A:S77G,9.228160829
S30R:Q62P:S75F:S77G:A79V:L104V,9.321922495
S30R:A58T:N59K:Q62P:K74D:L104V,8.500411739
S30R:Q62P:K74D:T76A:S77G:L104V,8.682835109
S30R:K74D:T76A:S77G:A79V:L104V,9.12037096
T28P:S30R:A58T:Q62P:K74D:A79V,9.354508242
S30R:A58T:N59K:K74D:T76A:S77G,8.877072621
T28P:S30R:N59K:K74D:A79V:L104V,9.417867247
S30R:A58T:K74D:S75F:A79V:L104V,9.403243925
T28P:A58T:Q62P:K74D:A79V:L104V,8.470724376
S30R:N59K:Q62P:K74D:T76A:S77G,8.86661247
S30R:N59K:Q62P:T76A:S77G:L104V,8.410670918
A58T:Q62P:S75F:T76A:A79V:L104V,8.763505097
T28P:S75F:T76A:S77G:A79V:L104V,9.439510982
T28P:S30R:K74D:S75F:A79V:L104V,9.39705619
A58T:K74D:T76A:S77G:A79V:L104V,7.0
T28P:Q62P:K74D:S75F:A79V:L104V,9.248075745
S30R:N59K:K74D:T76A:A79V:L104V,8.979868575
T28P:S30R:K74D:S75F:T76A:S77G,9.43349453
N59K:Q62P:S75F:T76A:A79V:L104V,8.742122505
T28P:S30R:Q62P:K74D:S75F:L104V,9.394880423
S30R:A58T:N59K:S77G:A79V:L104V,9.34923551
T28P:S30R:A58T:K74D:S77G:L104V,9.342408892
T28P:K74D:S75F:T76A:S77G:A79V,9.26748918
T28P:S30R:A58T:N59K:K74D:S77G,9.397301485
S30R:Q62P:T76A:S77G:A79V:L104V,8.559457358
Q62P:S75F:T76A:S77G:A79V:L104V,8.472361303
T28P:S30R:A58T:K74D:A79V:L104V,9.377545002
A58T:Q62P:K74D:T76A:A79V:L104V,7.0
T28P:S30R:N59K:S75F:T76A:S77G,9.566221052
T28P:N59K:S75F:T76A:S77G:L104V,9.473153222
S30R:Q62P:K74D:T76A:S77G:A79V,9.099638733
T28P:A58T:N59K:Q62P:K74D:L104V,8.350211863
S30R:A58T:K74D:S75F:T76A:S77G,9.333859797
N59K:Q62P:K74D:S75F:T76A:A79V,8.457431976
S30R:A58T:N59K:T76A:S77G:A79V,8.434366066
S30R:N59K:Q62P:K74D:S75F:T76A,9.370750897
T28P:S30R:N59K:Q62P:K74D:T76A,9.369114574
S30R:N59K:Q62P:S75F:S77G:L104V,9.324716575
N59K:S75F:T76A:S77G:A79V:L104V,8.736703885
T28P:N59K:Q62P:S75F:T76A:A79V,9.425417257
T28P:S30R:Q62P:K74D:T76A:L104V,9.36296205
T28P:S30R:S75F:T76A:S77G:L104V,9.556714252
S30R:Q62P:K74D:T76A:A79V:L104V,8.683825483
S30R:A58T:K74D:T76A:A79V:L104V,8.656885352
A58T:N59K:Q62P:K74D:S75F:L104V,8.365247001
A58T:S75F:T76A:S77G:A79V:L104V,8.544532886
S30R:A58T:S75F:T76A:S77G:A79V,9.188631367
S30R:N59K:S75F:T76A:A79V:L104V,9.280894207
T28P:S30R:N59K:Q62P:K74D:A79V,9.39586122
T28P:A58T:Q62P:K74D:S75F:L104V,9.199398592
T28P:N59K:K74D:S75F:A79V:L104V,9.298110713
S30R:A58T:N59K:Q62P:S75F:S77G,9.222552098
S30R:Q62P:K74D:S75F:T76A:A79V,9.303973688
S30R:A58T:N59K:Q62P:S77G:L104V,8.655247657
T28P:S30R:A58T:S75F:S77G:A79V,9.550002671
S30R:A58T:Q62P:S75F:S77G:A79V,9.325417539
T28P:S30R:A58T:Q62P:K74D:S75F,9.352843358
T28P:A58T:N59K:K74D:S75F:T76A,9.271635167
T28P:N59K:Q62P:K74D:A79V:L104V,8.790419301
T28P:A58T:Q62P:K74D:S75F:A79V,9.213310678
T28P:N59K:K74D:T76A:S77G:L104V,9.168559019
S30R:A58T:N59K:Q62P:A79V:L104V,8.63083618
A58T:N59K:Q62P:S75F:T76A:A79V,8.779805339
T28P:Q62P:K74D:T76A:A79V:L104V,8.518005924
A58T:Q62P:K74D:S75F:T76A:S77G,8.909975905
S30R:A58T:K74D:S75F:T76A:A79V,9.337999954
N59K:Q62P:S75F:S77G:A79V:L104V,8.887831434
A58T:N59K:S75F:S77G:A79V:L104V,8.881473845
S30R:A58T:Q62P:S75F:T76A:L104V,8.919726663
S30R:A58T:Q62P:K74D:S75F:A79V,9.36489263
T28P:K74D:T76A:S77G:A79V:L104V,9.143221001
T28P:S30R:S75F:T76A:A79V:L104V,9.536280849
T28P:A58T:Q62P:S75F:T76A:S77G,9.400170846
T28P:S30R:A58T:S75F:T76A:S77G,9.542904106
T28P:A58T:K74D:T76A:S77G:L104V,9.085064142
S30R:A58T:S75F:T76A:S77G:L104V,9.03092194
A58T:N59K:Q62P:S77G:A79V:L104V,8.920432894
T28P:N59K:K74D:S75F:T76A:A79V,9.289631848
A58T:N59K:S75F:T76A:S77G:L104V,8.945124025
A58T:Q62P:K74D:T76A:S77G:L104V,7.0
N59K:Q62P:K74D:T76A:A79V:L104V,7.0
T28P:S30R:S75F:T76A:S77G:A79V,9.549636501
A58T:Q62P:S75F:S77G:A79V:L104V,8.713301432
T28P:S30R:A58T:Q62P:K74D:S77G,9.328809733
S30R:A58T:N59K:Q62P:K74D:T76A,8.431297024
T28P:S30R:N59K:K74D:S75F:T76A,9.446539278
T28P:S30R:Q62P:K74D:A79V:L104V,9.428003005
A58T:N59K:S75F:T76A:S77G:A79V,8.665072479
T28P:A58T:N59K:Q62P:K74D:S75F,9.235109383
S30R:A58T:Q62P:K74D:T76A:L104V,8.317402793
A58T:K74D:S75F:T76A:A79V:L104V,8.598030909
S30R:A58T:N59K:S75F:S77G:L104V,9.283273102
S30R:A58T:Q62P:K74D:S75F:L104V,9.377565286
A58T:N59K:Q62P:K74D:A79V:L104V,7.0
S30R:N59K:Q62P:K74D:T76A:L104V,8.618492693
S30R:A58T:N59K:Q62P:K74D:A79V,8.827768059
T28P:A58T:N59K:S75F:T76A:S77G,9.453824482
T28P:N59K:Q62P:S75F:T76A:S77G,9.430989607
T28P:S30R:A58T:N59K:K74D:L104V,9.443180699
T28P:S30R:Q62P:S77G:A79V:L104V,9.462486569
S30R:A58T:K74D:S75F:T76A:L104V,9.352275111
T28P:S30R:N59K:K74D:S75F:L104V,9.505570655
T28P:Q62P:S75F:T76A:S77G:L104V,9.419045537
S30R:A58T:N59K:K74D:T76A:A79V,8.609860048
S30R:A58T:K74D:T76A:S77G:A79V,8.890050961
A58T:N59K:T76A:S77G:A79V:L104V,7.672849463
T28P:N59K:K74D:T76A:S77G:A79V,9.184724237
S30R:A58T:N59K:K74D:S75F:T76A,9.416955205
T28P:S30R:N59K:T76A:A79V:L104V,9.469713907
T28P:S30R:A58T:Q62P:S75F:S77G,9.5325759
T28P:S30R:N59K:K74D:T76A:L104V,9.404485088
T28P:A58T:S75F:S77G:A79V:L104V,9.423840629
A58T:N59K:Q62P:S75F:T76A:L104V,9.253756603
T28P:S30R:A58T:K74D:S75F:T76A,9.388598928
S30R:A58T:T76A:S77G:A79V:L104V,8.499302242
T28P:A58T:N59K:K74D:T76A:S77G,9.103172692
T28P:A58T:S75F:T76A:S77G:A79V,9.422789892
S30R:N59K:Q62P:T76A:S77G:A79V,8.602458636
S30R:A58T:N59K:Q62P:T76A:S77G,7.942625824
N59K:K74D:S75F:T76A:A79V:L104V,8.697560846
T28P:N59K:S75F:T76A:S77G:A79V,9.421664455
S30R:A58T:N59K:Q62P:T76A:A79V,7.76885097
S30R:A58T:Q62P:K74D:S75F:T76A,9.316681482
T28P:S30R:N59K:Q62P:K74D:L104V,9.435797341
T28P:S30R:K74D:T76A:A79V:L104V,9.354939341
T28P:S30R:A58T:Q62P:K74D:L104V,9.349796917
T28P:S30R:Q62P:K74D:S75F:A79V,9.38664766
A58T:Q62P:K74D:S75F:T76A:A79V,8.349954247
S30R:A58T:N59K:K74D:S75F:A79V,9.426229834
T28P:Q62P:S75F:T76A:S77G:A79V,9.396994977
S30R:A58T:N59K:S75F:S77G:A79V,9.45731828
T28P:S30R:A58T:N59K:Q62P:K74D,9.372253298
N59K:Q62P:S75F:T76A:S77G:A79V,8.636436101
T28P:S30R:A58T:K74D:T76A:S77G,9.291681662
A58T:Q62P:S75F:T76A:S77G:A79V,8.592533394
S30R:A58T:Q62P:S75F:S77G:L104V,8.988702509
S30R:A58T:Q62P:T76A:A79V:L104V,7.689862529
T28P:S30R:A58T:Q62P:S75F:T76A,9.506594897
S30R:A58T:N59K:T76A:S77G:L104V,8.141776604
S30R:A58T:Q62P:K74D:T76A:S77G,8.695423783
T28P:A58T:N59K:S77G:A79V:L104V,9.426217643
T28P:A58T:K74D:S75F:T76A:A79V,9.201813039
T28P:A58T:N59K:K74D:S77G:L104V,9.15918746
S30R:A58T:N59K:Q62P:S77G:A79V,9.401952648
T28P:S30R:N59K:Q62P:S75F:T76A,9.524391845
T28P:S30R:N59K:Q62P:K74D:S77G,9.372151684
T28P:A58T:Q62P:K74D:S77G:L104V,9.009424882
N59K:K74D:T76A:S77G:A79V:L104V,7.0
T28P:N59K:Q62P:K74D:T76A:A79V,8.545749579
Q62P:K74D:S75F:T76A:A79V:L104V,8.523448251
T28P:S30R:Q62P:S75F:T76A:S77G,9.527271477
A58T:N59K:K74D:T76A:A79V:L104V,7.0
A58T:N59K:Q62P:K74D:S77G:L104V,7.0
T28P:S30R:A58T:S77G:A79V:L104V,9.473507361
T28P:S30R:Q62P:K74D:T76A:S77G,9.34213393
T28P:Q62P:K74D:T76A:S77G:L104V,9.013650392
T28P:S30R:N59K:Q62P:K74D:S75F,9.401068246
T28P:N59K:Q62P:K74D:T76A:S77G,9.116144966
T28P:Q62P:K74D:T76A:S77G:A79V,9.12212468
T28P:Q62P:T76A:S77G:A79V:L104V,8.984057071
T28P:Q62P:S75F:S77G:A79V:L104V,9.427784881
T28P:S30R:Q62P:S75F:T76A:A79V,9.475644412
T28P:S30R:A58T:K74D:S77G:A79V,9.380009529
N59K:Q62P:K74D:T76A:S77G:L104V,7.0
T28P:S30R:N59K:K74D:T76A:S77G,9.384184381
T28P:N59K:Q62P:K74D:S77G:A79V,9.18929671
N59K:Q62P:K74D:S75F:T76A:L104V,8.861390421
T28P:S30R:A58T:N59K:T76A:S77G,9.452838579
A58T:N59K:Q62P:K74D:T76A:A79V,7.0
A58T:N59K:S75F:T76A:A79V:L104V,8.808024429
T28P:A58T:K74D:S75F:T76A:L104V,9.239306723
T28P:N59K:K74D:S75F:T76A:L104V,9.362876655
A58T:N59K:Q62P:K74D:S75F:A79V,8.275756186
T28P:S30R:A58T:N59K:S77G:A79V,9.489012015
T28P:S30R:Q62P:K74D:S77G:L104V,9.370091941
T28P:S30R:A58T:N59K:S77G:L104V,9.552934693
T28P:S30R:A58T:Q62P:S77G:L104V,9.5141136
T28P:A58T:N59K:Q62P:K74D:S77G,9.109150282
A58T:N59K:Q62P:S75F:S77G:A79V,9.062410904
S30R:A58T:Q62P:K74D:T76A:A79V,8.523152991
T28P:A58T:N59K:K74D:A79V:L104V,8.740628666
T28P:S30R:N59K:S77G:A79V:L104V,9.484441258
T28P:S30R:K74D:T76A:S77G:A79V,9.323686658
T28P:S30R:N59K:S75F:S77G:A79V,9.539391323
T28P:A58T:K74D:S75F:A79V:L104V,9.235641796
N59K:Q62P:T76A:S77G:A79V:L104V,8.327647866
S30R:A58T:Q62P:T76A:S77G:A79V,8.360617007
A58T:N59K:Q62P:K74D:T76A:S77G,7.0
T28P:S30R:N59K:Q62P:S77G:L104V,9.558501441
T28P:S30R:K74D:T76A:S77G:L104V,9.341232754
A58T:N59K:K74D:S75F:A79V:L104V,8.456878683
S30R:A58T:S75F:T76A:A79V:L104V,9.07600146
T28P:N59K:Q62P:S77G:A79V:L104V,9.380473759
T28P:S30R:T76A:S77G:A79V:L104V,9.433315829
T28P:S30R:A58T:N59K:K74D:A79V,9.387395529
T28P:K74D:S75F:T76A:A79V:L104V,9.25659084
T28P:Q62P:K74D:S75F:T76A:A79V,9.214693169
T28P:S30R:Q62P:K74D:T76A:A79V,9.31138162
T28P:A58T:N59K:Q62P:S77G:L104V,9.058697673
A58T:N59K:K74D:T76A:S77G:A79V,7.0
T28P:N59K:Q62P:K74D:T76A:L104V,8.308052718
S30R:A58T:N59K:T76A:A79V:L104V,8.284052421
A58T:N59K:Q62P:T76A:S77G:L104V,7.0
Q62P:K74D:T76A:S77G:A79V:L104V,7.0
A58T:Q62P:T76A:S77G:A79V:L104V,7.518110842
T28P:S30R:A58T:T76A:A79V:L104V,9.390717914
T28P:S30R:S75F:S77G:A79V:L104V,9.53300746
T28P:A58T:Q62P:K74D:S77G:A79V,9.155267247
T28P:S30R:A58T:Q62P:T76A:A79V,9.435836389
S30R:A58T:Q62P:S75F:T76A:A79V,8.918387663
T28P:S30R:A58T:N59K:Q62P:A79V,9.482220132
S30R:A58T:Q62P:K74D:S77G:L104V,8.974133565
A58T:Q62P:K74D:T76A:S77G:A79V,7.0
T28P:A58T:Q62P:K74D:T76A:A79V,8.433721495
T28P:S30R:A58T:N59K:A79V:L104V,9.482721736
T28P:N59K:Q62P:S75F:T76A:L104V,9.493548334
S30R:A58T:N59K:K74D:S75F:L104V,9.402673722
T28P:S30R:A58T:K74D:S75F:L104V,9.410173978
T28P:S30R:Q62P:S75F:S77G:L104V,9.552558964
T28P:N59K:Q62P:K74D:S77G:L104V,9.136795486
T28P:N59K:S75F:S77G:A79V:L104V,9.466302519
T28P:S30R:N59K:Q62P:T76A:S77G,9.424807664
T28P:S30R:A58T:N59K:Q62P:L104V,9.507157027
T28P:S30R:K74D:S75F:T76A:A79V,9.415101578
T28P:A58T:N59K:K74D:S75F:A79V,9.23471658
T28P:N59K:Q62P:S75F:S77G:A79V,9.469689008
T28P:A58T:N59K:Q62P:K74D:A79V,8.495486603
T28P:A58T:N59K:Q62P:T76A:S77G,8.59309759
A58T:N59K:K74D:S75F:T76A:A79V,8.645076071
T28P:N59K:Q62P:T76A:A79V:L104V,8.681758013
T28P:S30R:Q62P:K74D:S75F:T76A,9.407139645
T28P:S30R:A58T:Q62P:K74D:T76A,9.302765661
S30R:Q62P:K74D:S75F:T76A:L104V,9.357399288
T28P:S30R:N59K:S75F:T76A:A79V,9.531828211
T28P:S30R:Q62P:T76A:S77G:L104V,9.442746575
T28P:N59K:T76A:S77G:A79V:L104V,9.190046631
S30R:A58T:Q62P:S77G:A79V:L104V,9.133078994
T28P:N59K:S75F:T76A:A79V:L104V,9.49660814
T28P:S30R:N59K:Q62P:A79V:L104V,9.514935196
T28P:S30R:Q62P:S75F:S77G:A79V,9.533166875
T28P:A58T:S75F:T76A:A79V:L104V,9.397682264
T28P:A58T:N59K:S75F:S77G:A79V,9.434621705
T28P:A58T:T76A:S77G:A79V:L104V,9.144366782
T28P:Q62P:K74D:S75F:T76A:L104V,9.256472672
T28P:S30R:N59K:K74D:T76A:A79V,9.391241576
T28P:A58T:S75F:T76A:S77G:L104V,9.437946135
T28P:N59K:Q62P:T76A:S77G:L104V,8.789273517
T28P:A58T:Q62P:S75F:T76A:L104V,9.444453172
A58T:Q62P:K74D:S75F:T76A:L104V,8.737750426
T28P:S30R:N59K:K74D:S75F:A79V,9.397222521
N59K:Q62P:K74D:T76A:S77G:A79V,7.0
T28P:S30R:A58T:S75F:S77G:L104V,9.580436536
T28P:A58T:N59K:Q62P:K74D:T76A,8.264979621
T28P:S30R:Q62P:S75F:T76A:L104V,9.518314588
T28P:S30R:A58T:Q62P:A79V:L104V,9.454018262
T28P:N59K:Q62P:S75F:S77G:L104V,9.45348686
A58T:N59K:Q62P:K74D:S75F:T76A,8.846203333
T28P:S30R:A58T:N59K:K74D:S75F,9.412311649
T28P:A58T:K74D:T76A:S77G:A79V,9.160136906
A58T:N59K:Q62P:S75F:S77G:L104V,8.974957514
T28P:A58T:N59K:Q62P:S75F:T76A,9.45667803
T28P:S30R:A58T:Q62P:T76A:S77G,9.33903701
T28P:S30R:N59K:S75F:T76A:L104V,9.562647779
S30R:A58T:Q62P:T76A:S77G:L104V,7.821039649
T28P:A58T:N59K:S75F:T76A:A79V,9.454441944
T28P:S30R:A58T:T76A:S77G:A79V,9.424413955
T28P:N59K:Q62P:K74D:S75F:T76A,9.263897527
A58T:N59K:Q62P:T76A:A79V:L104V,7.0
T28P:A58T:N59K:Q62P:S75F:S77G,9.442660408
T28P:A58T:Q62P:S75F:S77G:L104V,9.448731997
T28P:N59K:Q62P:K74D:S75F:L104V,9.28449622
T28P:A58T:N59K:K74D:T76A:A79V,8.621017493
S30R:A58T:N59K:K74D:T76A:L104V,8.767206662
T28P:A58T:Q62P:S75F:T76A:A79V,9.357164126
T28P:S30R:N59K:T76A:S77G:L104V,9.475266369
A58T:N59K:Q62P:T76A:S77G:A79V,8.00430229
T28P:S30R:Q62P:T76A:S77G:A79V,9.430199066
T28P:S30R:A58T:N59K:S75F:S77G,9.581227059
T28P:S30R:Q62P:T76A:A79V:L104V,9.439849837
T28P:S30R:Q62P:K74D:S77G:A79V,9.372340803
T28P:A58T:N59K:Q62P:A79V:L104V,8.8883676
T28P:A58T:Q62P:K74D:T76A:S77G,8.999340167
T28P:N59K:K74D:T76A:A79V:L104V,8.817802987
T28P:S30R:A58T:T76A:S77G:L104V,9.423584066
S30R:A58T:N59K:Q62P:T76A:L104V,8.084398382
T28P:S30R:A58T:Q62P:S77G:A79V,9.48744179
T28P:S30R:N59K:S75F:S77G:L104V,9.583889884
T28P:A58T:Q62P:K74D:T76A:L104V,8.213755155
T28P:A58T:N59K:T76A:A79V:L104V,8.7471715
T28P:A58T:Q62P:K74D:S75F:T76A,9.195978951
S30R:A58T:N59K:S75F:T76A:L104V,9.318903282
T28P:A58T:N59K:S75F:S77G:L104V,9.498313638
T28P:A58T:Q62P:T76A:A79V:L104V,8.552936297
T28P:A58T:K74D:T76A:A79V:L104V,8.56376862
T28P:S30R:N59K:T76A:S77G:A79V,9.461813227
A58T:N59K:K74D:S75F:T76A:L104V,9.036016679
T28P:S30R:A58T:K74D:T76A:A79V,9.33954537
T28P:S30R:A58T:N59K:T76A:A79V,9.457627313
T28P:S30R:N59K:Q62P:S75F:S77G,9.52106286
T28P:A58T:Q62P:T76A:S77G:L104V,8.729654907
T28P:S30R:A58T:N59K:Q62P:S77G,9.514756529
T28P:S30R:A58T:N59K:K74D:T76A,9.375504678
T28P:N59K:Q62P:T76A:S77G:A79V,9.156663495
T28P:S30R:A58T:N59K:Q62P:T76A,9.366814742
S30R:A58T:N59K:S75F:T76A:A79V,9.164232522
T28P:A58T:Q62P:S77G:A79V:L104V,9.273247862
T28P:A58T:N59K:T76A:S77G:L104V,8.935881779
T28P:S30R:N59K:Q62P:T76A:L104V,9.455342392
T28P:A58T:N59K:Q62P:S77G:A79V,9.359089758
T28P:A58T:N59K:Q62P:T76A:L104V,8.454959571
T28P:A58T:N59K:K74D:S75F:L104V,9.293725924
T28P:S30R:N59K:Q62P:S77G:A79V,9.495933476
T28P:S30R:A58T:S75F:T76A:L104V,9.537787568
T28P:S30R:A58T:K74D:S75F:A79V,9.348971432
T28P:S30R:A58T:N59K:T76A:L104V,9.470914973
T28P:A58T:N59K:S75F:T76A:L104V,9.50227369
T28P:S30R:N59K:Q62P:T76A:A79V,9.484385628
T28P:A58T:Q62P:S75F:S77G:A79V,9.42524979
T28P:A58T:Q62P:T76A:S77G:A79V,9.055640513
T28P:A58T:N59K:T76A:S77G:A79V,9.233163411
T28P:S30R:A58T:Q62P:T76A:L104V,9.322959067
T28P:A58T:N59K:Q62P:T76A:A79V,8.583485861
T28P:A58T:N59K:K74D:T76A:L104V,8.437788069
T28P:S30R:A58T:S75F:T76A:A79V,9.473201223
T28P:S30R:A58T:K74D:T76A:L104V,9.349300965
T28P:S30R:A58T:N59K:S75F:T76A,9.504157066
T28P:S30R:N59K:Q62P:S75F:L104V,9.524994903
S30R:A58T:N59K:K74D:S75F:S77G,9.413787668
S30R:N59K:K74D:S75F:S77G:L104V,9.484953215
T28P:S30R:A58T:N59K:Q62P:S75F,9.515307674
A58T:N59K:Q62P:S75F:A79V:L104V,8.505520065
S30R:A58T:Q62P:S75F:A79V:L104V,8.443665599
T28P:S30R:A58T:N59K:S75F:L104V,9.432365867
A58T:N59K:Q62P:K74D:S75F:S77G,8.929986835
T28P:Q62P:K74D:S75F:S77G:L104V,9.340924437
S30R:A58T:K74D:S75F:S77G:L104V,9.309752119
T28P:S30R:Q62P:S75F:A79V:L104V,9.552313307
S30R:Q62P:K74D:S75F:S77G:A79V,9.283538083
S30R:K74D:S75F:S77G:A79V:L104V,9.574495553
S30R:A58T:N59K:Q62P:S75F:A79V,9.259587459
T28P:S30R:A58T:Q62P:S75F:A79V,9.438042905
T28P:S30R:N59K:K74D:S75F:S77G,9.303297289
T28P:S30R:A58T:K74D:S75F:S77G,9.391428201
T28P:N59K:K74D:S75F:S77G:L104V,9.292591476
N59K:Q62P:K74D:S75F:S77G:L104V,9.062973523
T28P:A58T:N59K:K74D:S75F:S77G,9.336699383
T28P:N59K:Q62P:S75F:A79V:L104V,9.550215451
T28P:A58T:Q62P:S75F:A79V:L104V,9.252907054
T28P:A58T:K74D:S75F:S77G:L104V,9.326989666
T28P:S30R:N59K:Q62P:S75F:A79V,9.444696179
A58T:N59K:Q62P:K74D:T76A:L104V,7.0
S30R:N59K:Q62P:K74D:S75F:A79V:L104V,9.429217815
S30R:N59K:Q62P:K74D:S75F:T76A:S77G,9.416308595
S30R:N59K:K74D:S75F:T76A:S77G:L104V,9.483269077
S30R:N59K:S75F:T76A:S77G:A79V:L104V,9.506624262
S30R:K74D:S75F:T76A:S77G:A79V:L104V,9.464119454
S30R:N59K:Q62P:K74D:S75F:T76A:A79V,9.372353068
S30R:N59K:Q62P:K74D:S77G:A79V:L104V,9.432525252
S30R:N59K:Q62P:S75F:T76A:S77G:L104V,9.274080151
S30R:A58T:Q62P:K74D:S77G:A79V:L104V,9.349265417
S30R:Q62P:K74D:S75F:T76A:S77G:A79V,9.337271754
S30R:N59K:Q62P:S75F:T76A:S77G:A79V,9.324919524
Q62P:K74D:S75F:T76A:S77G:A79V:L104V,9.004220782
S30R:A58T:N59K:Q62P:K74D:S77G:A79V,9.384580756
S30R:A58T:Q62P:S75F:T76A:A79V:L104V,9.02460228
A58T:K74D:S75F:T76A:S77G:A79V:L104V,9.084753454
S30R:A58T:K74D:S75F:T76A:A79V:L104V,9.344083865
S30R:Q62P:K74D:S75F:T76A:A79V:L104V,9.364422787
N59K:K74D:S75F:T76A:S77G:A79V:L104V,9.248038984
A58T:N59K:Q62P:K74D:S75F:T76A:S77G,9.057846354
T28P:S30R:A58T:N59K:K74D:S77G:A79V,9.431251457
S30R:Q62P:S75F:T76A:S77G:A79V:L104V,9.311256025
S30R:A58T:N59K:K74D:S77G:A79V:L104V,9.409205137
S30R:N59K:Q62P:S75F:S77G:A79V:L104V,9.513801422
S30R:A58T:N59K:Q62P:K74D:S77G:L104V,9.14923813
S30R:Q62P:K74D:S75F:T76A:S77G:L104V,9.389309159
N59K:Q62P:K74D:S75F:T76A:S77G:L104V,9.151706627
S30R:N59K:K74D:S75F:T76A:S77G:A79V,9.394837242
S30R:N59K:Q62P:S75F:T76A:A79V:L104V,9.285594992
S30R:A58T:N59K:K74D:T76A:S77G:L104V,8.978115501
T28P:A58T:N59K:Q62P:K74D:S75F:T76A,9.26054413
S30R:A58T:N59K:Q62P:S75F:T76A:S77G,9.130071111
T28P:Q62P:K74D:S75F:T76A:S77G:L104V,9.305087147
S30R:N59K:K74D:S75F:T76A:A79V:L104V,9.477220127
T28P:S30R:Q62P:S75F:T76A:S77G:L104V,9.551353736
T28P:N59K:K74D:S75F:T76A:S77G:L104V,9.398599157
S30R:A58T:N59K:S75F:T76A:S77G:A79V,9.305517824
S30R:A58T:Q62P:K74D:S75F:A79V:L104V,9.36308821
T28P:S30R:A58T:K74D:S75F:T76A:S77G,9.422299628
S30R:A58T:N59K:K74D:S75F:T76A:A79V,9.388944373
S30R:A58T:N59K:Q62P:K74D:A79V:L104V,8.976288306
S30R:N59K:Q62P:K74D:T76A:A79V:L104V,8.98382127
S30R:A58T:N59K:Q62P:S75F:S77G:A79V,9.491122651
T28P:N59K:Q62P:K74D:S75F:T76A:S77G,9.33349975
S30R:A58T:N59K:S75F:T76A:S77G:L104V,9.340612242
S30R:N59K:Q62P:K74D:T76A:S77G:L104V,9.088656212
T28P:N59K:K74D:S75F:T76A:S77G:A79V,9.346218041
T28P:S30R:N59K:K74D:S75F:T76A:S77G,9.476954288
T28P:S30R:Q62P:K74D:S75F:T76A:S77G,9.422977143
T28P:A58T:K74D:S75F:T76A:S77G:L104V,9.29655894
N59K:Q62P:K74D:S75F:T76A:S77G:A79V,9.039319495
S30R:A58T:K74D:S75F:T76A:S77G:L104V,9.351979112
S30R:A58T:N59K:Q62P:T76A:S77G:L104V,8.219894426
T28P:S30R:N59K:K74D:S77G:A79V:L104V,9.46232952
A58T:N59K:K74D:S75F:T76A:S77G:L104V,9.228308811
S30R:A58T:K74D:T76A:S77G:A79V:L104V,9.101960121
T28P:S30R:Q62P:K74D:S75F:A79V:L104V,9.422005693
S30R:N59K:Q62P:T76A:S77G:A79V:L104V,8.713606283
T28P:S30R:N59K:Q62P:K74D:S77G:A79V,9.433135731
T28P:N59K:Q62P:K74D:S75F:A79V:L104V,9.313310463
S30R:Q62P:K74D:T76A:S77G:A79V:L104V,9.1278889
A58T:N59K:Q62P:S75F:T76A:A79V:L104V,8.864980711
S30R:A58T:N59K:K74D:S75F:T76A:L104V,9.413600547
T28P:S30R:N59K:Q62P:K74D:A79V:L104V,9.414498411
T28P:A58T:N59K:K74D:S77G:A79V:L104V,9.275300825
S30R:A58T:N59K:K74D:S75F:T76A:S77G,9.396321853
A58T:N59K:Q62P:K74D:S77G:A79V:L104V,8.31387598
S30R:A58T:N59K:Q62P:K74D:T76A:L104V,8.593099052
S30R:A58T:K74D:S75F:T76A:S77G:A79V,9.341500851
A58T:N59K:Q62P:K74D:S75F:A79V:L104V,8.238805247
T28P:S30R:K74D:S75F:T76A:S77G:A79V,9.425716649
S30R:A58T:Q62P:K74D:T76A:A79V:L104V,8.588687631
T28P:S30R:Q62P:S75F:T76A:S77G:A79V,9.524816462
T28P:S30R:A58T:N59K:K74D:S77G:L104V,9.420261296
T28P:A58T:N59K:Q62P:K74D:S75F:L104V,9.290406768
T28P:N59K:Q62P:K74D:T76A:S77G:L104V,9.24171147
S30R:A58T:Q62P:K74D:S75F:T76A:S77G,9.340478104
S30R:A58T:N59K:Q62P:K74D:S75F:L104V,9.436671063
A58T:Q62P:K74D:S75F:T76A:S77G:L104V,8.952642123
S30R:N59K:K74D:T76A:S77G:A79V:L104V,9.293674522
T28P:A58T:N59K:K74D:S75F:T76A:S77G,9.302348196
S30R:A58T:N59K:Q62P:S75F:T76A:L104V,9.188573722
T28P:S30R:A58T:N59K:Q62P:K74D:A79V,9.371962712
S30R:A58T:N59K:Q62P:K74D:T76A:A79V,8.592873122
N59K:Q62P:K74D:S75F:T76A:A79V:L104V,8.746715034
T28P:A58T:K74D:S75F:T76A:A79V:L104V,9.246535727
T28P:A58T:Q62P:K74D:S75F:A79V:L104V,9.22251203
S30R:A58T:N59K:Q62P:S77G:A79V:L104V,9.37478692
T28P:S30R:Q62P:S75F:T76A:A79V:L104V,9.504595041
T28P:K74D:S75F:T76A:S77G:A79V:L104V,9.309397283
S30R:A58T:N59K:K74D:T76A:S77G:A79V,9.148614485
T28P:S30R:Q62P:K74D:S77G:A79V:L104V,9.410657948
T28P:N59K:K74D:S75F:T76A:A79V:L104V,9.309680116
N59K:Q62P:S75F:T76A:S77G:A79V:L104V,8.811143095
S30R:A58T:N59K:K74D:S75F:A79V:L104V,9.428292331
A58T:N59K:Q62P:S75F:S77G:A79V:L104V,8.963566474
T28P:S30R:A58T:Q62P:K74D:A79V:L104V,9.39227979
T28P:S30R:N59K:S75F:T76A:S77G:L104V,9.599715745
T28P:A58T:Q62P:K74D:S77G:A79V:L104V,9.173597038
T28P:S30R:A58T:Q62P:K74D:S75F:L104V,9.419314548
T28P:S30R:A58T:Q62P:K74D:S75F:A79V,9.386623214
S30R:A58T:Q62P:S75F:S77G:A79V:L104V,9.285830494
A58T:N59K:Q62P:S75F:T76A:S77G:L104V,8.969180236
T28P:S30R:N59K:Q62P:K74D:S75F:A79V,9.392849114
S30R:A58T:N59K:T76A:S77G:A79V:L104V,8.759739698
T28P:S30R:A58T:K74D:S77G:A79V:L104V,9.385789461
S30R:A58T:N59K:S75F:S77G:A79V:L104V,9.468010024
T28P:Q62P:K74D:S75F:T76A:S77G:A79V,9.270059824
S30R:N59K:Q62P:K74D:S75F:T76A:L104V,9.443907236
S30R:N59K:Q62P:K74D:T76A:S77G:A79V,9.181030757
T28P:S30R:A58T:Q62P:K74D:S77G:A79V,9.379065027
S30R:A58T:Q62P:S75F:T76A:S77G:L104V,9.033597776
S30R:A58T:Q62P:K74D:S75F:T76A:A79V,9.319784931
S30R:A58T:Q62P:S75F:T76A:S77G:A79V,9.230111665
T28P:S30R:Q62P:K74D:T76A:A79V:L104V,9.376020831
T28P:N59K:Q62P:S75F:T76A:A79V:L104V,9.489889877
T28P:S30R:A58T:N59K:S75F:T76A:S77G,9.550160757
T28P:A58T:N59K:Q62P:K74D:S77G:A79V,9.23906127
A58T:N59K:Q62P:K74D:T76A:A79V:L104V,7.0
S30R:A58T:N59K:Q62P:S75F:T76A:A79V,9.107874252
T28P:S30R:N59K:K74D:T76A:S77G:L104V,9.438129565
T28P:S30R:S75F:T76A:S77G:A79V:L104V,9.550003405
T28P:S30R:A58T:S75F:T76A:S77G:A79V,9.552141676
T28P:A58T:K74D:S75F:T76A:S77G:A79V,9.330566647
T28P:A58T:N59K:Q62P:K74D:S75F:A79V,9.188559077
S30R:A58T:S75F:T76A:S77G:A79V:L104V,9.290625387
S30R:A58T:Q62P:K74D:T76A:S77G:A79V,8.956584389
T28P:S30R:A58T:K74D:T76A:S77G:A79V,9.367333682
T28P:N59K:S75F:T76A:S77G:A79V:L104V,9.484951533
T28P:A58T:S75F:T76A:S77G:A79V:L104V,9.447451616
T28P:A58T:Q62P:S75F:T76A:S77G:L104V,9.427177863
A58T:Q62P:K74D:T76A:S77G:A79V:L104V,7.0
T28P:S30R:N59K:T76A:S77G:A79V:L104V,9.508275764
T28P:S30R:A58T:N59K:Q62P:K74D:S77G,9.358907099
T28P:Q62P:K74D:S75F:T76A:A79V:L104V,9.274221154
T28P:Q62P:S75F:T76A:S77G:A79V:L104V,9.419093973
A58T:Q62P:S75F:T76A:S77G:A79V:L104V,8.617852816
A58T:N59K:K74D:S75F:T76A:S77G:A79V,9.058924246
A58T:N59K:K74D:T76A:S77G:A79V:L104V,7.0
T28P:S30R:A58T:N59K:S75F:S77G:L104V,9.578304674
T28P:S30R:A58T:N59K:K74D:S75F:L104V,9.489652332
T28P:S30R:A58T:Q62P:K74D:S77G:L104V,9.346317089
T28P:S30R:A58T:K74D:T76A:S77G:L104V,9.348844535
S30R:A58T:N59K:Q62P:T76A:S77G:A79V,8.607734876
S30R:A58T:N59K:Q62P:K74D:S75F:A79V,9.381952882
T28P:S30R:A58T:N59K:Q62P:S77G:L104V,9.531693802
A58T:N59K:K74D:S75F:T76A:A79V:L104V,8.840257567
T28P:N59K:Q62P:S75F:T76A:S77G:L104V,9.448469633
T28P:S30R:Q62P:K74D:S75F:T76A:A79V,9.413330262
T28P:A58T:N59K:Q62P:K74D:A79V:L104V,8.681731951
T28P:S30R:N59K:Q62P:K74D:S77G:L104V,9.426848076
A58T:Q62P:K74D:S75F:T76A:A79V:L104V,8.598724549
T28P:S30R:A58T:N59K:K74D:S75F:T76A,9.437277934
T28P:S30R:A58T:K74D:S75F:A79V:L104V,9.392235991
T28P:S30R:A58T:N59K:K74D:T76A:S77G,9.372522893
T28P:S30R:Q62P:K74D:T76A:S77G:L104V,9.366409315
T28P:A58T:Q62P:S75F:T76A:A79V:L104V,9.424675412
T28P:S30R:K74D:S75F:T76A:S77G:L104V,9.460154455
T28P:A58T:Q62P:K74D:S75F:T76A:S77G,9.253851933
T28P:N59K:Q62P:K74D:S77G:A79V:L104V,9.27604606
T28P:A58T:N59K:K74D:S75F:T76A:A79V,9.287324601
T28P:N59K:K74D:T76A:S77G:A79V:L104V,9.237867319
A58T:N59K:Q62P:T76A:S77G:A79V:L104V,8.293313391
S30R:A58T:N59K:Q62P:K74D:T76A:S77G,8.958648118
T28P:A58T:N59K:Q62P:S75F:T76A:S77G,9.412043516
A58T:N59K:Q62P:K74D:S75F:T76A:A79V,8.444708056
T28P:N59K:Q62P:K74D:T76A:A79V:L104V,8.774044863
S30R:A58T:Q62P:T76A:S77G:A79V:L104V,8.447963128
T28P:S30R:K74D:T76A:S77G:A79V:L104V,9.373831326
T28P:S30R:A58T:Q62P:S75F:S77G:A79V,9.536276551
A58T:N59K:Q62P:S75F:T76A:S77G:A79V,8.743929706
A58T:Q62P:K74D:S75F:T76A:S77G:A79V,8.932148599
T28P:S30R:N59K:Q62P:K74D:S75F:L104V,9.473724526
T28P:A58T:N59K:K74D:T76A:S77G:L104V,9.207112576
S30R:A58T:N59K:K74D:T76A:A79V:L104V,8.88577838
S30R:A58T:Q62P:K74D:T76A:S77G:L104V,8.739367268
T28P:A58T:Q62P:K74D:T76A:A79V:L104V,8.413603828
S30R:A58T:N59K:Q62P:S75F:S77G:L104V,9.229638343
T28P:S30R:A58T:N59K:Q62P:S75F:T76A,9.515921001
T28P:A58T:N59K:Q62P:S77G:A79V:L104V,9.412703325
T28P:N59K:Q62P:S75F:T76A:S77G:A79V,9.432228947
T28P:S30R:N59K:S75F:S77G:A79V:L104V,9.585216669
T28P:S30R:A58T:K74D:S75F:T76A:L104V,9.414189011
T28P:S30R:A58T:N59K:Q62P:K74D:T76A,9.390342527
T28P:N59K:Q62P:K74D:S75F:T76A:A79V,9.265863368
S30R:A58T:N59K:Q62P:K74D:S75F:T76A,9.366724011
T28P:A58T:N59K:Q62P:T76A:S77G:L104V,8.894393337
T28P:S30R:A58T:N59K:Q62P:S75F:S77G,9.544687373
T28P:S30R:N59K:S75F:T76A:S77G:A79V,9.565554118
T28P:A58T:Q62P:K74D:T76A:S77G:L104V,9.117307347
T28P:S30R:N59K:Q62P:K74D:T76A:S77G,9.393967736
A58T:N59K:S75F:T76A:S77G:A79V:L104V,8.778774935
T28P:S30R:N59K:K74D:T76A:S77G:A79V,9.411757636
T28P:Q62P:K74D:T76A:S77G:A79V:L104V,9.181158314
T28P:S30R:A58T:N59K:Q62P:K74D:L104V,9.427263278
S30R:A58T:N59K:Q62P:T76A:A79V:L104V,8.328500819
N59K:Q62P:K74D:T76A:S77G:A79V:L104V,7.07776543
T28P:N59K:Q62P:S75F:S77G:A79V:L104V,9.477609238
T28P:S30R:N59K:Q62P:S77G:A79V:L104V,9.544321612
T28P:S30R:Q62P:K74D:S75F:T76A:L104V,9.440882326
T28P:S30R:N59K:K74D:S75F:A79V:L104V,9.435642748
T28P:S30R:A58T:N59K:Q62P:K74D:S75F,9.410868084
T28P:S30R:K74D:S75F:T76A:A79V:L104V,9.425911162
T28P:S30R:N59K:Q62P:S75F:T76A:A79V,9.546021591
T28P:S30R:N59K:Q62P:S75F:T76A:S77G,9.531795988
T28P:S30R:A58T:S75F:T76A:S77G:L104V,9.558208778
T28P:A58T:N59K:K74D:S75F:A79V:L104V,9.304307403
T28P:A58T:N59K:S75F:T76A:S77G:A79V,9.458385617
T28P:N59K:Q62P:T76A:S77G:A79V:L104V,9.181884277
T28P:A58T:Q62P:K74D:S75F:T76A:A79V,9.238146968
T28P:A58T:N59K:S75F:T76A:S77G:L104V,9.49157309
T28P:A58T:N59K:Q62P:K74D:T76A:L104V,8.338701672
T28P:S30R:A58T:N59K:S77G:A79V:L104V,9.500279711
T28P:S30R:A58T:Q62P:K74D:T76A:A79V,9.340714064
T28P:S30R:A58T:Q62P:T76A:A79V:L104V,9.435474655
T28P:S30R:A58T:N59K:T76A:S77G:A79V,9.488602026
T28P:A58T:N59K:T76A:S77G:A79V:L104V,9.248615491
T28P:S30R:N59K:Q62P:K74D:T76A:A79V,9.394329291
A58T:N59K:Q62P:K74D:T76A:S77G:L104V,7.0
T28P:S30R:A58T:N59K:Q62P:A79V:L104V,9.516207639
T28P:A58T:Q62P:S75F:T76A:S77G:A79V,9.392942461
T28P:S30R:N59K:K74D:S75F:T76A:A79V,9.425754811
T28P:S30R:A58T:N59K:S75F:T76A:A79V,9.53400091
T28P:S30R:N59K:Q62P:K74D:S75F:T76A,9.437315004
T28P:S30R:N59K:K74D:T76A:A79V:L104V,9.397013135
T28P:S30R:N59K:Q62P:S75F:T76A:L104V,9.538718057
T28P:S30R:A58T:Q62P:S75F:T76A:L104V,9.534814356
T28P:S30R:A58T:T76A:S77G:A79V:L104V,9.422368628
T28P:S30R:Q62P:S75F:S77G:A79V:L104V,9.539902202
T28P:S30R:A58T:K74D:S75F:T76A:A79V,9.40516255
T28P:A58T:N59K:Q62P:S75F:T76A:L104V,9.51346278
T28P:A58T:K74D:T76A:S77G:A79V:L104V,9.217665939
T28P:A58T:N59K:Q62P:S75F:T76A:A79V,9.425636863
T28P:A58T:N59K:Q62P:K74D:T76A:S77G,9.148988265
T28P:S30R:N59K:Q62P:K74D:T76A:L104V,9.429006304
T28P:S30R:A58T:Q62P:S75F:T76A:S77G,9.533301347
T28P:S30R:A58T:N59K:K74D:A79V:L104V,9.371373805
T28P:A58T:N59K:K74D:T76A:S77G:A79V,9.234279139
T28P:S30R:N59K:Q62P:T76A:S77G:L104V,9.49437632
T28P:S30R:A58T:Q62P:S75F:S77G:L104V,9.548351601
T28P:S30R:Q62P:T76A:S77G:A79V:L104V,9.41975753
T28P:S30R:A58T:N59K:S75F:S77G:A79V,9.554909652
T28P:A58T:N59K:S75F:S77G:A79V:L104V,9.45927759
T28P:S30R:N59K:Q62P:T76A:A79V:L104V,9.464321254
T28P:A58T:N59K:K74D:T76A:A79V:L104V,8.845403985
T28P:S30R:N59K:K74D:S75F:T76A:L104V,9.494425495
T28P:A58T:N59K:Q62P:K74D:T76A:A79V,8.60909389
T28P:S30R:N59K:S75F:T76A:A79V:L104V,9.566118891
T28P:S30R:A58T:N59K:Q62P:T76A:A79V,9.478434698
T28P:S30R:A58T:Q62P:S77G:A79V:L104V,9.498581305
T28P:A58T:Q62P:S75F:S77G:A79V:L104V,9.400116458
T28P:S30R:A58T:N59K:K74D:T76A:A79V,9.389392877
T28P:S30R:A58T:N59K:K74D:S75F:A79V,9.436983817
T28P:S30R:Q62P:K74D:T76A:S77G:A79V,9.401655299
T28P:S30R:A58T:Q62P:K74D:T76A:S77G,9.310292317
S30R:A58T:Q62P:K74D:S75F:T76A:L104V,9.366663335
S30R:A58T:N59K:S75F:T76A:A79V:L104V,9.324717983
T28P:A58T:Q62P:K74D:S75F:T76A:L104V,9.241487058
A58T:N59K:Q62P:K74D:S75F:T76A:L104V,8.936913462
T28P:S30R:A58T:K74D:T76A:A79V:L104V,9.363388784
T28P:S30R:A58T:S75F:S77G:A79V:L104V,9.51934665
T28P:A58T:N59K:K74D:S75F:T76A:L104V,9.321909078
T28P:S30R:A58T:N59K:Q62P:T76A:S77G,9.456488577
A58T:N59K:Q62P:K74D:T76A:S77G:A79V,7.0
T28P:A58T:Q62P:T76A:S77G:A79V:L104V,9.088506592
T28P:A58T:N59K:S75F:T76A:A79V:L104V,9.464352613
T28P:A58T:Q62P:K74D:T76A:S77G:A79V,9.189831051
T28P:S30R:A58T:N59K:K74D:T76A:L104V,9.377571703
T28P:S30R:A58T:Q62P:T76A:S77G:L104V,9.423498508
T28P:S30R:N59K:Q62P:S75F:S77G:A79V,9.558500488
T28P:N59K:Q62P:K74D:S75F:T76A:L104V,9.309770185
T28P:N59K:Q62P:K74D:T76A:S77G:A79V,9.215505767
T28P:A58T:N59K:Q62P:K74D:S77G:L104V,9.198798709
T28P:S30R:A58T:Q62P:K74D:S75F:T76A,9.397126258
T28P:S30R:A58T:N59K:T76A:A79V:L104V,9.493899003
T28P:S30R:A58T:Q62P:S75F:T76A:A79V,9.489296683
T28P:S30R:N59K:Q62P:S75F:S77G:L104V,9.549610329
T28P:A58T:N59K:Q62P:T76A:S77G:A79V,9.224456281
T28P:S30R:A58T:N59K:Q62P:S77G:A79V,9.494052346
T28P:S30R:A58T:N59K:T76A:S77G:L104V,9.457955958
T28P:A58T:N59K:Q62P:T76A:A79V:L104V,8.823013522
T28P:A58T:N59K:Q62P:S75F:S77G:A79V,9.444238029
T28P:S30R:A58T:Q62P:K74D:T76A:L104V,9.372462539
T28P:S30R:A58T:Q62P:T76A:S77G:A79V,9.408258426
T28P:A58T:N59K:Q62P:S75F:S77G:L104V,9.469846638
T28P:S30R:A58T:N59K:Q62P:T76A:L104V,9.446808809
T28P:S30R:N59K:Q62P:T76A:S77G:A79V,9.431297172
T28P:S30R:A58T:S75F:T76A:A79V:L104V,9.487897423
T28P:S30R:A58T:N59K:S75F:T76A:L104V,9.567748249
S30R:Q62P:K74D:S75F:S77G:A79V:L104V,9.408346314
T28P:S30R:A58T:K74D:S75F:S77G:L104V,9.439429257
S30R:A58T:N59K:Q62P:S75F:A79V:L104V,9.329786258
T28P:S30R:A58T:N59K:S75F:A79V:L104V,9.560436176
T28P:S30R:N59K:K74D:S75F:S77G:A79V,9.534764141
T28P:A58T:K74D:S75F:S77G:A79V:L104V,9.400531704
S30R:A58T:N59K:K74D:S75F:S77G:L104V,9.356579634
T28P:S30R:A58T:N59K:K74D:S75F:S77G,9.332190989
T28P:N59K:Q62P:K74D:S75F:S77G:A79V,9.295997909
T28P:S30R:A58T:N59K:Q62P:S75F:L104V,9.611323382
T28P:S30R:A58T:N59K:Q62P:S75F:A79V,9.413647883
T28P:S30R:A58T:Q62P:K74D:S75F:S77G,9.43577438
T28P:A58T:N59K:Q62P:S75F:A79V:L104V,9.452175012
T28P:S30R:A58T:Q62P:S75F:A79V:L104V,9.484975172
S30R:N59K:Q62P:K74D:S75F:T76A:S77G:L104V,9.451968011
S30R:Q62P:K74D:S75F:T76A:S77G:A79V:L104V,9.392127856
S30R:N59K:K74D:S75F:T76A:S77G:A79V:L104V,9.475050898
S30R:A58T:N59K:Q62P:K74D:S77G:A79V:L104V,9.403140318
S30R:N59K:Q62P:S75F:T76A:S77G:A79V:L104V,9.487636782
S30R:A58T:N59K:K74D:S75F:T76A:S77G:A79V,9.417831471
S30R:A58T:N59K:Q62P:K74D:S75F:T76A:S77G,9.390781516
T28P:N59K:K74D:S75F:T76A:S77G:A79V:L104V,9.399508722
S30R:N59K:Q62P:K74D:S75F:T76A:A79V:L104V,9.419595033
S30R:A58T:N59K:K74D:S75F:T76A:S77G:L104V,9.447136472
S30R:A58T:N59K:Q62P:S75F:T76A:A79V:L104V,9.249491157
S30R:A58T:K74D:S75F:T76A:S77G:A79V:L104V,9.3891072
T28P:Q62P:K74D:S75F:T76A:S77G:A79V:L104V,9.316602966
S30R:A58T:Q62P:K74D:S75F:T76A:S77G:A79V,9.35581857
T28P:S30R:N59K:K74D:S75F:T76A:S77G:L104V,9.526395207
A58T:N59K:K74D:S75F:T76A:S77G:A79V:L104V,9.245902416
S30R:A58T:N59K:Q62P:S75F:S77G:A79V:L104V,9.45497051
T28P:S30R:A58T:N59K:K74D:S77G:A79V:L104V,9.447667588
N59K:Q62P:K74D:S75F:T76A:S77G:A79V:L104V,9.288871122
S30R:A58T:Q62P:K74D:T76A:S77G:A79V:L104V,9.106978164
S30R:N59K:Q62P:K74D:S75F:T76A:S77G:A79V,9.436154019
T28P:S30R:Q62P:K74D:S75F:T76A:S77G:A79V,9.440189145
A58T:N59K:Q62P:K74D:S75F:T76A:S77G:L104V,9.170302701
T28P:S30R:A58T:N59K:Q62P:K74D:A79V:L104V,9.409268581
T28P:S30R:Q62P:S75F:T76A:S77G:A79V:L104V,9.547093071
T28P:S30R:A58T:Q62P:K74D:S77G:A79V:L104V,9.384024338
T28P:S30R:N59K:Q62P:K74D:S75F:A79V:L104V,9.45764926
S30R:A58T:N59K:Q62P:K74D:T76A:A79V:L104V,8.783174706
S30R:A58T:N59K:K74D:T76A:S77G:A79V:L104V,9.307023611
S30R:A58T:N59K:Q62P:K74D:S75F:T76A:A79V,9.349953019
S30R:A58T:Q62P:K74D:S75F:T76A:S77G:L104V,9.331382264
T28P:A58T:N59K:Q62P:K74D:S77G:A79V:L104V,9.273180612
T28P:A58T:K74D:S75F:T76A:S77G:A79V:L104V,9.305817647
S30R:N59K:Q62P:K74D:T76A:S77G:A79V:L104V,9.395869334
T28P:S30R:A58T:N59K:Q62P:K74D:S77G:A79V,9.451448825
T28P:N59K:Q62P:K74D:S75F:T76A:S77G:A79V,9.345398995
S30R:A58T:N59K:Q62P:S75F:T76A:S77G:L104V,9.292877018
S30R:A58T:N59K:Q62P:T76A:S77G:A79V:L104V,8.62844329
T28P:S30R:N59K:Q62P:K74D:S77G:A79V:L104V,9.477520274
T28P:S30R:Q62P:K74D:S75F:T76A:S77G:L104V,9.463261766
T28P:S30R:N59K:Q62P:K74D:S75F:T76A:S77G,9.486914875
S30R:A58T:N59K:Q62P:K74D:S75F:A79V:L104V,9.397651912
T28P:S30R:A58T:K74D:S75F:T76A:A79V:L104V,9.427714192
T28P:S30R:A58T:N59K:K74D:S75F:T76A:S77G,9.466514407
T28P:S30R:K74D:S75F:T76A:S77G:A79V:L104V,9.45989644
S30R:A58T:N59K:S75F:T76A:S77G:A79V:L104V,9.448947511
T28P:S30R:N59K:Q62P:S75F:T76A:A79V:L104V,9.548741882
T28P:A58T:N59K:K74D:S75F:T76A:S77G:A79V,9.354434891
T28P:S30R:A58T:S75F:T76A:S77G:A79V:L104V,9.555093748
T28P:S30R:A58T:Q62P:K74D:S75F:A79V:L104V,9.417141678
S30R:A58T:N59K:K74D:S75F:T76A:A79V:L104V,9.417978512
T28P:S30R:A58T:N59K:Q62P:K74D:S77G:L104V,9.401982744
A58T:Q62P:K74D:S75F:T76A:S77G:A79V:L104V,9.039064939
T28P:S30R:A58T:Q62P:S75F:T76A:A79V:L104V,9.515374437
T28P:S30R:A58T:N59K:Q62P:K74D:S75F:L104V,9.472066703
S30R:A58T:Q62P:S75F:T76A:S77G:A79V:L104V,9.295058003
A58T:N59K:Q62P:K74D:S75F:T76A:S77G:A79V,9.073988987
T28P:A58T:N59K:K74D:S75F:T76A:A79V:L104V,9.321918348
T28P:S30R:A58T:N59K:Q62P:S75F:T76A:S77G,9.562628756
T28P:S30R:A58T:K74D:S75F:T76A:S77G:A79V,9.440743827
S30R:A58T:N59K:Q62P:K74D:T76A:S77G:A79V,9.143777403
T28P:S30R:N59K:S75F:T76A:S77G:A79V:L104V,9.580170728
T28P:S30R:A58T:N59K:K74D:T76A:S77G:L104V,9.410069087
A58T:N59K:Q62P:S75F:T76A:S77G:A79V:L104V,8.832793144
T28P:S30R:N59K:K74D:S75F:T76A:A79V:L104V,9.489767143
S30R:A58T:N59K:Q62P:S75F:T76A:S77G:A79V,9.353124649
T28P:S30R:N59K:Q62P:K74D:S75F:T76A:A79V,9.45632028
S30R:A58T:Q62P:K74D:S75F:T76A:A79V:L104V,9.305627887
T28P:S30R:A58T:Q62P:K74D:S75F:T76A:S77G,9.440472135
T28P:A58T:Q62P:K74D:S75F:T76A:S77G:L104V,9.302731631
T28P:A58T:N59K:Q62P:K74D:S75F:T76A:A79V,9.274934045
A58T:N59K:Q62P:K74D:S75F:T76A:A79V:L104V,8.547535331
T28P:S30R:A58T:N59K:S75F:T76A:S77G:A79V,9.589388973
T28P:A58T:N59K:S75F:T76A:S77G:A79V:L104V,9.506082598
T28P:S30R:A58T:K74D:S75F:T76A:S77G:L104V,9.412793607
T28P:S30R:A58T:N59K:S75F:T76A:S77G:L104V,9.604437548
T28P:S30R:A58T:N59K:K74D:T76A:S77G:A79V,9.40703814
T28P:S30R:A58T:N59K:Q62P:K74D:T76A:S77G,9.380466536
T28P:S30R:A58T:N59K:Q62P:K74D:S75F:A79V,9.400310302
T28P:A58T:N59K:K74D:S75F:T76A:S77G:L104V,9.379011326
T28P:S30R:A58T:N59K:K74D:S75F:T76A:A79V,9.474167421
T28P:N59K:Q62P:K74D:S75F:T76A:S77G:L104V,9.354452468
T28P:A58T:N59K:Q62P:S75F:T76A:S77G:L104V,9.492329712
S30R:A58T:N59K:Q62P:K74D:T76A:S77G:L104V,9.118459359
T28P:S30R:A58T:N59K:Q62P:K74D:T76A:A79V,9.389914521
T28P:A58T:N59K:Q62P:K74D:S75F:T76A:L104V,9.313238504
T28P:A58T:Q62P:K74D:S75F:T76A:A79V:L104V,9.230310723
T28P:A58T:N59K:Q62P:K74D:S75F:T76A:S77G,9.320036131
S30R:A58T:N59K:Q62P:K74D:S75F:T76A:L104V,9.412955432
T28P:A58T:N59K:Q62P:S75F:T76A:A79V:L104V,9.473321239
T28P:S30R:A58T:Q62P:S75F:T76A:S77G:A79V,9.556685675
T28P:S30R:A58T:N59K:K74D:S75F:T76A:L104V,9.478331794
T28P:A58T:Q62P:K74D:S75F:T76A:S77G:A79V,9.311150797
T28P:S30R:A58T:N59K:Q62P:S75F:T76A:A79V,9.529446121
A58T:N59K:Q62P:K74D:T76A:S77G:A79V:L104V,7.0
T28P:S30R:Q62P:K74D:S75F:T76A:A79V:L104V,9.447250206
T28P:S30R:A58T:Q62P:K74D:T76A:S77G:L104V,9.343118588
T28P:S30R:A58T:Q62P:S75F:S77G:A79V:L104V,9.530464069
T28P:S30R:N59K:K74D:S75F:T76A:S77G:A79V,9.476371399
T28P:A58T:N59K:Q62P:K74D:T76A:A79V:L104V,8.819579696
T28P:S30R:N59K:K74D:T76A:S77G:A79V:L104V,9.47560985
T28P:S30R:N59K:Q62P:S75F:T76A:S77G:A79V,9.560184558
T28P:S30R:N59K:Q62P:K74D:T76A:S77G:L104V,9.430159716
T28P:S30R:N59K:Q62P:S75F:T76A:S77G:L104V,9.570108157
T28P:S30R:A58T:Q62P:K74D:S75F:T76A:A79V,9.428175686
T28P:N59K:Q62P:S75F:T76A:S77G:A79V:L104V,9.46419828
T28P:S30R:A58T:N59K:K74D:T76A:A79V:L104V,9.4043692
T28P:S30R:N59K:Q62P:S75F:S77G:A79V:L104V,9.583108761
T28P:S30R:A58T:N59K:Q62P:S75F:T76A:L104V,9.532891586
T28P:S30R:A58T:N59K:S75F:T76A:A79V:L104V,9.55182235
T28P:S30R:A58T:N59K:T76A:S77G:A79V:L104V,9.467788156
T28P:S30R:A58T:Q62P:K74D:T76A:A79V:L104V,9.371322661
T28P:S30R:N59K:Q62P:K74D:T76A:A79V:L104V,9.420399258
T28P:A58T:N59K:Q62P:K74D:T76A:S77G:L104V,9.20124613
T28P:S30R:A58T:N59K:Q62P:K74D:S75F:T76A,9.43776354
T28P:S30R:N59K:Q62P:T76A:S77G:A79V:L104V,9.486709072
T28P:S30R:Q62P:K74D:T76A:S77G:A79V:L104V,9.410144353
T28P:S30R:A58T:K74D:T76A:S77G:A79V:L104V,9.375407071
T28P:S30R:A58T:Q62P:K74D:T76A:S77G:A79V,9.371480417
T28P:N59K:Q62P:K74D:S75F:T76A:A79V:L104V,9.334594741
T28P:A58T:N59K:Q62P:K74D:S75F:A79V:L104V,9.28716729
T28P:S30R:A58T:N59K:S75F:S77G:A79V:L104V,9.576540102
T28P:S30R:A58T:N59K:Q62P:T76A:S77G:L104V,9.503411608
T28P:S30R:A58T:N59K:K74D:S75F:A79V:L104V,9.481825137
T28P:A58T:Q62P:S75F:T76A:S77G:A79V:L104V,9.435487955
T28P:S30R:A58T:N59K:Q62P:S77G:A79V:L104V,9.523923943
T28P:S30R:N59K:Q62P:K74D:S75F:T76A:L104V,9.482809892
T28P:A58T:Q62P:K74D:T76A:S77G:A79V:L104V,9.216531264
T28P:A58T:N59K:Q62P:S75F:S77G:A79V:L104V,9.45596761
T28P:A58T:N59K:Q62P:K74D:T76A:S77G:A79V,9.234175526
T28P:A58T:N59K:K74D:T76A:S77G:A79V:L104V,9.295630663
T28P:S30R:N59K:Q62P:K74D:T76A:S77G:A79V,9.423643098
T28P:S30R:A58T:N59K:Q62P:K74D:T76A:L104V,9.390356293
T28P:A58T:N59K:Q62P:S75F:T76A:S77G:A79V,9.458105572
T28P:S30R:A58T:Q62P:S75F:T76A:S77G:L104V,9.540868877
T28P:S30R:A58T:N59K:Q62P:S75F:S77G:A79V,9.553420773
T28P:S30R:A58T:Q62P:T76A:S77G:A79V:L104V,9.432206193
T28P:N59K:Q62P:K74D:T76A:S77G:A79V:L104V,9.289298416
T28P:S30R:A58T:Q62P:K74D:S75F:T76A:L104V,9.426302312
T28P:S30R:A58T:N59K:Q62P:T76A:S77G:A79V,9.544103725
T28P:A58T:N59K:Q62P:T76A:S77G:A79V:L104V,9.284729249
T28P:S30R:A58T:N59K:Q62P:T76A:A79V:L104V,9.502445483
T28P:S30R:A58T:N59K:Q62P:S75F:S77G:L104V,9.568683975
T28P:S30R:A58T:N59K:Q62P:S75F:A79V:L104V,9.57920234
T28P:S30R:N59K:Q62P:K74D:S75F:S77G:L104V,9.494225533
T28P:S30R:A58T:N59K:K74D:S75F:S77G:L104V,9.497895888
T28P:N59K:Q62P:K74D:S75F:S77G:A79V:L104V,9.326792266
T28P:A58T:Q62P:K74D:S75F:S77G:A79V:L104V,9.101972937
T28P:S30R:A58T:N59K:K74D:S75F:S77G:A79V,9.563048982
S30R:N59K:Q62P:K74D:S75F:S77G:A79V:L104V,9.476734583
S30R:A58T:N59K:K74D:S75F:T76A:S77G:A79V:L104V,9.468554505
S30R:N59K:Q62P:K74D:S75F:T76A:S77G:A79V:L104V,9.462190964
T28P:S30R:N59K:Q62P:K74D:S75F:T76A:S77G:L104V,9.521480482
S30R:A58T:N59K:Q62P:K74D:S75F:T76A:S77G:L104V,9.43233308
S30R:A58T:N59K:Q62P:K74D:T76A:S77G:A79V:L104V,9.25308774
T28P:S30R:A58T:Q62P:K74D:S75F:T76A:S77G:L104V,9.464219237
T28P:A58T:N59K:K74D:S75F:T76A:S77G:A79V:L104V,9.380726014
S30R:A58T:Q62P:K74D:S75F:T76A:S77G:A79V:L104V,9.360763554
S30R:A58T:N59K:Q62P:S75F:T76A:S77G:A79V:L104V,9.420316
T28P:S30R:Q62P:K74D:S75F:T76A:S77G:A79V:L104V,9.480403623
A58T:N59K:Q62P:K74D:S75F:T76A:S77G:A79V:L104V,9.151441311
S30R:A58T:N59K:Q62P:K74D:S75F:T76A:S77G:A79V,9.39579389
T28P:N59K:Q62P:K74D:S75F:T76A:S77G:A79V:L104V,9.38745746
T28P:S30R:A58T:N59K:Q62P:K74D:S75F:T76A:S77G,9.492039629
T28P:S30R:N59K:K74D:S75F:T76A:S77G:A79V:L104V,9.525433375
T28P:S30R:A58T:K74D:S75F:T76A:S77G:A79V:L104V,9.443397065
T28P:A58T:Q62P:K74D:S75F:T76A:S77G:A79V:L104V,9.335516197
T28P:S30R:A58T:N59K:Q62P:K74D:S77G:A79V:L104V,9.465906526
T28P:S30R:A58T:N59K:K74D:S75F:T76A:A79V:L104V,9.508168434
T28P:S30R:A58T:N59K:K74D:S75F:T76A:S77G:L104V,9.522287964
T28P:S30R:N59K:Q62P:S75F:T76A:S77G:A79V:L104V,9.581211619
S30R:A58T:N59K:Q62P:K74D:S75F:T76A:A79V:L104V,9.359136297
T28P:S30R:A58T:N59K:K74D:T76A:S77G:A79V:L104V,9.450463985
T28P:S30R:A58T:N59K:K74D:S75F:T76A:S77G:A79V,9.486560443
T28P:S30R:A58T:Q62P:K74D:S75F:T76A:S77G:A79V,9.44279354
T28P:S30R:N59K:Q62P:K74D:S75F:T76A:S77G:A79V,9.482918988
T28P:S30R:A58T:N59K:Q62P:K74D:T76A:A79V:L104V,9.389238802
T28P:S30R:A58T:N59K:Q62P:S75F:T76A:S77G:A79V,9.591055862
T28P:S30R:A58T:Q62P:K74D:T76A:S77G:A79V:L104V,9.384842307
T28P:S30R:A58T:N59K:Q62P:S75F:T76A:A79V:L104V,9.540279103
T28P:A58T:N59K:Q62P:K74D:S75F:T76A:S77G:L104V,9.364440369
T28P:S30R:A58T:N59K:Q62P:K74D:S75F:A79V:L104V,9.447709984
T28P:A58T:N59K:Q62P:K74D:S75F:T76A:A79V:L104V,9.32195265
T28P:S30R:A58T:N59K:Q62P:K74D:S75F:T76A:A79V,9.46765969
T28P:S30R:A58T:Q62P:K74D:S75F:T76A:A79V:L104V,9.411869964
T28P:A58T:N59K:Q62P:K74D:S75F:T76A:S77G:A79V,9.341524146
T28P:S30R:A58T:Q62P:S75F:T76A:S77G:A79V:L104V,9.532865625
T28P:A58T:N59K:Q62P:K74D:T76A:S77G:A79V:L104V,9.258982875
T28P:S30R:A58T:N59K:Q62P:S75F:T76A:S77G:L104V,9.587846957
T28P:S30R:A58T:N59K:Q62P:S75F:S77G:A79V:L104V,9.562446874
T28P:S30R:A58T:N59K:Q62P:T76A:S77G:A79V:L104V,9.501663009
T28P:S30R:N59K:Q62P:K74D:S75F:T76A:A79V:L104V,9.488408629
T28P:S30R:A58T:N59K:Q62P:K74D:T76A:S77G:A79V,9.44490609
T28P:A58T:N59K:Q62P:S75F:T76A:S77G:A79V:L104V,9.468802038
T28P:S30R:A58T:N59K:Q62P:K74D:S75F:T76A:L104V,9.472459715
T28P:S30R:A58T:N59K:S75F:T76A:S77G:A79V:L104V,9.588700681
T28P:S30R:A58T:N59K:Q62P:K74D:T76A:S77G:L104V,9.378287716
T28P:S30R:N59K:Q62P:K74D:T76A:S77G:A79V:L104V,9.474266229
T28P:S30R:A58T:N59K:K74D:S75F:T76A:S77G:A79V:L104V,9.520243823
S30R:A58T:N59K:Q62P:K74D:S75F:T76A:S77G:A79V:L104V,9.420286497
T28P:S30R:A58T:N59K:Q62P:K74D:S75F:T76A:S77G:L104V,9.501690831
T28P:A58T:N59K:Q62P:K74D:S75F:T76A:S77G:A79V:L104V,9.372119251
T28P:S30R:A58T:Q62P:K74D:S75F:T76A:S77G:A79V:L104V,9.4382433
T28P:S30R:N59K:Q62P:K74D:S75F:T76A:S77G:A79V:L104V,9.508150889
T28P:S30R:A58T:N59K:Q62P:K74D:S75F:T76A:S77G:A79V,9.46350042
T28P:S30R:A58T:N59K:Q62P:K74D:S75F:T76A:A79V:L104V,9.466931429
T28P:S30R:A58T:N59K:Q62P:K74D:T76A:S77G:A79V:L104V,9.445293972
T28P:S30R:A58T:N59K:Q62P:S75F:T76A:S77G:A79V:L104V,9.575790893
T28P:S30R:A58T:N59K:Q62P:K74D:S75F:T76A:S77G:A79V:L104V,9.506654275
