Mutant Name,Delta Elbos
R991Q,-3.463204827589152
R991I,-0.444868310292577
L989R,0.3927382698132078
L989R:R991Q,-2.7658076776822327
L989R:R991I,0.4634539603096073
L988D,0.14643252664609463
L988D:R991Q,-3.528973754307117
L988D:R991I,-0.27241010140187427
L988D:L989R,1.0693592697914482
L988D:L989R:R991Q,-3.0853074928793376
L988D:L989R:R991I,0.15380659376705808
N986T,-1.157542461326102
N986T:R991Q,-5.02216261358717
N986T:R991I,-2.059363149386172
N986T:L989R,-0.8906712003058601
N986T:L989R:R991Q,-4.401881745059654
N986T:L989R:R991I,-1.495412141284305
N986T:L988D,-1.3614217402414397
N986T:L988D:R991Q,-4.584388695966936
N986T:L988D:R991I,-1.126482318368744
N986T:L988D:L989R,-0.9180959102570796
N986T:L988D:L989R:R991Q,-4.398019904747798
N986T:L988D:L989R:R991I,-1.2398227702399254
N986L,-2.2782732557968757
N986L:R991Q,-5.850680623775588
N986L:R991I,-2.3131133056597264
N986L:L989R,-0.7918546485545903
N986L:L989R:R991Q,-4.7286715949474
N986L:L989R:R991I,-1.6234182426662755
N986L:L988D,-1.9735500547953961
N986L:L988D:R991Q,-5.8090572891489956
N986L:L988D:R991I,-2.0245350168038385
N986L:L988D:L989R,-0.6496270403924882
N986L:L988D:L989R:R991Q,-4.711739718628451
N986L:L988D:L989R:R991I,-1.1213660126163632
N985L,-2.025271563697288
N985L:R991Q,-5.940414612560062
N985L:R991I,-2.3422849356388724
N985L:L989R,-1.5882643798158824
N985L:L989R:R991Q,-5.262426584024297
N985L:L989R:R991I,-1.563976361429468
N985L:L988D,-2.1218551343051786
N985L:L988D:R991Q,-5.504147339772771
N985L:L988D:R991I,-2.0956729028728205
N985L:L988D:L989R,-1.3431823232042461
N985L:L988D:L989R:R991Q,-4.728100196956348
N985L:L988D:L989R:R991I,-1.9797998598955928
N985L:N986T,-4.126809763002484
N985L:N986T:R991Q,-7.440519234182148
N985L:N986T:R991I,-4.376060922061015
N985L:N986T:L989R,-3.232086626755745
N985L:N986T:L989R:R991Q,-6.802708213409687
N985L:N986T:L989R:R991I,-3.567756883502625
N985L:N986T:L988D,-4.2957000773863
N985L:N986T:L988D:R991Q,-8.275900276476705
N985L:N986T:L988D:R991I,-4.164935523019494
N985L:N986T:L988D:L989R,-2.8343272579247696
N985L:N986T:L988D:L989R:R991Q,-6.37659537257332
N985L:N986T:L988D:L989R:R991I,-3.0454393253689886
N985L:N986L,-4.105373892232137
N985L:N986L:R991Q,-8.005174033373123
N985L:N986L:R991I,-4.78879587010033
N985L:N986L:L989R,-4.372394296569155
N985L:N986L:L989R:R991Q,-6.6721145360934315
N985L:N986L:L989R:R991I,-3.7130653506349063
N985L:N986L:L988D,-4.261224246732581
N985L:N986L:L988D:R991Q,-7.214500050302604
N985L:N986L:L988D:R991I,-4.276251524346435
N985L:N986L:L988D:L989R,-3.7602476069948807
N985L:N986L:L988D:L989R:R991Q,-6.855819792570401
N985L:N986L:L988D:L989R:R991I,-3.7806043397808935
N985D,-2.4876542572078506
N985D:R991Q,-5.98984333316821
N985D:R991I,-2.575730753570042
N985D:L989R,-2.212711314692342
N985D:L989R:R991Q,-5.638098714646276
N985D:L989R:R991I,-1.9925502584756032
N985D:L988D,-2.998698922700669
N985D:L988D:R991Q,-6.577147107592509
N985D:L988D:R991I,-2.2936455151264
N985D:L988D:L989R,-2.370837028579217
N985D:L988D:L989R:R991Q,-5.08988109309189
N985D:L988D:L989R:R991I,-1.9146294670651969
N985D:N986T,-4.202647435055496
N985D:N986T:R991Q,-7.459264522164631
N985D:N986T:R991I,-4.453817363994403
N985D:N986T:L989R,-3.207593158698046
N985D:N986T:L989R:R991Q,-7.034014886358591
N985D:N986T:L989R:R991I,-4.318413341556834
N985D:N986T:L988D,-4.17532435611497
N985D:N986T:L988D:R991Q,-7.8813110336218415
N985D:N986T:L988D:R991I,-4.151958195178622
N985D:N986T:L988D:L989R,-4.504407079848306
N985D:N986T:L988D:L989R:R991Q,-7.219630545888549
N985D:N986T:L988D:L989R:R991I,-3.529490341663177
N985D:N986L,-4.838097470359116
N985D:N986L:R991Q,-8.183223909980597
N985D:N986L:R991I,-4.7833223262903175
N985D:N986L:L989R,-4.364925764408781
N985D:N986L:L989R:R991Q,-7.669011412681584
N985D:N986L:L989R:R991I,-3.959797688171193
N985D:N986L:L988D,-4.587988349843499
N985D:N986L:L988D:R991Q,-7.4074646840579135
N985D:N986L:L988D:R991I,-4.518526594101786
N985D:N986L:L988D:L989R,-4.114898183091327
N985D:N986L:L988D:L989R:R991Q,-6.995277538805567
N985D:N986L:L988D:L989R:R991I,-5.160051046733997
A889R,-1.558395573559892
A889R:R991Q,-4.181539647659292
A889R:R991I,-1.7660581001946412
A889R:L989R,-0.6417338158864823
A889R:L989R:R991Q,-4.452375871605227
A889R:L989R:R991I,-0.6399209145361056
A889R:L988D,-0.9052066681113047
A889R:L988D:R991Q,-4.869748724277542
A889R:L988D:R991I,-1.1676798620464979
A889R:L988D:L989R,0.37189658727334063
A889R:L988D:L989R:R991Q,-4.413630988504337
A889R:L988D:L989R:R991I,-0.12044189503626512
A889R:N986T,-3.039230405993294
A889R:N986T:R991Q,-6.594396923765316
A889R:N986T:R991I,-2.6716803424394584
A889R:N986T:L989R,-1.4674200765502974
A889R:N986T:L989R:R991Q,-5.842826106547136
A889R:N986T:L989R:R991I,-2.1561925300516123
A889R:N986T:L988D,-2.2732051983007295
A889R:N986T:L988D:R991Q,-6.113471544707409
A889R:N986T:L988D:R991I,-2.7337875068565154
A889R:N986T:L988D:L989R,-1.3265437909246884
A889R:N986T:L988D:L989R:R991Q,-5.764111738250676
A889R:N986T:L988D:L989R:R991I,-1.8072861588645992
A889R:N986L,-3.3185644995598977
A889R:N986L:R991Q,-6.280230688470283
A889R:N986L:R991I,-2.7743004492426735
A889R:N986L:L989R,-2.505362212861428
A889R:N986L:L989R:R991Q,-5.4611975717359655
A889R:N986L:L989R:R991I,-2.1695690771014142
A889R:N986L:L988D,-2.828619660805316
A889R:N986L:L988D:R991Q,-6.607208184381761
A889R:N986L:L988D:R991I,-3.1273194031637104
A889R:N986L:L988D:L989R,-2.258234476087864
A889R:N986L:L988D:L989R:R991Q,-5.997199614433612
A889R:N986L:L988D:L989R:R991I,-2.8872395097403114
A889R:N985L,-3.9480218842436443
A889R:N985L:R991Q,-7.146040179443389
A889R:N985L:R991I,-3.5362641692597663
A889R:N985L:L989R,-2.0443796764432136
A889R:N985L:L989R:R991Q,-6.230954605532588
A889R:N985L:L989R:R991I,-2.5728608551314665
A889R:N985L:L988D,-2.706518419307031
A889R:N985L:L988D:R991Q,-6.052972070878923
A889R:N985L:L988D:R991I,-3.123611990097743
A889R:N985L:L988D:L989R,-2.2936249930050963
A889R:N985L:L988D:L989R:R991Q,-5.83876615023928
A889R:N985L:L988D:L989R:R991I,-2.0257179701270616
A889R:N985L:N986T,-4.75309593992165
A889R:N985L:N986T:R991Q,-7.7276240309286095
A889R:N985L:N986T:R991I,-4.8969756803035125
A889R:N985L:N986T:L989R,-3.789287032235734
A889R:N985L:N986T:L989R:R991Q,-7.844854852261051
A889R:N985L:N986T:L989R:R991I,-4.454679713972837
A889R:N985L:N986T:L988D,-4.797006075619038
A889R:N985L:N986T:L988D:R991Q,-8.215436366084077
A889R:N985L:N986T:L988D:R991I,-5.0053635954582205
A889R:N985L:N986T:L988D:L989R,-3.7123097839830734
A889R:N985L:N986T:L988D:L989R:R991Q,-7.521141218326193
A889R:N985L:N986T:L988D:L989R:R991I,-4.292052315072851
A889R:N985L:N986L,-6.271123165078507
A889R:N985L:N986L:R991Q,-8.756547552417032
A889R:N985L:N986L:R991I,-5.59340855587152
A889R:N985L:N986L:L989R,-4.709210138045137
A889R:N985L:N986L:L989R:R991Q,-8.128500340359096
A889R:N985L:N986L:L989R:R991I,-5.968158283309322
A889R:N985L:N986L:L988D,-5.122751419382894
A889R:N985L:N986L:L988D:R991Q,-8.694162730050493
A889R:N985L:N986L:L988D:R991I,-5.954960645855181
A889R:N985L:N986L:L988D:L989R,-4.497441921487734
A889R:N985L:N986L:L988D:L989R:R991Q,-7.8487503850969915
A889R:N985L:N986L:L988D:L989R:R991I,-4.267594429476048
A889R:N985D,-3.241327321007475
A889R:N985D:R991Q,-6.654169961026582
A889R:N985D:R991I,-4.175294759455483
A889R:N985D:L989R,-3.236190922576725
A889R:N985D:L989R:R991Q,-5.925084470429738
A889R:N985D:L989R:R991I,-3.49056064016213
A889R:N985D:L988D,-3.45347391698283
A889R:N985D:L988D:R991Q,-7.4159293658242404
A889R:N985D:L988D:R991I,-4.002129209064606
A889R:N985D:L988D:L989R,-2.9302283439144503
A889R:N985D:L988D:L989R:R991Q,-5.838772439849436
A889R:N985D:L988D:L989R:R991I,-2.97524923514311
A889R:N985D:N986T,-5.310410550478537
A889R:N985D:N986T:R991Q,-8.579023532566907
A889R:N985D:N986T:R991I,-5.34638699432503
A889R:N985D:N986T:L989R,-3.862435501372147
A889R:N985D:N986T:L989R:R991Q,-9.050753475327383
A889R:N985D:N986T:L989R:R991I,-4.523844189972351
A889R:N985D:N986T:L988D,-5.0870417648516195
A889R:N985D:N986T:L988D:R991Q,-8.561887265848782
A889R:N985D:N986T:L988D:R991I,-5.640968298751204
A889R:N985D:N986T:L988D:L989R,-4.492722913681746
A889R:N985D:N986T:L988D:L989R:R991Q,-7.914401940238577
A889R:N985D:N986T:L988D:L989R:R991I,-4.184070964379771
A889R:N985D:N986L,-5.768212537007685
A889R:N985D:N986L:R991Q,-8.801990101702359
A889R:N985D:N986L:R991I,-5.483503304285705
A889R:N985D:N986L:L989R,-4.885800883512957
A889R:N985D:N986L:L989R:R991Q,-8.635434633667273
A889R:N985D:N986L:L989R:R991I,-5.663054780636003
A889R:N985D:N986L:L988D,-6.138331607235386
A889R:N985D:N986L:L988D:R991Q,-9.007696271551595
A889R:N985D:N986L:L988D:R991I,-5.300263383900301
A889R:N985D:N986L:L988D:L989R,-4.576365868241282
A889R:N985D:N986L:L988D:L989R:R991Q,-7.6038347903365775
A889R:N985D:N986L:L988D:L989R:R991I,-4.315649562549652
A889S,2.5546694841070803
A889S:R991Q,-0.4740518567957679
A889S:R991I,2.69851208267778
A889S:L989R,3.383115745489249
A889S:L989R:R991Q,0.16451316116717862
A889S:L989R:R991I,2.3701038816036544
A889S:L988D,3.059156155815117
A889S:L988D:R991Q,-0.5841506286346885
A889S:L988D:R991I,3.0028532102089684
A889S:L988D:L989R,3.4382192960185876
A889S:L988D:L989R:R991Q,0.2018033571334854
A889S:L988D:L989R:R991I,3.2815011868265174
A889S:N986T,1.6179408697521467
A889S:N986T:R991Q,-2.4090061573308503
A889S:N986T:R991I,0.9759417441866844
A889S:N986T:L989R,1.783272977626666
A889S:N986T:L989R:R991Q,-1.1153177647067878
A889S:N986T:L989R:R991I,1.4737089485290653
A889S:N986T:L988D,1.26226531148086
A889S:N986T:L988D:R991Q,-2.192344751473229
A889S:N986T:L988D:R991I,1.1735329231787546
A889S:N986T:L988D:L989R,1.9290461585762841
A889S:N986T:L988D:L989R:R991Q,-1.126951189383817
A889S:N986T:L988D:L989R:R991I,2.0355407523795748
A889S:N986L,0.5742018744285815
A889S:N986L:R991Q,-2.8249130085175693
A889S:N986L:R991I,0.3905517441135089
A889S:N986L:L989R,0.5936169418400823
A889S:N986L:L989R:R991Q,-1.29009702583744
A889S:N986L:L989R:R991I,1.1746546126767043
A889S:N986L:L988D,0.961139067529075
A889S:N986L:L988D:R991Q,-2.485075447228155
A889S:N986L:L988D:R991I,0.8554397889936354
A889S:N986L:L988D:L989R,1.987821541217727
A889S:N986L:L988D:L989R:R991Q,-2.336754847084876
A889S:N986L:L988D:L989R:R991I,1.0887270753207758
A889S:N985L,-0.10115105462477914
A889S:N985L:R991Q,-3.3102327173710364
A889S:N985L:R991I,0.1763012457743116
A889S:N985L:L989R,1.195170900418134
A889S:N985L:L989R:R991Q,-2.285171643841295
A889S:N985L:L989R:R991I,1.4129072858415839
A889S:N985L:L988D,0.34888398525981756
A889S:N985L:L988D:R991Q,-2.8299420631917656
A889S:N985L:L988D:R991I,0.25133616103744316
A889S:N985L:L988D:L989R,1.4619798529950003
A889S:N985L:L988D:L989R:R991Q,-1.6541652731948489
A889S:N985L:L988D:L989R:R991I,1.1826650001419239
A889S:N985L:N986T,-1.221226274632727
A889S:N985L:N986T:R991Q,-5.086788394959967
A889S:N985L:N986T:R991I,-1.6846772313328984
A889S:N985L:N986T:L989R,-0.7401925949488941
A889S:N985L:N986T:L989R:R991Q,-3.6598282256734365
A889S:N985L:N986T:L989R:R991I,-0.8543515305129858
A889S:N985L:N986T:L988D,-0.9875271163487014
A889S:N985L:N986T:L988D:R991Q,-5.106019473645119
A889S:N985L:N986T:L988D:R991I,-1.1681295941216376
A889S:N985L:N986T:L988D:L989R,-0.9662150454944367
A889S:N985L:N986T:L988D:L989R:R991Q,-3.4314325704363
A889S:N985L:N986T:L988D:L989R:R991I,-0.24889791395025895
A889S:N985L:N986L,-1.4427969821508668
A889S:N985L:N986L:R991Q,-5.115136367153127
A889S:N985L:N986L:R991I,-1.3941883369807329
A889S:N985L:N986L:L989R,-1.026760303656829
A889S:N985L:N986L:L989R:R991Q,-3.7177883811668835
A889S:N985L:N986L:L989R:R991I,-0.88008758429919
A889S:N985L:N986L:L988D,-1.7348635765806648
A889S:N985L:N986L:L988D:R991Q,-5.3108839313265435
A889S:N985L:N986L:L988D:R991I,-1.7979199005603732
A889S:N985L:N986L:L988D:L989R,-0.7674864899745444
A889S:N985L:N986L:L988D:L989R:R991Q,-4.254817771849048
A889S:N985L:N986L:L988D:L989R:R991I,-1.056118614069419
A889S:N985D,-0.40673614359775456
A889S:N985D:R991Q,-4.425775544877752
A889S:N985D:R991I,-0.5662587093959246
A889S:N985D:L989R,0.7299711660250523
A889S:N985D:L989R:R991Q,-2.5499672134078537
A889S:N985D:L989R:R991I,0.004030731213561012
A889S:N985D:L988D,-0.08009538727424115
A889S:N985D:L988D:R991Q,-3.308521937223759
A889S:N985D:L988D:R991I,-0.04764099788940257
A889S:N985D:L988D:L989R,0.7833746480246191
A889S:N985D:L988D:L989R:R991Q,-3.168185244441702
A889S:N985D:L988D:L989R:R991I,0.8255675295226865
A889S:N985D:N986T,-1.75629884831028
A889S:N985D:N986T:R991Q,-4.941376231382947
A889S:N985D:N986T:R991I,-1.2485298412541397
A889S:N985D:N986T:L989R,-1.6078855879638922
A889S:N985D:N986T:L989R:R991Q,-4.068956777698986
A889S:N985D:N986T:L989R:R991I,-0.8044942298263322
A889S:N985D:N986T:L988D,-1.3939471915807644
A889S:N985D:N986T:L988D:R991Q,-4.756636084129241
A889S:N985D:N986T:L988D:R991I,-1.5202722421863655
A889S:N985D:N986T:L988D:L989R,-0.9712401746758133
A889S:N985D:N986T:L988D:L989R:R991Q,-3.8541253349405906
A889S:N985D:N986T:L988D:L989R:R991I,-0.9030436070495398
A889S:N985D:N986L,-2.5230607876053455
A889S:N985D:N986L:R991Q,-5.07003960822226
A889S:N985D:N986L:R991I,-2.3939230359753765
A889S:N985D:N986L:L989R,-1.8108085092219426
A889S:N985D:N986L:L989R:R991Q,-5.107103122901435
A889S:N985D:N986L:L989R:R991I,-0.8581517008969968
A889S:N985D:N986L:L988D,-2.730971265320022
A889S:N985D:N986L:L988D:R991Q,-5.51576302556191
A889S:N985D:N986L:L988D:R991I,-2.3145917524807373
A889S:N985D:N986L:L988D:L989R,-0.5912472730401532
A889S:N985D:N986L:L988D:L989R:R991Q,-3.977863490702248
A889S:N985D:N986L:L988D:L989R:R991I,-1.5400477095899987
N888Q,-4.40864004134869
N888Q:R991Q,-7.967831058067986
N888Q:R991I,-5.017290411979957
N888Q:L989R,-3.9994906431275012
N888Q:L989R:R991Q,-7.915993197027319
N888Q:L989R:R991I,-4.232567578671706
N888Q:L988D,-4.560953249202839
N888Q:L988D:R991Q,-7.469304829762905
N888Q:L988D:R991I,-4.956255617530587
N888Q:L988D:L989R,-4.019348290150674
N888Q:L988D:L989R:R991Q,-7.026190444264557
N888Q:L988D:L989R:R991I,-3.9877899417592744
N888Q:N986T,-6.5152019007100535
N888Q:N986T:R991Q,-10.308419848217
N888Q:N986T:R991I,-5.955048865082745
N888Q:N986T:L989R,-5.641264288184857
N888Q:N986T:L989R:R991Q,-8.976701156094578
N888Q:N986T:L989R:R991I,-6.2365382358514125
N888Q:N986T:L988D,-6.087790301928635
N888Q:N986T:L988D:R991Q,-9.546210096300001
N888Q:N986T:L988D:R991I,-6.106170749473222
N888Q:N986T:L988D:L989R,-5.346081172882123
N888Q:N986T:L988D:L989R:R991Q,-8.682053847081079
N888Q:N986T:L988D:L989R:R991I,-5.656348474743709
N888Q:N986L,-6.3745278313556355
N888Q:N986L:R991Q,-10.18092033864491
N888Q:N986L:R991I,-6.351436616618912
N888Q:N986L:L989R,-6.018652059159422
N888Q:N986L:L989R:R991Q,-8.450074680441276
N888Q:N986L:L989R:R991I,-6.198451348418075
N888Q:N986L:L988D,-6.7783088618332386
N888Q:N986L:L988D:R991Q,-10.410027854566124
N888Q:N986L:L988D:R991I,-5.980209373168009
N888Q:N986L:L988D:L989R,-5.367078490279482
N888Q:N986L:L988D:L989R:R991Q,-8.945423838919169
N888Q:N986L:L988D:L989R:R991I,-5.841176146597945
N888Q:N985L,-8.052230634885518
N888Q:N985L:R991Q,-10.155947202944844
N888Q:N985L:R991I,-6.658264288985038
N888Q:N985L:L989R,-6.606845263184823
N888Q:N985L:L989R:R991Q,-9.619051684716624
N888Q:N985L:L989R:R991I,-7.223678763757789
N888Q:N985L:L988D,-6.877404609898349
N888Q:N985L:L988D:R991Q,-9.333435885045219
N888Q:N985L:L988D:R991I,-7.120649286076286
N888Q:N985L:L988D:L989R,-5.803294851039709
N888Q:N985L:L988D:L989R:R991Q,-9.829063649342743
N888Q:N985L:L988D:L989R:R991I,-6.4997586903873525
N888Q:N985L:N986T,-8.235757398139867
N888Q:N985L:N986T:R991Q,-11.103179094569896
N888Q:N985L:N986T:R991I,-8.985895747183577
N888Q:N985L:N986T:L989R,-7.105347961397229
N888Q:N985L:N986T:L989R:R991Q,-11.105772731118577
N888Q:N985L:N986T:L989R:R991I,-7.195173717061834
N888Q:N985L:N986T:L988D,-7.772026148887107
N888Q:N985L:N986T:L988D:R991Q,-11.509290181750202
N888Q:N985L:N986T:L988D:R991I,-8.866565861615527
N888Q:N985L:N986T:L988D:L989R,-7.430912402832746
N888Q:N985L:N986T:L988D:L989R:R991Q,-11.244518144903168
N888Q:N985L:N986T:L988D:L989R:R991I,-7.4661040347928065
N888Q:N985L:N986L,-8.414359373555726
N888Q:N985L:N986L:R991Q,-12.693249750350333
N888Q:N985L:N986L:R991I,-9.403661443834608
N888Q:N985L:N986L:L989R,-8.67422217703347
N888Q:N985L:N986L:L989R:R991Q,-11.62602403760684
N888Q:N985L:N986L:L989R:R991I,-8.283120263026376
N888Q:N985L:N986L:L988D,-8.890634922106301
N888Q:N985L:N986L:L988D:R991Q,-13.481709880546305
N888Q:N985L:N986L:L988D:R991I,-8.852532878651573
N888Q:N985L:N986L:L988D:L989R,-7.897608359116475
N888Q:N985L:N986L:L988D:L989R:R991Q,-11.421391630722383
N888Q:N985L:N986L:L988D:L989R:R991I,-7.41806308314176
N888Q:N985D,-7.856967207546177
N888Q:N985D:R991Q,-10.82732358140538
N888Q:N985D:R991I,-7.7783765600077
N888Q:N985D:L989R,-6.2335378258601395
N888Q:N985D:L989R:R991Q,-9.974782584598643
N888Q:N985D:L989R:R991I,-6.440831879267762
N888Q:N985D:L988D,-7.593032989455196
N888Q:N985D:L988D:R991Q,-10.756108104200393
N888Q:N985D:L988D:R991I,-7.109454719053474
N888Q:N985D:L988D:L989R,-6.967940113196846
N888Q:N985D:L988D:L989R:R991Q,-9.72576194083058
N888Q:N985D:L988D:L989R:R991I,-6.7251295445078085
N888Q:N985D:N986T,-9.370567003629503
N888Q:N985D:N986T:R991Q,-11.672664393220884
N888Q:N985D:N986T:R991I,-8.811853682099581
N888Q:N985D:N986T:L989R,-8.263583692584007
N888Q:N985D:N986T:L989R:R991Q,-11.344680443151447
N888Q:N985D:N986T:L989R:R991I,-7.461870089677177
N888Q:N985D:N986T:L988D,-8.752221042333076
N888Q:N985D:N986T:L988D:R991Q,-11.903083400505466
N888Q:N985D:N986T:L988D:R991I,-9.042379625591366
N888Q:N985D:N986T:L988D:L989R,-8.13567717260139
N888Q:N985D:N986T:L988D:L989R:R991Q,-11.194608302156439
N888Q:N985D:N986T:L988D:L989R:R991I,-7.749475651484772
N888Q:N985D:N986L,-9.111415784049541
N888Q:N985D:N986L:R991Q,-13.00857747109535
N888Q:N985D:N986L:R991I,-9.547022543855519
N888Q:N985D:N986L:L989R,-9.189761616857595
N888Q:N985D:N986L:L989R:R991Q,-12.312766178697984
N888Q:N985D:N986L:L989R:R991I,-8.785129801284711
N888Q:N985D:N986L:L988D,-9.346621096613035
N888Q:N985D:N986L:L988D:R991Q,-11.998577654417659
N888Q:N985D:N986L:L988D:R991I,-9.395632075785443
N888Q:N985D:N986L:L988D:L989R,-8.623839176527326
N888Q:N985D:N986L:L988D:L989R:R991Q,-11.363304930580625
N888Q:N985D:N986L:L988D:L989R:R991I,-8.782945203131703
N888Q:A889R,-5.4651924037862045
N888Q:A889R:R991Q,-9.02907142878712
N888Q:A889R:R991I,-5.729701922644836
N888Q:A889R:L989R,-4.7575797797067025
N888Q:A889R:L989R:R991Q,-8.498977882201643
N888Q:A889R:L989R:R991I,-4.84560418738829
N888Q:A889R:L988D,-5.15751248789843
N888Q:A889R:L988D:R991Q,-8.173080039454817
N888Q:A889R:L988D:R991I,-5.2292202040396205
N888Q:A889R:L988D:L989R,-4.454797208356922
N888Q:A889R:L988D:L989R:R991Q,-7.593976763728506
N888Q:A889R:L988D:L989R:R991I,-5.291537029482015
N888Q:A889R:N986T,-6.603173461366396
N888Q:A889R:N986T:R991Q,-10.370064824312294
N888Q:A889R:N986T:R991I,-7.974288311631199
N888Q:A889R:N986T:L989R,-6.170561113214944
N888Q:A889R:N986T:L989R:R991Q,-10.262804801294806
N888Q:A889R:N986T:L989R:R991I,-6.179899549880474
N888Q:A889R:N986T:L988D,-7.705415585939136
N888Q:A889R:N986T:L988D:R991Q,-10.450030345338291
N888Q:A889R:N986T:L988D:R991I,-7.11834291760988
N888Q:A889R:N986T:L988D:L989R,-6.437911619383613
N888Q:A889R:N986T:L988D:L989R:R991Q,-9.284562320326359
N888Q:A889R:N986T:L988D:L989R:R991I,-6.4509069443204226
N888Q:A889R:N986L,-6.914869422955007
N888Q:A889R:N986L:R991Q,-10.933716128183733
N888Q:A889R:N986L:R991I,-7.916856101292524
N888Q:A889R:N986L:L989R,-6.60964069632746
N888Q:A889R:N986L:L989R:R991Q,-9.989087100994993
N888Q:A889R:N986L:L989R:R991I,-6.5394485969425205
N888Q:A889R:N986L:L988D,-7.2611143096175965
N888Q:A889R:N986L:L988D:R991Q,-10.699500051297719
N888Q:A889R:N986L:L988D:R991I,-7.8879066620784215
N888Q:A889R:N986L:L988D:L989R,-6.848898830669441
N888Q:A889R:N986L:L988D:L989R:R991Q,-9.501833648273077
N888Q:A889R:N986L:L988D:L989R:R991I,-6.767067750557317
N888Q:A889R:N985L,-7.9828495334645595
N888Q:A889R:N985L:R991Q,-11.623548178457895
N888Q:A889R:N985L:R991I,-7.18459473403891
N888Q:A889R:N985L:L989R,-7.108942609303085
N888Q:A889R:N985L:L989R:R991Q,-10.411459703448372
N888Q:A889R:N985L:L989R:R991I,-7.2414541760508655
N888Q:A889R:N985L:L988D,-7.16549297264055
N888Q:A889R:N985L:L988D:R991Q,-11.290373425329335
N888Q:A889R:N985L:L988D:R991I,-7.244359905173269
N888Q:A889R:N985L:L988D:L989R,-6.471327386310577
N888Q:A889R:N985L:L988D:L989R:R991Q,-10.099900540780482
N888Q:A889R:N985L:L988D:L989R:R991I,-6.8402510904275005
N888Q:A889R:N985L:N986T,-9.803899701917317
N888Q:A889R:N985L:N986T:R991Q,-12.950056298998561
N888Q:A889R:N985L:N986T:R991I,-10.193157494537218
N888Q:A889R:N985L:N986T:L989R,-8.573754315704946
N888Q:A889R:N985L:N986T:L989R:R991Q,-12.042319704516103
N888Q:A889R:N985L:N986T:L989R:R991I,-8.790480445969251
N888Q:A889R:N985L:N986T:L988D,-8.90301092298364
N888Q:A889R:N985L:N986T:L988D:R991Q,-12.262593218739994
N888Q:A889R:N985L:N986T:L988D:R991I,-9.070687835150693
N888Q:A889R:N985L:N986T:L988D:L989R,-9.222852025026214
N888Q:A889R:N985L:N986T:L988D:L989R:R991Q,-11.215725725754965
N888Q:A889R:N985L:N986T:L988D:L989R:R991I,-8.932375746599519
N888Q:A889R:N985L:N986L,-9.897863489858764
N888Q:A889R:N985L:N986L:R991Q,-13.092486300125756
N888Q:A889R:N985L:N986L:R991I,-9.858477376483961
N888Q:A889R:N985L:N986L:L989R,-9.074878363163407
N888Q:A889R:N985L:N986L:L989R:R991Q,-11.623076051685302
N888Q:A889R:N985L:N986L:L989R:R991I,-9.134661956500622
N888Q:A889R:N985L:N986L:L988D,-9.453820592784268
N888Q:A889R:N985L:N986L:L988D:R991Q,-13.367693281000584
N888Q:A889R:N985L:N986L:L988D:R991I,-9.582849857652263
N888Q:A889R:N985L:N986L:L988D:L989R,-9.393995073804035
N888Q:A889R:N985L:N986L:L988D:L989R:R991Q,-12.264283223400525
N888Q:A889R:N985L:N986L:L988D:L989R:R991I,-9.527807472332825
N888Q:A889R:N985D,-8.599484632906524
N888Q:A889R:N985D:R991Q,-11.850122418716182
N888Q:A889R:N985D:R991I,-8.7332786288855
N888Q:A889R:N985D:L989R,-6.9046077598172815
N888Q:A889R:N985D:L989R:R991Q,-11.240300348666551
N888Q:A889R:N985D:L989R:R991I,-7.8361031762915445
N888Q:A889R:N985D:L988D,-8.22247098562093
N888Q:A889R:N985D:L988D:R991Q,-11.121930755011135
N888Q:A889R:N985D:L988D:R991I,-8.002025605395374
N888Q:A889R:N985D:L988D:L989R,-7.316382568009885
N888Q:A889R:N985D:L988D:L989R:R991Q,-10.888638686613604
N888Q:A889R:N985D:L988D:L989R:R991I,-7.968489668299753
N888Q:A889R:N985D:N986T,-9.944193046391092
N888Q:A889R:N985D:N986T:R991Q,-13.113111190772088
N888Q:A889R:N985D:N986T:R991I,-10.203430014827518
N888Q:A889R:N985D:N986T:L989R,-9.380421031753713
N888Q:A889R:N985D:N986T:L989R:R991Q,-12.921553928632193
N888Q:A889R:N985D:N986T:L989R:R991I,-8.582567467318086
N888Q:A889R:N985D:N986T:L988D,-9.519684746537678
N888Q:A889R:N985D:N986T:L988D:R991Q,-13.18001563395137
N888Q:A889R:N985D:N986T:L988D:R991I,-9.905121430022064
N888Q:A889R:N985D:N986T:L988D:L989R,-8.52272040093726
N888Q:A889R:N985D:N986T:L988D:L989R:R991Q,-11.686391840553597
N888Q:A889R:N985D:N986T:L988D:L989R:R991I,-8.908368552143429
N888Q:A889R:N985D:N986L,-10.469585220201225
N888Q:A889R:N985D:N986L:R991Q,-13.14510438770003
N888Q:A889R:N985D:N986L:R991I,-10.289991201692828
N888Q:A889R:N985D:N986L:L989R,-9.289405647119793
N888Q:A889R:N985D:N986L:L989R:R991Q,-12.48687481751358
N888Q:A889R:N985D:N986L:L989R:R991I,-9.525273918409539
N888Q:A889R:N985D:N986L:L988D,-9.484838666925043
N888Q:A889R:N985D:N986L:L988D:R991Q,-13.706065937773474
N888Q:A889R:N985D:N986L:L988D:R991I,-9.90606229945206
N888Q:A889R:N985D:N986L:L988D:L989R,-9.268365458009157
N888Q:A889R:N985D:N986L:L988D:L989R:R991Q,-13.384646258632074
N888Q:A889R:N985D:N986L:L988D:L989R:R991I,-9.445505697796307
N888Q:A889S,-1.7373156971611934
N888Q:A889S:R991Q,-5.3297556131990405
N888Q:A889S:R991I,-1.6758111045173791
N888Q:A889S:L989R,-1.3552157620213166
N888Q:A889S:L989R:R991Q,-4.147975672550729
N888Q:A889S:L989R:R991I,-1.311546504587568
N888Q:A889S:L988D,-1.3354616754365907
N888Q:A889S:L988D:R991Q,-5.601760385437956
N888Q:A889S:L988D:R991I,-1.9264143897344184
N888Q:A889S:L988D:L989R,-0.8839842619893261
N888Q:A889S:L988D:L989R:R991Q,-3.672923452562145
N888Q:A889S:L988D:L989R:R991I,-1.7508177116430943
N888Q:A889S:N986T,-3.5939261664325386
N888Q:A889S:N986T:R991Q,-7.071255666469369
N888Q:A889S:N986T:R991I,-3.530361708812052
N888Q:A889S:N986T:L989R,-2.2179492854077125
N888Q:A889S:N986T:L989R:R991Q,-5.775725965655511
N888Q:A889S:N986T:L989R:R991I,-2.630213371320451
N888Q:A889S:N986T:L988D,-3.199135480068435
N888Q:A889S:N986T:L988D:R991Q,-6.337226298923952
N888Q:A889S:N986T:L988D:R991I,-3.6432464440015337
N888Q:A889S:N986T:L988D:L989R,-2.3731460072649497
N888Q:A889S:N986T:L988D:L989R:R991Q,-5.770797543499839
N888Q:A889S:N986T:L988D:L989R:R991I,-2.8255393875829213
N888Q:A889S:N986L,-4.14568934955264
N888Q:A889S:N986L:R991Q,-6.800200196833657
N888Q:A889S:N986L:R991I,-3.934313069183645
N888Q:A889S:N986L:L989R,-2.9644950265033003
N888Q:A889S:N986L:L989R:R991Q,-6.713965453598803
N888Q:A889S:N986L:L989R:R991I,-3.249444717275537
N888Q:A889S:N986L:L988D,-3.759670164649606
N888Q:A889S:N986L:L988D:R991Q,-6.947015758447151
N888Q:A889S:N986L:L988D:R991I,-3.620057286565043
N888Q:A889S:N986L:L988D:L989R,-3.13651062398867
N888Q:A889S:N986L:L988D:L989R:R991Q,-6.574564963995272
N888Q:A889S:N986L:L988D:L989R:R991I,-3.2215113673280484
N888Q:A889S:N985L,-4.22906840784276
N888Q:A889S:N985L:R991Q,-7.693093054904011
N888Q:A889S:N985L:R991I,-4.549603975338641
N888Q:A889S:N985L:L989R,-3.438239833821399
N888Q:A889S:N985L:L989R:R991Q,-6.560917056930975
N888Q:A889S:N985L:L989R:R991I,-3.6207028956243903
N888Q:A889S:N985L:L988D,-3.856260207763171
N888Q:A889S:N985L:L988D:R991Q,-7.641087875622134
N888Q:A889S:N985L:L988D:R991I,-4.285128193559331
N888Q:A889S:N985L:L988D:L989R,-2.7005711739195704
N888Q:A889S:N985L:L988D:L989R:R991Q,-7.010755436238242
N888Q:A889S:N985L:L988D:L989R:R991I,-3.628788026128177
N888Q:A889S:N985L:N986T,-5.897531182792591
N888Q:A889S:N985L:N986T:R991Q,-9.160474451989103
N888Q:A889S:N985L:N986T:R991I,-5.955570492617653
N888Q:A889S:N985L:N986T:L989R,-4.88030304565018
N888Q:A889S:N985L:N986T:L989R:R991Q,-8.540740237252521
N888Q:A889S:N985L:N986T:L989R:R991I,-4.766859566583207
N888Q:A889S:N985L:N986T:L988D,-6.3396653271818195
N888Q:A889S:N985L:N986T:L988D:R991Q,-9.581586794814484
N888Q:A889S:N985L:N986T:L988D:R991I,-5.485696106195974
N888Q:A889S:N985L:N986T:L988D:L989R,-4.691319361999604
N888Q:A889S:N985L:N986T:L988D:L989R:R991Q,-8.04010632612858
N888Q:A889S:N985L:N986T:L988D:L989R:R991I,-5.088601439396825
N888Q:A889S:N985L:N986L,-5.907626951944849
N888Q:A889S:N985L:N986L:R991Q,-9.524752956891234
N888Q:A889S:N985L:N986L:R991I,-5.9205845628448515
N888Q:A889S:N985L:N986L:L989R,-5.068408383745009
N888Q:A889S:N985L:N986L:L989R:R991Q,-8.412708992149192
N888Q:A889S:N985L:N986L:L989R:R991I,-5.758741051917241
N888Q:A889S:N985L:N986L:L988D,-5.918650672969534
N888Q:A889S:N985L:N986L:L988D:R991Q,-8.97469636714277
N888Q:A889S:N985L:N986L:L988D:R991I,-6.0467996483471325
N888Q:A889S:N985L:N986L:L988D:L989R,-5.136723446664291
N888Q:A889S:N985L:N986L:L988D:L989R:R991Q,-8.672706988798609
N888Q:A889S:N985L:N986L:L988D:L989R:R991I,-5.034639467408624
N888Q:A889S:N985D,-3.9982775400958417
N888Q:A889S:N985D:R991Q,-7.565479691760856
N888Q:A889S:N985D:R991I,-4.864852174156567
N888Q:A889S:N985D:L989R,-4.283206689105555
N888Q:A889S:N985D:L989R:R991Q,-7.145746238121092
N888Q:A889S:N985D:L989R:R991I,-4.318608645037102
N888Q:A889S:N985D:L988D,-4.636733498518197
N888Q:A889S:N985D:L988D:R991Q,-7.530070332996729
N888Q:A889S:N985D:L988D:R991I,-5.024958428212585
N888Q:A889S:N985D:L988D:L989R,-3.2950014615098553
N888Q:A889S:N985D:L988D:L989R:R991Q,-6.44330197162094
N888Q:A889S:N985D:L988D:L989R:R991I,-3.6500238393134623
N888Q:A889S:N985D:N986T,-6.248196718603367
N888Q:A889S:N985D:N986T:R991Q,-10.165304916579089
N888Q:A889S:N985D:N986T:R991I,-6.307324196250875
N888Q:A889S:N985D:N986T:L989R,-5.927933547019165
N888Q:A889S:N985D:N986T:L989R:R991Q,-8.51540983809764
N888Q:A889S:N985D:N986T:L989R:R991I,-5.54489313508202
N888Q:A889S:N985D:N986T:L988D,-6.210745549592048
N888Q:A889S:N985D:N986T:L988D:R991Q,-9.895210690795466
N888Q:A889S:N985D:N986T:L988D:R991I,-6.418395939417678
N888Q:A889S:N985D:N986T:L988D:L989R,-5.665980884514511
N888Q:A889S:N985D:N986T:L988D:L989R:R991Q,-9.343802638990383
N888Q:A889S:N985D:N986T:L988D:L989R:R991I,-5.596211838812678
N888Q:A889S:N985D:N986L,-6.731954093985905
N888Q:A889S:N985D:N986L:R991Q,-10.640847117889507
N888Q:A889S:N985D:N986L:R991I,-6.6490757188776115
N888Q:A889S:N985D:N986L:L989R,-5.686002848066664
N888Q:A889S:N985D:N986L:L989R:R991Q,-9.129008048459582
N888Q:A889S:N985D:N986L:L989R:R991I,-6.172277130261364
N888Q:A889S:N985D:N986L:L988D,-6.204550146042948
N888Q:A889S:N985D:N986L:L988D:R991Q,-9.42742403735997
N888Q:A889S:N985D:N986L:L988D:R991I,-6.443593839886489
N888Q:A889S:N985D:N986L:L988D:L989R,-5.64242931676813
N888Q:A889S:N985D:N986L:L988D:L989R:R991Q,-9.154581174827854
N888Q:A889S:N985D:N986L:L988D:L989R:R991I,-5.818579857226268
L887R,-6.790449067829968
L887R:R991Q,-10.69628157920829
L887R:R991I,-7.5063025212696175
L887R:L989R,-7.135673849388695
L887R:L989R:R991Q,-9.487107963245762
L887R:L989R:R991I,-6.902511513245599
L887R:L988D,-7.230788729804317
L887R:L988D:R991Q,-9.92333406894204
L887R:L988D:R991I,-6.812770052855512
L887R:L988D:L989R,-6.105338302127393
L887R:L988D:L989R:R991Q,-9.341941672796565
L887R:L988D:L989R:R991I,-6.827727469238198
L887R:N986T,-8.194418227674305
L887R:N986T:R991Q,-12.220568460078766
L887R:N986T:R991I,-9.160089746035055
L887R:N986T:L989R,-8.063487903353234
L887R:N986T:L989R:R991Q,-11.860658077617018
L887R:N986T:L989R:R991I,-7.9808559181808505
L887R:N986T:L988D,-8.407105258547972
L887R:N986T:L988D:R991Q,-12.287938430037002
L887R:N986T:L988D:R991I,-9.342237546306706
L887R:N986T:L988D:L989R,-7.699758974436008
L887R:N986T:L988D:L989R:R991Q,-11.644195364815005
L887R:N986T:L988D:L989R:R991I,-7.407881233915077
L887R:N986L,-9.214874458606346
L887R:N986L:R991Q,-12.343337179290302
L887R:N986L:R991I,-9.619645228492118
L887R:N986L:L989R,-8.576305701128831
L887R:N986L:L989R:R991Q,-12.493687864946878
L887R:N986L:L989R:R991I,-8.35233995652834
L887R:N986L:L988D,-8.387494330399477
L887R:N986L:L988D:R991Q,-12.25893000296719
L887R:N986L:L988D:R991I,-9.504028923034411
L887R:N986L:L988D:L989R,-8.115191085676997
L887R:N986L:L988D:L989R:R991Q,-11.540259040257752
L887R:N986L:L988D:L989R:R991I,-7.945931711443109
L887R:N985L,-9.477317322353201
L887R:N985L:R991Q,-13.17919453079503
L887R:N985L:R991I,-9.846523739278155
L887R:N985L:L989R,-8.311628190187776
L887R:N985L:L989R:R991Q,-11.835684199577145
L887R:N985L:L989R:R991I,-8.955963278004901
L887R:N985L:L988D,-8.747824906331061
L887R:N985L:L988D:R991Q,-12.367967823561457
L887R:N985L:L988D:R991I,-8.753121439231336
L887R:N985L:L988D:L989R,-8.708985879005695
L887R:N985L:L988D:L989R:R991Q,-11.776643015009995
L887R:N985L:L988D:L989R:R991I,-8.666681756168828
L887R:N985L:N986T,-10.37781866036562
L887R:N985L:N986T:R991Q,-14.322674551551472
L887R:N985L:N986T:R991I,-11.861894834235954
L887R:N985L:N986T:L989R,-9.96973185568936
L887R:N985L:N986T:L989R:R991Q,-13.70000392699535
L887R:N985L:N986T:L989R:R991I,-10.721561775166492
L887R:N985L:N986T:L988D,-10.504527786802555
L887R:N985L:N986T:L988D:R991Q,-13.718295516233638
L887R:N985L:N986T:L988D:R991I,-10.697809209135357
L887R:N985L:N986T:L988D:L989R,-10.188710701672562
L887R:N985L:N986T:L988D:L989R:R991Q,-13.480345927998314
L887R:N985L:N986T:L988D:L989R:R991I,-10.441158654280116
L887R:N985L:N986L,-11.118691727239366
L887R:N985L:N986L:R991Q,-15.440032573684903
L887R:N985L:N986L:R991I,-11.604587434383802
L887R:N985L:N986L:L989R,-10.582630683562456
L887R:N985L:N986L:L989R:R991Q,-13.900807534968635
L887R:N985L:N986L:L989R:R991I,-10.480052413597377
L887R:N985L:N986L:L988D,-11.487108656248893
L887R:N985L:N986L:L988D:R991Q,-14.998544191712199
L887R:N985L:N986L:L988D:R991I,-11.70956610981375
L887R:N985L:N986L:L988D:L989R,-10.589626557337851
L887R:N985L:N986L:L988D:L989R:R991Q,-13.406146843362876
L887R:N985L:N986L:L988D:L989R:R991I,-10.083953397060895
L887R:N985D,-9.607068494870646
L887R:N985D:R991Q,-13.012289545737758
L887R:N985D:R991I,-10.275434887202664
L887R:N985D:L989R,-9.073964349400512
L887R:N985D:L989R:R991Q,-11.78465144332904
L887R:N985D:L989R:R991I,-9.142456566499959
L887R:N985D:L988D,-9.536446873562909
L887R:N985D:L988D:R991Q,-12.61815194049268
L887R:N985D:L988D:R991I,-9.51472794496658
L887R:N985D:L988D:L989R,-9.429141776947745
L887R:N985D:L988D:L989R:R991Q,-11.702076954689574
L887R:N985D:L988D:L989R:R991I,-9.39075024541171
L887R:N985D:N986T,-11.880676298733533
L887R:N985D:N986T:R991Q,-15.292759919339915
L887R:N985D:N986T:R991I,-11.29348134756674
L887R:N985D:N986T:L989R,-10.155369296646086
L887R:N985D:N986T:L989R:R991Q,-13.974446318198943
L887R:N985D:N986T:L989R:R991I,-10.950687630700486
L887R:N985D:N986T:L988D,-10.927872483284546
L887R:N985D:N986T:L988D:R991Q,-14.457711208162664
L887R:N985D:N986T:L988D:R991I,-11.609806272306969
L887R:N985D:N986T:L988D:L989R,-10.287536033794595
L887R:N985D:N986T:L988D:L989R:R991Q,-14.440476771723752
L887R:N985D:N986T:L988D:L989R:R991I,-10.530578846017079
L887R:N985D:N986L,-11.708723808665127
L887R:N985D:N986L:R991Q,-16.298407123266088
L887R:N985D:N986L:R991I,-11.96312655390716
L887R:N985D:N986L:L989R,-11.433635754824081
L887R:N985D:N986L:L989R:R991Q,-14.512432642734666
L887R:N985D:N986L:L989R:R991I,-11.288992099899588
L887R:N985D:N986L:L988D,-11.892071757408758
L887R:N985D:N986L:L988D:R991Q,-15.42405219625698
L887R:N985D:N986L:L988D:R991I,-12.102140631600832
L887R:N985D:N986L:L988D:L989R,-10.58693969963656
L887R:N985D:N986L:L988D:L989R:R991Q,-14.234640063630422
L887R:N985D:N986L:L988D:L989R:R991I,-11.289761253245388
L887R:A889R,-8.124593187047367
L887R:A889R:R991Q,-11.786721486178521
L887R:A889R:R991I,-8.33217788782099
L887R:A889R:L989R,-7.05369347884448
L887R:A889R:L989R:R991Q,-10.992645839925217
L887R:A889R:L989R:R991I,-6.960170179284432
L887R:A889R:L988D,-7.972488534594959
L887R:A889R:L988D:R991Q,-11.691622773416157
L887R:A889R:L988D:R991I,-8.00611623743498
L887R:A889R:L988D:L989R,-7.223701612746936
L887R:A889R:L988D:L989R:R991Q,-10.566216824882076
L887R:A889R:L988D:L989R:R991I,-7.628153394113724
L887R:A889R:N986T,-9.34152221038903
L887R:A889R:N986T:R991Q,-12.940031929488214
L887R:A889R:N986T:R991I,-9.885944852404009
L887R:A889R:N986T:L989R,-8.784817023893766
L887R:A889R:N986T:L989R:R991Q,-13.857782119426929
L887R:A889R:N986T:L989R:R991I,-8.690416523536442
L887R:A889R:N986T:L988D,-9.482968788829112
L887R:A889R:N986T:L988D:R991Q,-12.470717275804645
L887R:A889R:N986T:L988D:R991I,-9.609947984509972
L887R:A889R:N986T:L988D:L989R,-8.769199748806386
L887R:A889R:N986T:L988D:L989R:R991Q,-11.628106751487849
L887R:A889R:N986T:L988D:L989R:R991I,-8.180070670870009
L887R:A889R:N986L,-10.275766632336627
L887R:A889R:N986L:R991Q,-13.64563358899045
L887R:A889R:N986L:R991I,-10.742379360725863
L887R:A889R:N986L:L989R,-9.92878971251207
L887R:A889R:N986L:L989R:R991Q,-12.5801356687723
L887R:A889R:N986L:L989R:R991I,-9.553770721072624
L887R:A889R:N986L:L988D,-9.655870277095573
L887R:A889R:N986L:L988D:R991Q,-13.256489575057003
L887R:A889R:N986L:L988D:R991I,-9.962341665482882
L887R:A889R:N986L:L988D:L989R,-8.944426368502036
L887R:A889R:N986L:L988D:L989R:R991Q,-12.747334614183501
L887R:A889R:N986L:L988D:L989R:R991I,-8.791627176214206
L887R:A889R:N985L,-10.19328672006236
L887R:A889R:N985L:R991Q,-14.28306431226747
L887R:A889R:N985L:R991I,-11.260001094776499
L887R:A889R:N985L:L989R,-9.183816616337708
L887R:A889R:N985L:L989R:R991Q,-12.624453457263826
L887R:A889R:N985L:L989R:R991I,-9.757483975458172
L887R:A889R:N985L:L988D,-10.160153066944531
L887R:A889R:N985L:L988D:R991Q,-13.218494969764606
L887R:A889R:N985L:L988D:R991I,-10.21348855567362
L887R:A889R:N985L:L988D:L989R,-9.972248198438365
L887R:A889R:N985L:L988D:L989R:R991Q,-13.353223719566358
L887R:A889R:N985L:L988D:L989R:R991I,-9.371397372819274
L887R:A889R:N985L:N986T,-11.880154226645573
L887R:A889R:N985L:N986T:R991Q,-15.420912829406234
L887R:A889R:N985L:N986T:R991I,-12.050796932673393
L887R:A889R:N985L:N986T:L989R,-10.51125999810938
L887R:A889R:N985L:N986T:L989R:R991Q,-14.262883681767335
L887R:A889R:N985L:N986T:L989R:R991I,-11.226477587556474
L887R:A889R:N985L:N986T:L988D,-12.650160257469906
L887R:A889R:N985L:N986T:L988D:R991Q,-14.960183306286808
L887R:A889R:N985L:N986T:L988D:R991I,-12.877852898232504
L887R:A889R:N985L:N986T:L988D:L989R,-10.81593664715956
L887R:A889R:N985L:N986T:L988D:L989R:R991Q,-14.62710916917581
L887R:A889R:N985L:N986T:L988D:L989R:R991I,-10.815027116463625
L887R:A889R:N985L:N986L,-12.809246022946809
L887R:A889R:N985L:N986L:R991Q,-16.217987375972598
L887R:A889R:N985L:N986L:R991I,-13.112323690510038
L887R:A889R:N985L:N986L:L989R,-11.905360723053718
L887R:A889R:N985L:N986L:L989R:R991Q,-15.359946386631691
L887R:A889R:N985L:N986L:L989R:R991I,-11.968091608640862
L887R:A889R:N985L:N986L:L988D,-12.224528196396932
L887R:A889R:N985L:N986L:L988D:R991Q,-15.202156769459862
L887R:A889R:N985L:N986L:L988D:R991I,-12.115470515768038
L887R:A889R:N985L:N986L:L988D:L989R,-11.29640427432605
L887R:A889R:N985L:N986L:L988D:L989R:R991Q,-14.723927947325365
L887R:A889R:N985L:N986L:L988D:L989R:R991I,-12.221202411419654
L887R:A889R:N985D,-10.172412602334134
L887R:A889R:N985D:R991Q,-14.645980546923056
L887R:A889R:N985D:R991I,-11.147963934507061
L887R:A889R:N985D:L989R,-10.508426087789303
L887R:A889R:N985D:L989R:R991Q,-13.108535836414603
L887R:A889R:N985D:L989R:R991I,-10.356361547324923
L887R:A889R:N985D:L988D,-11.000619350877969
L887R:A889R:N985D:L988D:R991Q,-13.796775880687619
L887R:A889R:N985D:L988D:R991I,-10.796386790979795
L887R:A889R:N985D:L988D:L989R,-9.882935905068962
L887R:A889R:N985D:L988D:L989R:R991Q,-13.351962332562834
L887R:A889R:N985D:L988D:L989R:R991I,-9.781331661395143
L887R:A889R:N985D:N986T,-12.53324499328528
L887R:A889R:N985D:N986T:R991Q,-15.958996432055528
L887R:A889R:N985D:N986T:R991I,-12.729917435280186
L887R:A889R:N985D:N986T:L989R,-11.339227129357141
L887R:A889R:N985D:N986T:L989R:R991Q,-14.856502107259075
L887R:A889R:N985D:N986T:L989R:R991I,-11.727044677366393
L887R:A889R:N985D:N986T:L988D,-12.250878224396502
L887R:A889R:N985D:N986T:L988D:R991Q,-16.028088785918726
L887R:A889R:N985D:N986T:L988D:R991I,-12.325141836519379
L887R:A889R:N985D:N986T:L988D:L989R,-11.212918591126936
L887R:A889R:N985D:N986T:L988D:L989R:R991Q,-14.415106770783723
L887R:A889R:N985D:N986T:L988D:L989R:R991I,-11.014964169156428
L887R:A889R:N985D:N986L,-13.124303576075135
L887R:A889R:N985D:N986L:R991Q,-16.429004584239692
L887R:A889R:N985D:N986L:R991I,-12.905926938181437
L887R:A889R:N985D:N986L:L989R,-11.756328762579415
L887R:A889R:N985D:N986L:L989R:R991Q,-15.61873425957765
L887R:A889R:N985D:N986L:L989R:R991I,-12.484946773568026
L887R:A889R:N985D:N986L:L988D,-12.279704278624877
L887R:A889R:N985D:N986L:L988D:R991Q,-16.138853503741075
L887R:A889R:N985D:N986L:L988D:R991I,-12.746178880973957
L887R:A889R:N985D:N986L:L988D:L989R,-11.672606637275521
L887R:A889R:N985D:N986L:L988D:L989R:R991Q,-14.965016073758534
L887R:A889R:N985D:N986L:L988D:L989R:R991I,-12.090258197993307
L887R:A889S,-4.5295543908111995
L887R:A889S:R991Q,-8.104502077022744
L887R:A889S:R991I,-4.686293343605257
L887R:A889S:L989R,-3.692274291011927
L887R:A889S:L989R:R991Q,-6.885997661842794
L887R:A889S:L989R:R991I,-3.658051291582069
L887R:A889S:L988D,-4.43100998004229
L887R:A889S:L988D:R991Q,-8.267563279482829
L887R:A889S:L988D:R991I,-4.565750867111319
L887R:A889S:L988D:L989R,-3.8990726947056373
L887R:A889S:L988D:L989R:R991Q,-6.92208250223598
L887R:A889S:L988D:L989R:R991I,-3.4476299440461844
L887R:A889S:N986T,-5.606071074130341
L887R:A889S:N986T:R991Q,-9.913652780276152
L887R:A889S:N986T:R991I,-6.466565267858186
L887R:A889S:N986T:L989R,-5.589345213460774
L887R:A889S:N986T:L989R:R991Q,-8.718257723023271
L887R:A889S:N986T:L989R:R991I,-5.277837454443215
L887R:A889S:N986T:L988D,-5.4593119405844845
L887R:A889S:N986T:L988D:R991Q,-9.605883823280692
L887R:A889S:N986T:L988D:R991I,-5.444866433155994
L887R:A889S:N986T:L988D:L989R,-5.382818414468602
L887R:A889S:N986T:L988D:L989R:R991Q,-8.03786863077653
L887R:A889S:N986T:L988D:L989R:R991I,-5.888533239735125
L887R:A889S:N986L,-6.953920310158992
L887R:A889S:N986L:R991Q,-9.555517023578432
L887R:A889S:N986L:R991I,-6.4557494373129884
L887R:A889S:N986L:L989R,-5.302135388084935
L887R:A889S:N986L:L989R:R991Q,-9.07539423855792
L887R:A889S:N986L:L989R:R991I,-6.296979523762957
L887R:A889S:N986L:L988D,-6.186199047276432
L887R:A889S:N986L:L988D:R991Q,-9.574212889196133
L887R:A889S:N986L:L988D:R991I,-6.732544325260278
L887R:A889S:N986L:L988D:L989R,-5.498738085774221
L887R:A889S:N986L:L988D:L989R:R991Q,-9.674484249966554
L887R:A889S:N986L:L988D:L989R:R991I,-5.769501244878711
L887R:A889S:N985L,-6.9790363531146795
L887R:A889S:N985L:R991Q,-9.774010961623162
L887R:A889S:N985L:R991I,-6.958140798752538
L887R:A889S:N985L:L989R,-5.835756429467892
L887R:A889S:N985L:L989R:R991Q,-10.015647418404114
L887R:A889S:N985L:L989R:R991I,-6.255168894189865
L887R:A889S:N985L:L988D,-6.238057349208475
L887R:A889S:N985L:L988D:R991Q,-10.011643497367004
L887R:A889S:N985L:L988D:R991I,-7.19084270422718
L887R:A889S:N985L:L988D:L989R,-6.186931843630873
L887R:A889S:N985L:L988D:L989R:R991Q,-9.810383433817606
L887R:A889S:N985L:L988D:L989R:R991I,-6.244491333315409
L887R:A889S:N985L:N986T,-8.840158453426056
L887R:A889S:N985L:N986T:R991Q,-11.596966034629986
L887R:A889S:N985L:N986T:R991I,-8.169408321804212
L887R:A889S:N985L:N986T:L989R,-7.68492575121445
L887R:A889S:N985L:N986T:L989R:R991Q,-10.584440057484244
L887R:A889S:N985L:N986T:L989R:R991I,-7.952855983249719
L887R:A889S:N985L:N986T:L988D,-8.500899433567383
L887R:A889S:N985L:N986T:L988D:R991Q,-11.562930273549
L887R:A889S:N985L:N986T:L988D:R991I,-8.356333567714046
L887R:A889S:N985L:N986T:L988D:L989R,-7.50944889604898
L887R:A889S:N985L:N986T:L988D:L989R:R991Q,-11.056681264891495
L887R:A889S:N985L:N986T:L988D:L989R:R991I,-7.64373476934702
L887R:A889S:N985L:N986L,-8.913120926860756
L887R:A889S:N985L:N986L:R991Q,-12.662543644078823
L887R:A889S:N985L:N986L:R991I,-9.409371226048506
L887R:A889S:N985L:N986L:L989R,-8.168717759216406
L887R:A889S:N985L:N986L:L989R:R991Q,-12.452812582404704
L887R:A889S:N985L:N986L:L989R:R991I,-7.730974358504227
L887R:A889S:N985L:N986L:L988D,-8.312149405353011
L887R:A889S:N985L:N986L:L988D:R991Q,-11.973559838470237
L887R:A889S:N985L:N986L:L988D:R991I,-8.816513902205088
L887R:A889S:N985L:N986L:L988D:L989R,-7.934775929255238
L887R:A889S:N985L:N986L:L988D:L989R:R991Q,-10.471769472509322
L887R:A889S:N985L:N986L:L988D:L989R:R991I,-9.097946338376687
L887R:A889S:N985D,-7.120149413383615
L887R:A889S:N985D:R991Q,-10.645005463492225
L887R:A889S:N985D:R991I,-7.318028917826041
L887R:A889S:N985D:L989R,-6.727525748049175
L887R:A889S:N985D:L989R:R991Q,-9.648138354304592
L887R:A889S:N985D:L989R:R991I,-6.7418606819423985
L887R:A889S:N985D:L988D,-7.252347321981915
L887R:A889S:N985D:L988D:R991Q,-9.951702681016513
L887R:A889S:N985D:L988D:R991I,-8.049660937376075
L887R:A889S:N985D:L988D:L989R,-6.804112180347374
L887R:A889S:N985D:L988D:L989R:R991Q,-9.60851000654111
L887R:A889S:N985D:L988D:L989R:R991I,-6.421374156735965
L887R:A889S:N985D:N986T,-9.066134151526512
L887R:A889S:N985D:N986T:R991Q,-12.655327169059547
L887R:A889S:N985D:N986T:R991I,-8.823346228675291
L887R:A889S:N985D:N986T:L989R,-8.282800848611487
L887R:A889S:N985D:N986T:L989R:R991Q,-11.479669882220605
L887R:A889S:N985D:N986T:L989R:R991I,-8.125589319524124
L887R:A889S:N985D:N986T:L988D,-8.675144023919984
L887R:A889S:N985D:N986T:L988D:R991Q,-11.535261177251414
L887R:A889S:N985D:N986T:L988D:R991I,-9.051118622389367
L887R:A889S:N985D:N986T:L988D:L989R,-7.54625694692254
L887R:A889S:N985D:N986T:L988D:L989R:R991Q,-11.141935249996777
L887R:A889S:N985D:N986T:L988D:L989R:R991I,-7.717151717414026
L887R:A889S:N985D:N986L,-9.098738299496745
L887R:A889S:N985D:N986L:R991Q,-12.284968006167446
L887R:A889S:N985D:N986L:R991I,-9.971181023407553
L887R:A889S:N985D:N986L:L989R,-8.318752409584704
L887R:A889S:N985D:N986L:L989R:R991Q,-12.005099202987367
L887R:A889S:N985D:N986L:L989R:R991I,-8.351937074904072
L887R:A889S:N985D:N986L:L988D,-8.968633865382799
L887R:A889S:N985D:N986L:L988D:R991Q,-13.371922080173363
L887R:A889S:N985D:N986L:L988D:R991I,-8.779164527839612
L887R:A889S:N985D:N986L:L988D:L989R,-7.974651345941538
L887R:A889S:N985D:N986L:L988D:L989R:R991Q,-12.117157507360162
L887R:A889S:N985D:N986L:L988D:L989R:R991I,-8.474668041945279
L887R:N888Q,-11.61468735433914
L887R:N888Q:R991Q,-14.67425736950122
L887R:N888Q:R991I,-11.934295688912925
L887R:N888Q:L989R,-10.84113123945599
L887R:N888Q:L989R:R991Q,-14.3409309870799
L887R:N888Q:L989R:R991I,-11.001747444997136
L887R:N888Q:L988D,-11.400459364340577
L887R:N888Q:L988D:R991Q,-15.140560013374625
L887R:N888Q:L988D:R991I,-12.116306508767593
L887R:N888Q:L988D:L989R,-10.126897869096865
L887R:N888Q:L988D:L989R:R991Q,-14.480938411811394
L887R:N888Q:L988D:L989R:R991I,-10.81550585083778
L887R:N888Q:N986T,-13.121214299140775
L887R:N888Q:N986T:R991Q,-16.87380792486465
L887R:N888Q:N986T:R991I,-13.504689810310765
L887R:N888Q:N986T:L989R,-11.864250896574958
L887R:N888Q:N986T:L989R:R991Q,-15.868312431783124
L887R:N888Q:N986T:L989R:R991I,-12.418974825498935
L887R:N888Q:N986T:L988D,-13.582356066198827
L887R:N888Q:N986T:L988D:R991Q,-16.91130127610427
L887R:N888Q:N986T:L988D:R991I,-13.761322255327968
L887R:N888Q:N986T:L988D:L989R,-11.72599747129766
L887R:N888Q:N986T:L988D:L989R:R991Q,-15.355460110629565
L887R:N888Q:N986T:L988D:L989R:R991I,-12.088931513230818
L887R:N888Q:N986L,-13.316832451542496
L887R:N888Q:N986L:R991Q,-17.167599348532804
L887R:N888Q:N986L:R991I,-13.499496706644777
L887R:N888Q:N986L:L989R,-12.989252604033481
L887R:N888Q:N986L:L989R:R991Q,-16.18912243099112
L887R:N888Q:N986L:L989R:R991I,-13.25330706069144
L887R:N888Q:N986L:L988D,-13.093645094686963
L887R:N888Q:N986L:L988D:R991Q,-16.528292425245354
L887R:N888Q:N986L:L988D:R991I,-13.142532324222202
L887R:N888Q:N986L:L988D:L989R,-12.269469640644047
L887R:N888Q:N986L:L988D:L989R:R991Q,-15.695840811565859
L887R:N888Q:N986L:L988D:L989R:R991I,-12.715243663305728
L887R:N888Q:N985L,-14.132108746191307
L887R:N888Q:N985L:R991Q,-17.401243160406693
L887R:N888Q:N985L:R991I,-13.86369609257008
L887R:N888Q:N985L:L989R,-12.872565954473657
L887R:N888Q:N985L:L989R:R991Q,-16.434620226675406
L887R:N888Q:N985L:L989R:R991I,-13.07657231513167
L887R:N888Q:N985L:L988D,-14.07007592667469
L887R:N888Q:N985L:L988D:R991Q,-17.250652771201658
L887R:N888Q:N985L:L988D:R991I,-13.596427754493106
L887R:N888Q:N985L:L988D:L989R,-13.11799013777295
L887R:N888Q:N985L:L988D:L989R:R991Q,-16.287526575173388
L887R:N888Q:N985L:L988D:L989R:R991I,-12.86708773367468
L887R:N888Q:N985L:N986T,-15.188232948993118
L887R:N888Q:N985L:N986T:R991Q,-18.499731314274413
L887R:N888Q:N985L:N986T:R991I,-15.483201401085807
L887R:N888Q:N985L:N986T:L989R,-14.640551271484583
L887R:N888Q:N985L:N986T:L989R:R991Q,-18.091391360754642
L887R:N888Q:N985L:N986T:L989R:R991I,-14.34473538562861
L887R:N888Q:N985L:N986T:L988D,-14.823309721302849
L887R:N888Q:N985L:N986T:L988D:R991Q,-18.267053856495068
L887R:N888Q:N985L:N986T:L988D:R991I,-15.141529163495079
L887R:N888Q:N985L:N986T:L988D:L989R,-14.954744661234145
L887R:N888Q:N985L:N986T:L988D:L989R:R991Q,-18.043285058173524
L887R:N888Q:N985L:N986T:L988D:L989R:R991I,-14.96054776190681
L887R:N888Q:N985L:N986L,-16.260139605431505
L887R:N888Q:N985L:N986L:R991Q,-18.809167021668372
L887R:N888Q:N985L:N986L:R991I,-16.183459943635626
L887R:N888Q:N985L:N986L:L989R,-14.76094666467111
L887R:N888Q:N985L:N986L:L989R:R991Q,-19.20469005764312
L887R:N888Q:N985L:N986L:L989R:R991I,-15.553897736753697
L887R:N888Q:N985L:N986L:L988D,-16.58843406882943
L887R:N888Q:N985L:N986L:L988D:R991Q,-19.846787888483505
L887R:N888Q:N985L:N986L:L988D:R991I,-15.916068836881777
L887R:N888Q:N985L:N986L:L988D:L989R,-14.800993998294643
L887R:N888Q:N985L:N986L:L988D:L989R:R991Q,-18.29740269962099
L887R:N888Q:N985L:N986L:L988D:L989R:R991I,-15.017256961149315
L887R:N888Q:N985D,-14.885895298005835
L887R:N888Q:N985D:R991Q,-17.6274013782961
L887R:N888Q:N985D:R991I,-14.992061966430356
L887R:N888Q:N985D:L989R,-13.389871624332045
L887R:N888Q:N985D:L989R:R991Q,-17.115318615608203
L887R:N888Q:N985D:L989R:R991I,-14.396482231085201
L887R:N888Q:N985D:L988D,-13.667435867858558
L887R:N888Q:N985D:L988D:R991Q,-18.255679884726987
L887R:N888Q:N985D:L988D:R991I,-14.36563625750523
L887R:N888Q:N985D:L988D:L989R,-12.656652255184326
L887R:N888Q:N985D:L988D:L989R:R991Q,-16.6446347195988
L887R:N888Q:N985D:L988D:L989R:R991I,-13.546033629723297
L887R:N888Q:N985D:N986T,-16.30417474284286
L887R:N888Q:N985D:N986T:R991Q,-19.315606068722218
L887R:N888Q:N985D:N986T:R991I,-16.2016365459765
L887R:N888Q:N985D:N986T:L989R,-14.99632959855603
L887R:N888Q:N985D:N986T:L989R:R991Q,-18.522256735721385
L887R:N888Q:N985D:N986T:L989R:R991I,-15.166753248379791
L887R:N888Q:N985D:N986T:L988D,-15.65564462800171
L887R:N888Q:N985D:N986T:L988D:R991Q,-19.358631778537983
L887R:N888Q:N985D:N986T:L988D:R991I,-15.957581522065993
L887R:N888Q:N985D:N986T:L988D:L989R,-15.613959940928225
L887R:N888Q:N985D:N986T:L988D:L989R:R991Q,-17.749821789810994
L887R:N888Q:N985D:N986T:L988D:L989R:R991I,-16.171207696931788
L887R:N888Q:N985D:N986L,-15.963363433025052
L887R:N888Q:N985D:N986L:R991Q,-20.17659374424943
L887R:N888Q:N985D:N986L:R991I,-17.121904997775573
L887R:N888Q:N985D:N986L:L989R,-16.234291343946552
L887R:N888Q:N985D:N986L:L989R:R991Q,-18.861069782117738
L887R:N888Q:N985D:N986L:L989R:R991I,-15.615439776154972
L887R:N888Q:N985D:N986L:L988D,-15.677142456534739
L887R:N888Q:N985D:N986L:L988D:R991Q,-19.573584417962365
L887R:N888Q:N985D:N986L:L988D:R991I,-16.936531141636124
L887R:N888Q:N985D:N986L:L988D:L989R,-14.766903418764514
L887R:N888Q:N985D:N986L:L988D:L989R:R991Q,-19.365701231368803
L887R:N888Q:N985D:N986L:L988D:L989R:R991I,-15.612976381835324
L887R:N888Q:A889R,-12.82657513581853
L887R:N888Q:A889R:R991Q,-15.967500065723243
L887R:N888Q:A889R:R991I,-12.427099710700304
L887R:N888Q:A889R:L989R,-11.49065098042638
L887R:N888Q:A889R:L989R:R991Q,-15.100642039742752
L887R:N888Q:A889R:L989R:R991I,-12.36978847282353
L887R:N888Q:A889R:L988D,-12.344221188787287
L887R:N888Q:A889R:L988D:R991Q,-16.352307862228145
L887R:N888Q:A889R:L988D:R991I,-12.047430552803462
L887R:N888Q:A889R:L988D:L989R,-12.823694708003359
L887R:N888Q:A889R:L988D:L989R:R991Q,-14.730779198517212
L887R:N888Q:A889R:L988D:L989R:R991I,-12.403491970732375
L887R:N888Q:A889R:N986T,-13.559245676204455
L887R:N888Q:A889R:N986T:R991Q,-17.573734337140195
L887R:N888Q:A889R:N986T:R991I,-14.119799271483771
L887R:N888Q:A889R:N986T:L989R,-13.462219600565732
L887R:N888Q:A889R:N986T:L989R:R991Q,-16.415434728782202
L887R:N888Q:A889R:N986T:L989R:R991I,-13.47604800021395
L887R:N888Q:A889R:N986T:L988D,-14.524784050912103
L887R:N888Q:A889R:N986T:L988D:R991Q,-17.55037837853388
L887R:N888Q:A889R:N986T:L988D:R991I,-13.850845214491073
L887R:N888Q:A889R:N986T:L988D:L989R,-13.113684133834568
L887R:N888Q:A889R:N986T:L988D:L989R:R991Q,-16.612003568967793
L887R:N888Q:A889R:N986T:L988D:L989R:R991I,-13.262428160444188
L887R:N888Q:A889R:N986L,-14.973414051462214
L887R:N888Q:A889R:N986L:R991Q,-18.290480152868895
L887R:N888Q:A889R:N986L:R991I,-14.986683273140216
L887R:N888Q:A889R:N986L:L989R,-13.465594680769982
L887R:N888Q:A889R:N986L:L989R:R991Q,-17.207700555893098
L887R:N888Q:A889R:N986L:L989R:R991I,-14.140486118241824
L887R:N888Q:A889R:N986L:L988D,-14.358140391895404
L887R:N888Q:A889R:N986L:L988D:R991Q,-17.57303859986223
L887R:N888Q:A889R:N986L:L988D:R991I,-14.358027247302061
L887R:N888Q:A889R:N986L:L988D:L989R,-13.62779207805238
L887R:N888Q:A889R:N986L:L988D:L989R:R991Q,-16.627461002839482
L887R:N888Q:A889R:N986L:L988D:L989R:R991I,-13.870869932320602
L887R:N888Q:A889R:N985L,-14.953657195787628
L887R:N888Q:A889R:N985L:R991Q,-18.524287620965197
L887R:N888Q:A889R:N985L:R991I,-15.443304615899933
L887R:N888Q:A889R:N985L:L989R,-13.905258140732258
L887R:N888Q:A889R:N985L:L989R:R991Q,-17.105326254489682
L887R:N888Q:A889R:N985L:L989R:R991I,-14.19633798230052
L887R:N888Q:A889R:N985L:L988D,-14.386489365832858
L887R:N888Q:A889R:N985L:L988D:R991Q,-18.30382170921598
L887R:N888Q:A889R:N985L:L988D:R991I,-14.36176977653281
L887R:N888Q:A889R:N985L:L988D:L989R,-13.754880619465212
L887R:N888Q:A889R:N985L:L988D:L989R:R991Q,-17.227626960322596
L887R:N888Q:A889R:N985L:L988D:L989R:R991I,-15.008738484434161
L887R:N888Q:A889R:N985L:N986T,-16.752361942724065
L887R:N888Q:A889R:N985L:N986T:R991Q,-19.94365993918359
L887R:N888Q:A889R:N985L:N986T:R991I,-16.928260780672417
L887R:N888Q:A889R:N985L:N986T:L989R,-15.345864608829288
L887R:N888Q:A889R:N985L:N986T:L989R:R991Q,-18.402160902156083
L887R:N888Q:A889R:N985L:N986T:L989R:R991I,-16.268159825002385
L887R:N888Q:A889R:N985L:N986T:L988D,-16.52414557617726
L887R:N888Q:A889R:N985L:N986T:L988D:R991Q,-19.37059831496117
L887R:N888Q:A889R:N985L:N986T:L988D:R991I,-16.787252546150057
L887R:N888Q:A889R:N985L:N986T:L988D:L989R,-15.020203401951449
L887R:N888Q:A889R:N985L:N986T:L988D:L989R:R991Q,-18.393415104518
L887R:N888Q:A889R:N985L:N986T:L988D:L989R:R991I,-15.216629141478506
L887R:N888Q:A889R:N985L:N986L,-16.548911264172602
L887R:N888Q:A889R:N985L:N986L:R991Q,-20.296689094086787
L887R:N888Q:A889R:N985L:N986L:R991I,-16.83294849088179
L887R:N888Q:A889R:N985L:N986L:L989R,-15.825532260267892
L887R:N888Q:A889R:N985L:N986L:L989R:R991Q,-19.424192544400512
L887R:N888Q:A889R:N985L:N986L:L989R:R991I,-16.057896655063814
L887R:N888Q:A889R:N985L:N986L:L988D,-16.24147633069674
L887R:N888Q:A889R:N985L:N986L:L988D:R991Q,-19.73681332417732
L887R:N888Q:A889R:N985L:N986L:L988D:R991I,-16.65586985064624
L887R:N888Q:A889R:N985L:N986L:L988D:L989R,-15.837544461919606
L887R:N888Q:A889R:N985L:N986L:L988D:L989R:R991Q,-18.884029712977508
L887R:N888Q:A889R:N985L:N986L:L988D:L989R:R991I,-17.668163410416128
L887R:N888Q:A889R:N985D,-16.087649392906314
L887R:N888Q:A889R:N985D:R991Q,-18.22883125719477
L887R:N888Q:A889R:N985D:R991I,-15.932873993065414
L887R:N888Q:A889R:N985D:L989R,-14.58123545652279
L887R:N888Q:A889R:N985D:L989R:R991Q,-17.524045776329785
L887R:N888Q:A889R:N985D:L989R:R991I,-13.902913060006085
L887R:N888Q:A889R:N985D:L988D,-15.19706614296706
L887R:N888Q:A889R:N985D:L988D:R991Q,-18.213918592939535
L887R:N888Q:A889R:N985D:L988D:R991I,-14.705419613042295
L887R:N888Q:A889R:N985D:L988D:L989R,-14.25451627659072
L887R:N888Q:A889R:N985D:L988D:L989R:R991Q,-17.774414800083832
L887R:N888Q:A889R:N985D:L988D:L989R:R991I,-14.726666091631614
L887R:N888Q:A889R:N985D:N986T,-17.232611505041177
L887R:N888Q:A889R:N985D:N986T:R991Q,-20.049374473482658
L887R:N888Q:A889R:N985D:N986T:R991I,-16.300558860623596
L887R:N888Q:A889R:N985D:N986T:L989R,-15.64173523026534
L887R:N888Q:A889R:N985D:N986T:L989R:R991Q,-19.22854978245914
L887R:N888Q:A889R:N985D:N986T:L989R:R991I,-17.41300129255501
L887R:N888Q:A889R:N985D:N986T:L988D,-16.610771907278604
L887R:N888Q:A889R:N985D:N986T:L988D:R991Q,-19.820765382470427
L887R:N888Q:A889R:N985D:N986T:L988D:R991I,-16.86049361704886
L887R:N888Q:A889R:N985D:N986T:L988D:L989R,-16.065254154805416
L887R:N888Q:A889R:N985D:N986T:L988D:L989R:R991Q,-18.622657454778846
L887R:N888Q:A889R:N985D:N986T:L988D:L989R:R991I,-15.939389019037208
L887R:N888Q:A889R:N985D:N986L,-17.095625502943903
L887R:N888Q:A889R:N985D:N986L:R991Q,-20.38338211883638
L887R:N888Q:A889R:N985D:N986L:R991I,-17.229090679531282
L887R:N888Q:A889R:N985D:N986L:L989R,-16.141951668369984
L887R:N888Q:A889R:N985D:N986L:L989R:R991Q,-20.42584816807357
L887R:N888Q:A889R:N985D:N986L:L989R:R991I,-16.55356642290917
L887R:N888Q:A889R:N985D:N986L:L988D,-17.21746574158692
L887R:N888Q:A889R:N985D:N986L:L988D:R991Q,-20.93355259426653
L887R:N888Q:A889R:N985D:N986L:L988D:R991I,-17.011980253751744
L887R:N888Q:A889R:N985D:N986L:L988D:L989R,-16.135784569584075
L887R:N888Q:A889R:N985D:N986L:L988D:L989R:R991Q,-19.59499209992896
L887R:N888Q:A889R:N985D:N986L:L988D:L989R:R991I,-16.966398090001803
L887R:N888Q:A889S,-9.05426905849049
L887R:N888Q:A889S:R991Q,-12.199783153117323
L887R:N888Q:A889S:R991I,-9.257002036043332
L887R:N888Q:A889S:L989R,-7.961861211073028
L887R:N888Q:A889S:L989R:R991Q,-11.452753809592423
L887R:N888Q:A889S:L989R:R991I,-7.617557595528979
L887R:N888Q:A889S:L988D,-9.278074437283976
L887R:N888Q:A889S:L988D:R991Q,-11.588787438720601
L887R:N888Q:A889S:L988D:R991I,-9.486613679433049
L887R:N888Q:A889S:L988D:L989R,-8.84047591870717
L887R:N888Q:A889S:L988D:L989R:R991Q,-11.27493499015759
L887R:N888Q:A889S:L988D:L989R:R991I,-8.199784491955597
L887R:N888Q:A889S:N986T,-10.783062289556938
L887R:N888Q:A889S:N986T:R991Q,-14.352412307489885
L887R:N888Q:A889S:N986T:R991I,-10.876906231588464
L887R:N888Q:A889S:N986T:L989R,-9.828898288523533
L887R:N888Q:A889S:N986T:L989R:R991Q,-13.45203707976475
L887R:N888Q:A889S:N986T:L989R:R991I,-9.690059403234045
L887R:N888Q:A889S:N986T:L988D,-10.71030062832665
L887R:N888Q:A889S:N986T:L988D:R991Q,-13.23211775105392
L887R:N888Q:A889S:N986T:L988D:R991I,-10.362309990552603
L887R:N888Q:A889S:N986T:L988D:L989R,-9.771628419744047
L887R:N888Q:A889S:N986T:L988D:L989R:R991Q,-13.667202753616266
L887R:N888Q:A889S:N986T:L988D:L989R:R991I,-10.21904013047265
L887R:N888Q:A889S:N986L,-10.861722696629386
L887R:N888Q:A889S:N986L:R991Q,-14.153581619929128
L887R:N888Q:A889S:N986L:R991I,-10.8680070941341
L887R:N888Q:A889S:N986L:L989R,-9.945626516135235
L887R:N888Q:A889S:N986L:L989R:R991Q,-14.026913109058341
L887R:N888Q:A889S:N986L:L989R:R991I,-10.256441476441296
L887R:N888Q:A889S:N986L:L988D,-11.153318742290367
L887R:N888Q:A889S:N986L:L988D:R991Q,-14.827776714400898
L887R:N888Q:A889S:N986L:L988D:R991I,-10.224495108934661
L887R:N888Q:A889S:N986L:L988D:L989R,-9.612547783701075
L887R:N888Q:A889S:N986L:L988D:L989R:R991Q,-12.711161833062079
L887R:N888Q:A889S:N986L:L988D:L989R:R991I,-10.249440662327515
L887R:N888Q:A889S:N985L,-11.315865242933114
L887R:N888Q:A889S:N985L:R991Q,-14.077762908151726
L887R:N888Q:A889S:N985L:R991I,-12.152459977457738
L887R:N888Q:A889S:N985L:L989R,-10.619413499578059
L887R:N888Q:A889S:N985L:L989R:R991Q,-14.210938582341441
L887R:N888Q:A889S:N985L:L989R:R991I,-10.51177516511575
L887R:N888Q:A889S:N985L:L988D,-11.624387816034186
L887R:N888Q:A889S:N985L:L988D:R991Q,-14.60070896676757
L887R:N888Q:A889S:N985L:L988D:R991I,-11.687757431548107
L887R:N888Q:A889S:N985L:L988D:L989R,-9.795065887716191
L887R:N888Q:A889S:N985L:L988D:L989R:R991Q,-14.021905292735482
L887R:N888Q:A889S:N985L:L988D:L989R:R991I,-10.58482960472611
L887R:N888Q:A889S:N985L:N986T,-13.015582463831151
L887R:N888Q:A889S:N985L:N986T:R991Q,-16.152766614295388
L887R:N888Q:A889S:N985L:N986T:R991I,-13.25287712905947
L887R:N888Q:A889S:N985L:N986T:L989R,-11.771886745167194
L887R:N888Q:A889S:N985L:N986T:L989R:R991Q,-15.429735316855158
L887R:N888Q:A889S:N985L:N986T:L989R:R991I,-11.960097790876944
L887R:N888Q:A889S:N985L:N986T:L988D,-12.367116288675334
L887R:N888Q:A889S:N985L:N986T:L988D:R991Q,-15.813819499188412
L887R:N888Q:A889S:N985L:N986T:L988D:R991I,-13.029997740343333
L887R:N888Q:A889S:N985L:N986T:L988D:L989R,-11.404788834322972
L887R:N888Q:A889S:N985L:N986T:L988D:L989R:R991Q,-15.21050673568925
L887R:N888Q:A889S:N985L:N986T:L988D:L989R:R991I,-12.332820901164723
L887R:N888Q:A889S:N985L:N986L,-13.924316678223022
L887R:N888Q:A889S:N985L:N986L:R991Q,-16.208567247400197
L887R:N888Q:A889S:N985L:N986L:R991I,-13.519665439458095
L887R:N888Q:A889S:N985L:N986L:L989R,-12.626046261219017
L887R:N888Q:A889S:N985L:N986L:L989R:R991Q,-16.131723072676778
L887R:N888Q:A889S:N985L:N986L:L989R:R991I,-12.805072613092761
L887R:N888Q:A889S:N985L:N986L:L988D,-13.44558468537889
L887R:N888Q:A889S:N985L:N986L:L988D:R991Q,-16.68387884698518
L887R:N888Q:A889S:N985L:N986L:L988D:R991I,-13.18493695374832
L887R:N888Q:A889S:N985L:N986L:L988D:L989R,-12.237671321928701
L887R:N888Q:A889S:N985L:N986L:L988D:L989R:R991Q,-15.576979641889011
L887R:N888Q:A889S:N985L:N986L:L988D:L989R:R991I,-12.528688554070868
L887R:N888Q:A889S:N985D,-12.300359260862251
L887R:N888Q:A889S:N985D:R991Q,-14.405099889695293
L887R:N888Q:A889S:N985D:R991I,-11.447958926900583
L887R:N888Q:A889S:N985D:L989R,-10.883413427880441
L887R:N888Q:A889S:N985D:L989R:R991Q,-14.217953501789225
L887R:N888Q:A889S:N985D:L989R:R991I,-10.696724192790498
L887R:N888Q:A889S:N985D:L988D,-11.064849940149998
L887R:N888Q:A889S:N985D:L988D:R991Q,-14.419282612167535
L887R:N888Q:A889S:N985D:L988D:R991I,-11.38982139450718
L887R:N888Q:A889S:N985D:L988D:L989R,-10.499017805124822
L887R:N888Q:A889S:N985D:L988D:L989R:R991Q,-13.656520519297828
L887R:N888Q:A889S:N985D:L988D:L989R:R991I,-10.917802275088434
L887R:N888Q:A889S:N985D:N986T,-12.996915336890424
L887R:N888Q:A889S:N985D:N986T:R991Q,-16.97297667749808
L887R:N888Q:A889S:N985D:N986T:R991I,-13.573911544613338
L887R:N888Q:A889S:N985D:N986T:L989R,-12.406301473721669
L887R:N888Q:A889S:N985D:N986T:L989R:R991Q,-16.321424896749022
L887R:N888Q:A889S:N985D:N986T:L989R:R991I,-12.398482180146175
L887R:N888Q:A889S:N985D:N986T:L988D,-12.700254502392227
L887R:N888Q:A889S:N985D:N986T:L988D:R991Q,-16.427640958342636
L887R:N888Q:A889S:N985D:N986T:L988D:R991I,-13.711230509672987
L887R:N888Q:A889S:N985D:N986T:L988D:L989R,-12.564098431479124
L887R:N888Q:A889S:N985D:N986T:L988D:L989R:R991Q,-15.309896135749568
L887R:N888Q:A889S:N985D:N986T:L988D:L989R:R991I,-11.87742476307244
L887R:N888Q:A889S:N985D:N986L,-14.050706951418306
L887R:N888Q:A889S:N985D:N986L:R991Q,-16.476030731178525
L887R:N888Q:A889S:N985D:N986L:R991I,-13.671080921003295
L887R:N888Q:A889S:N985D:N986L:L989R,-12.815836325352393
L887R:N888Q:A889S:N985D:N986L:L989R:R991Q,-16.04533826116426
L887R:N888Q:A889S:N985D:N986L:L989R:R991I,-14.027076790293222
L887R:N888Q:A889S:N985D:N986L:L988D,-12.837396354509565
L887R:N888Q:A889S:N985D:N986L:L988D:R991Q,-17.033622745179855
L887R:N888Q:A889S:N985D:N986L:L988D:R991I,-14.127739875962789
L887R:N888Q:A889S:N985D:N986L:L988D:L989R,-12.419521014616976
L887R:N888Q:A889S:N985D:N986L:L988D:L989R:R991Q,-16.347739974416072
L887R:N888Q:A889S:N985D:N986L:L988D:L989R:R991I,-12.838033596699233
