mutation,linear,,
A101M,0.743303311,,
H177F,0.981651257,,
Q176K,0.915431022,,
S173K,0.842525074,,
Q176R,0.944793704,,
R74T,0.904027017,,
R74Q,0.634122765,,
H177Y,0.626122279,,
R74L,0.596381498,,
S173R,0.868303442,,
R74A,0.701596636,,
R74H,0.92980543,,
S173L,0.723999399,,
S42W,1.050996568,,
F43A,0.696780852,,
L148I,1.018554193,,
Q143R,0.865546121,,
S173C,0.883920196,,
F43Q,0.961124411,,
Q73N,1.049492726,,
L148Q,0.908843119,,
L148V,0.936566935,,
R74C,0.500850184,,
Q73G,1.016924917,,
F43W,1.051420026,,
S173T,0.939307921,,
A182S,0.69964732,,
A101I,0.462264524,,
Q176A,0.942233878,,
R74P,1.074387678,,
S42W:F43A,0.808244847,,
S42W:F43Q,0.548923085,,
S42W:F43W,0.423837777,,
S42W:Q73N,0.406720802,,
S42W:Q73G,0.32939152,,
S42W:R74T,0.01503972,,
S42W:R74Q,0.024760438,,
S42W:R74L,0.060495734,,
S42W:R74A,0.390005877,,
S42W:R74H,0.528999009,,
S42W:R74C,0.287642691,,
S42W:R74P,0.424620143,,
S42W:A101M,0.357175477,,
S42W:A101I,0.122502775,,
S42W:Q143R,0.175137721,,
S42W:L148I,0.269977878,,
S42W:L148Q,0.257012696,,
S42W:L148V,0.352723054,,
S42W:S173K,0.02062404,,
S42W:S173R,0.040955597,,
S42W:S173L,0.149218222,,
S42W:S173C,0.019586318,,
S42W:S173T,0.030438025,,
S42W:Q176K,0.531617762,,
S42W:Q176R,0.574666913,,
S42W:Q176A,0.363692478,,
S42W:H177F,0.152612098,,
S42W:H177Y,0.129068673,,
S42W:A182S,0.151297288,,
F43A:Q73N,0.014979051,,
F43A:Q73G,0.016630713,,
F43Q:Q73N,0.015803071,,
F43Q:Q73G,0.240229856,,
F43W:Q73N,0.20231951,,
F43W:Q73G,0.055566103,,
F43A:R74T,0.837579953,,
F43A:R74Q,0.384360888,,
F43A:R74L,0.079251693,,
F43A:R74A,0.365040792,,
F43A:R74H,0.059681675,,
F43A:R74C,0.127349098,,
F43A:R74P,0.379230233,,
F43Q:R74T,0.175879339,,
F43Q:R74Q,0.355629761,,
F43Q:R74L,0.184862967,,
F43Q:R74A,0.012436361,,
F43Q:R74H,0.425813614,,
F43Q:R74C,0.191428866,,
F43Q:R74P,0.264711395,,
F43W:R74T,0.1267913,,
F43W:R74Q,0.280373206,,
F43W:R74L,1.249177867,,
F43W:R74A,0.283453772,,
F43W:R74C,0.311513912,,
F43W:R74P,0.041761507,,
F43A:A101M,0.106719625,,
F43A:A101I,0.019588129,,
F43Q:A101M,0.068878098,,
F43Q:A101I,0.269703507,,
F43W:A101M,0.0384609,,
F43W:A101I,0.056170988,,
F43A:Q143R,0.60301048,,
F43Q:Q143R,0.80320746,,
F43W:Q143R,0.143204689,,
F43A:L148I,0.12886131,,
F43A:L148Q,0.0207653,,
F43A:L148V,0.021069554,,
F43Q:L148I,0.053147469,,
F43Q:L148Q,0.293369176,,
F43Q:L148V,0.042621747,,
F43W:L148I,0.031002162,,
F43W:L148Q,0.111984297,,
F43W:L148V,0.061608614,,
F43A:S173K,0.019152576,,
F43A:S173R,0.03277788,,
F43A:S173L,0.208544029,,
F43A:S173C,0.016488547,,
F43A:S173T,0.039700552,,
F43Q:S173K,0.035012694,,
F43Q:S173R,0.024091262,,
F43Q:S173L,0.030819248,,
F43Q:S173C,0.031565393,,
F43Q:S173T,0.003079661,,
F43W:S173K,0.00586684,,
F43W:S173R,0.04684417,,
F43W:S173L,0.055464685,,
F43W:S173C,0.025898672,,
F43W:S173T,0.043100766,,
F43A:Q176K,0.053764126,,
F43A:Q176R,0.032642052,,
F43A:Q176A,0.037624203,,
F43Q:Q176R,0.026275367,,
F43W:Q176K,0.022655113,,
F43W:Q176R,0.063620671,,
F43W:Q176A,0.002068199,,
F43A:H177F,0.028187688,,
F43A:H177Y,0.369213138,,
F43Q:H177F,0.265765057,,
F43Q:H177Y,0.53645877,,
F43W:H177F,0.650259475,,
F43W:H177Y,0.307840366,,
F43A:A182S,0.047138621,,
F43Q:A182S,0.172033979,,
F43W:A182S,0.259269478,,
Q73N:R74T,0.742643978,,
Q73N:R74Q,0.630946002,,
Q73N:R74L,0.409801564,,
Q73N:R74A,0.796784792,,
Q73N:R74H,0.884434622,,
Q73N:R74C,0.425015043,,
Q73N:R74P,0.502497756,,
Q73G:R74T,0.672015617,,
Q73G:R74Q,0.765276806,,
Q73G:R74L,0.311414912,,
Q73G:R74A,0.672010908,,
Q73G:R74H,0.910833154,,
Q73G:R74C,0.506326551,,
Q73G:R74P,0.613373662,,
Q73N:A101M,0.524229415,,
Q73N:A101I,0.393297067,,
Q73G:A101M,0.588679537,,
Q73G:A101I,0.420584527,,
Q73N:Q143R,0.594310671,,
Q73G:Q143R,0.496735731,,
Q73N:L148I,0.738237945,,
Q73N:L148Q,0.703212854,,
Q73N:L148V,0.810384264,,
Q73G:L148I,0.594283363,,
Q73G:L148Q,0.59711023,,
Q73G:L148V,0.705839147,,
Q73N:S173K,0.734412917,,
Q73N:S173R,0.838752751,,
Q73N:S173L,0.639633769,,
Q73N:S173C,0.670395017,,
Q73N:S173T,0.793927792,,
Q73G:S173K,0.774482487,,
Q73G:S173R,0.722602601,,
Q73G:S173L,0.628471317,,
Q73G:S173C,0.78888802,,
Q73G:S173T,0.834923014,,
Q73N:Q176K,0.800925276,,
Q73N:Q176R,0.817673664,,
Q73N:Q176A,0.876905098,,
Q73G:Q176K,0.672031625,,
Q73G:Q176R,0.765306939,,
Q73G:Q176A,0.865984653,,
Q73N:H177F,0.77878682,,
Q73N:H177Y,0.433382645,,
Q73G:H177F,0.892784332,,
Q73G:H177Y,0.467188284,,
Q73N:A182S,0.541737723,,
Q73G:A182S,0.329766948,,
R74T:A101M,0.549979142,,
R74T:A101I,0.649937427,,
R74Q:A101M,0.705667765,,
R74Q:A101I,0.612782298,,
R74L:A101M,0.345142393,,
R74L:A101I,0.837571908,,
R74A:A101M,0.412263066,,
R74A:A101I,0.590240811,,
R74H:A101M,0.640508572,,
R74H:A101I,0.560788472,,
R74C:A101M,0.319900222,,
R74C:A101I,0.886019438,,
R74P:A101M,0.609599483,,
R74P:A101I,0.618320208,,
R74T:Q143R,0.369590745,,
R74Q:Q143R,0.430272338,,
R74L:Q143R,0.41474811,,
R74A:Q143R,0.565650269,,
R74H:Q143R,0.708252625,,
R74C:Q143R,0.445778674,,
R74P:Q143R,0.698380248,,
R74T:L148I,0.644943797,,
R74T:L148Q,0.83678562,,
R74T:L148V,0.627484456,,
R74Q:L148I,0.664258211,,
R74Q:L148Q,0.795443866,,
R74Q:L148V,0.465627952,,
R74L:L148I,0.492576413,,
R74L:L148Q,0.673499675,,
R74L:L148V,0.497289428,,
R74A:L148Q,0.691435497,,
R74A:L148V,0.818756574,,
R74H:L148I,0.554285359,,
R74H:L148Q,0.945219798,,
R74H:L148V,0.790685652,,
R74C:L148I,0.511622454,,
R74C:L148Q,0.433643485,,
R74C:L148V,0.271982613,,
R74P:L148I,0.544439948,,
R74P:L148Q,0.617525519,,
R74P:L148V,0.566958814,,
R74T:S173K,0.50857796,,
R74T:S173R,0.516087586,,
R74T:S173L,0.386525056,,
R74T:S173C,0.426580288,,
R74T:S173T,0.527962323,,
R74Q:S173K,0.494187778,,
R74Q:S173R,0.410826843,,
R74Q:S173L,0.282114476,,
R74Q:S173C,0.416918142,,
R74Q:S173T,0.453356638,,
R74L:S173K,0.233365732,,
R74L:S173R,0.301695735,,
R74L:S173L,0.192958422,,
R74L:S173C,0.191583479,,
R74L:S173T,0.395345384,,
R74A:S173K,0.335298412,,
R74A:S173R,0.575354478,,
R74A:S173L,0.421187307,,
R74A:S173C,0.531686683,,
R74A:S173T,0.473171505,,
R74H:S173K,0.57608283,,
R74H:S173R,0.629623017,,
R74H:S173L,0.497670189,,
R74H:S173C,0.706623171,,
R74H:S173T,0.77976631,,
R74C:S173K,0.344496682,,
R74C:S173R,0.340893296,,
R74C:S173L,0.232132622,,
R74C:S173C,0.308613835,,
R74C:S173T,0.265759493,,
R74P:S173K,0.408764428,,
R74P:S173R,0.552226565,,
R74P:S173L,0.361942107,,
R74P:S173C,0.475878841,,
R74P:S173T,0.341682553,,
R74T:Q176K,0.412409529,,
R74T:Q176A,0.556297165,,
R74Q:Q176K,0.481246793,,
R74L:Q176K,0.311263604,,
R74L:Q176R,0.335597095,,
R74L:Q176A,0.444962644,,
R74A:Q176K,0.472160321,,
R74A:Q176A,0.559460869,,
R74C:Q176K,0.291935975,,
R74C:Q176A,0.420682549,,
R74P:Q176K,0.73054785,,
R74Q:H177Y,0.571581727,,
R74A:H177F,0.79357164,,
R74A:H177Y,0.493585406,,
R74C:H177Y,0.327877223,,
R74P:H177F,0.381410735,,
R74P:H177Y,0.435075234,,
R74T:A182S,0.435759368,,
R74Q:A182S,0.410906937,,
R74L:A182S,0.455161251,,
R74A:A182S,0.520985821,,
R74H:A182S,0.581066999,,
R74C:A182S,0.531754262,,
R74P:A182S,0.572384333,,
A101M:Q143R,0.494343794,,
A101I:Q143R,0.441280833,,
A101M:L148I,0.797485389,,
A101M:L148Q,0.787457815,,
A101M:L148V,0.913674761,,
A101I:L148I,0.535866577,,
A101I:L148Q,0.429467835,,
A101I:L148V,0.33863315,,
A101M:S173K,0.626271593,,
A101M:S173R,0.494269541,,
A101M:S173L,0.282938774,,
A101M:S173C,0.636345888,,
A101M:S173T,0.596995649,,
A101I:S173K,0.689905264,,
A101I:S173R,0.548269432,,
A101I:S173L,0.68356701,,
A101I:S173C,0.682397307,,
A101I:S173T,0.553776714,,
A101M:Q176R,0.333817511,,
A101M:Q176A,0.640684301,,
A101I:Q176K,0.795139309,,
A101M:H177F,0.781836233,,
A101M:H177Y,0.279179373,,
A101I:H177F,0.604656285,,
A101I:H177Y,0.794876501,,
A101M:A182S,0.311247753,,
A101I:A182S,0.381478314,,
Q143R:L148I,0.591517568,,
Q143R:L148Q,0.474999479,,
Q143R:L148V,0.574042942,,
Q143R:S173K,0.401781252,,
Q143R:S173R,0.530833184,,
Q143R:S173L,0.494808923,,
Q143R:S173C,0.420426441,,
Q143R:S173T,0.584788865,,
Q143R:Q176K,0.510990718,,
Q143R:Q176R,0.596239925,,
Q143R:Q176A,0.753617887,,
Q143R:H177F,0.733845521,,
Q143R:H177Y,0.242628119,,
Q143R:A182S,0.346828773,,
L148I:S173K,0.809097379,,
L148I:S173R,0.687486401,,
L148I:S173L,0.646834759,,
L148I:S173C,0.892351296,,
L148I:S173T,0.9279045,,
L148Q:S173K,0.90527697,,
L148Q:S173R,0.888968806,,
L148Q:S173L,0.561593153,,
L148Q:S173C,0.803158068,,
L148Q:S173T,0.767540255,,
L148V:S173K,0.755204617,,
L148V:S173R,0.74522247,,
L148V:S173L,0.595504518,,
L148V:S173C,0.844819707,,
L148V:S173T,0.960948389,,
L148I:Q176K,0.878530593,,
L148I:Q176A,0.945725283,,
L148Q:Q176K,0.854627028,,
L148Q:Q176R,0.887072331,,
L148V:Q176K,0.991181772,,
L148V:Q176A,1.129763159,,
L148I:H177F,0.912532222,,
L148I:H177Y,0.567417497,,
L148Q:H177F,1.052839059,,
L148Q:H177Y,0.480200555,,
L148V:H177F,1.074336875,,
L148V:H177Y,0.638751937,,
L148I:A182S,0.539459695,,
L148Q:A182S,0.701640603,,
L148V:A182S,0.473702563,,
S173K:Q176K,0.785010437,,
S173K:Q176R,0.858786731,,
S173R:Q176K,0.782020354,,
S173R:Q176A,0.87961185,,
S173L:Q176K,0.535484318,,
S173L:Q176R,0.543475927,,
S173C:Q176K,0.829521539,,
S173C:Q176A,1.077780174,,
S173T:Q176K,0.793984488,,
S173K:H177F,0.625813912,,
S173K:H177Y,0.25098648,,
S173R:H177F,0.67471465,,
S173R:H177Y,0.160959981,,
S173L:H177F,0.32776806,,
S173L:H177Y,0.162854556,,
S173C:H177F,0.756786596,,
S173C:H177Y,0.35260371,,
S173T:H177F,0.62690372,,
S173T:H177Y,0.282226059,,
S173K:A182S,0.341936514,,
S173R:A182S,0.429085996,,
S173L:A182S,0.348845915,,
S173C:A182S,0.408845212,,
S173T:A182S,0.471102986,,
Q176K:H177F,0.585682945,,
Q176K:H177Y,0.323313814,,
Q176A:H177F,0.776399339,,
Q176A:H177Y,0.487625881,,
Q176K:A182S,0.475942038,,
Q176R:A182S,0.524906435,,
Q176A:A182S,0.562204091,,
H177F:A182S,0.416736106,,
H177Y:A182S,0.320061493,,
S42W:F43A:Q73N,0.016991313,,
S42W:F43A:Q73G,0.002701242,,
S42W:F43Q:Q73N,0.024496451,,
S42W:F43Q:Q73G,0.011840616,,
S42W:F43W:Q73N,0.075568254,,
S42W:F43W:Q73G,0.076827186,,
S42W:F43A:R74T,0.008252896,,
S42W:F43A:R74L,0.024242764,,
S42W:F43A:R74A,0.004789644,,
S42W:F43A:R74H,0.00220527,,
S42W:F43A:R74C,0.020895429,,
S42W:F43A:R74P,0.005821494,,
S42W:F43Q:R74T,0.007069025,,
S42W:F43Q:R74Q,0.009283796,,
S42W:F43Q:R74A,0.005189652,,
S42W:F43Q:R74H,0.001576278,,
S42W:F43Q:R74C,0.007780678,,
S42W:F43W:R74T,0.091840312,,
S42W:F43W:R74Q,0.078834827,,
S42W:F43W:R74L,0.098305049,,
S42W:F43W:R74A,0.090220327,,
S42W:F43W:R74H,0.088835977,,
S42W:F43W:R74C,0.119015201,,
S42W:F43A:A101M,0.00157107,,
S42W:F43A:A101I,0.001111506,,
S42W:F43Q:A101M,0.000914549,,
S42W:F43W:A101M,0.023407268,,
S42W:F43W:A101I,0.043773928,,
S42W:F43A:Q143R,0.004585724,,
S42W:F43Q:Q143R,0.001370297,,
S42W:F43W:Q143R,0.042112777,,
S42W:F43A:L148I,0.001894751,,
S42W:F43A:L148Q,0.00169245,,
S42W:F43A:L148V,0.001155019,,
S42W:F43Q:L148I,0.000761106,,
S42W:F43Q:L148Q,0.001669548,,
S42W:F43Q:L148V,0.003597888,,
S42W:F43W:L148I,0.061416024,,
S42W:F43W:L148Q,0.055267628,,
S42W:F43W:L148V,0.05915179,,
S42W:F43A:S173K,0.009982175,,
S42W:F43A:S173R,0.00502086,,
S42W:F43A:S173L,0.01032723,,
S42W:F43A:S173C,0.002271105,,
S42W:F43A:S173T,0.001759629,,
S42W:F43Q:S173K,0.002595549,,
S42W:F43Q:S173R,0.000961116,,
S42W:F43Q:S173L,0.008514926,,
S42W:F43Q:S173C,0.001432896,,
S42W:F43Q:S173T,0.000634383,,
S42W:F43W:S173K,0.041116544,,
S42W:F43W:S173L,0.207100352,,
S42W:F43W:S173C,0.089073122,,
S42W:F43A:Q176K,0.00369942,,
S42W:F43A:Q176A,0.001783295,,
S42W:F43Q:Q176K,0.002887166,,
S42W:F43W:Q176K,0.169114498,,
S42W:F43A:H177Y,0.01217465,,
S42W:F43Q:H177Y,0.016463412,,
S42W:F43W:H177F,0.184670232,,
S42W:F43W:H177Y,0.219524633,,
S42W:F43A:A182S,0.006481238,,
S42W:F43Q:A182S,0.002079492,,
S42W:F43W:A182S,0.001945898,,
S42W:Q73N:R74Q,0.033922294,,
S42W:Q73N:R74L,0.06489635,,
S42W:Q73N:R74A,0.046038926,,
S42W:Q73N:R74H,0.026321153,,
S42W:Q73N:R74C,0.046239699,,
S42W:Q73N:R74P,0.03797364,,
S42W:Q73G:R74T,0.021752988,,
S42W:Q73G:R74Q,0.026362377,,
S42W:Q73G:R74L,0.037858367,,
S42W:Q73G:R74A,0.034018482,,
S42W:Q73G:R74H,0.02728227,,
S42W:Q73G:R74C,0.048358125,,
S42W:Q73G:R74P,0.010211957,,
S42W:Q73N:A101M,0.004500223,,
S42W:Q73N:A101I,0.001987885,,
S42W:Q73G:A101M,0.00739426,,
S42W:Q73G:A101I,0.002517682,,
S42W:Q73N:Q143R,0.024027146,,
S42W:Q73G:Q143R,0.020296427,,
S42W:Q73N:L148I,0.016587846,,
S42W:Q73N:L148Q,0.01205785,,
S42W:Q73N:L148V,0.014434304,,
S42W:Q73G:L148I,0.013189967,,
S42W:Q73G:L148Q,0.020463611,,
S42W:Q73G:L148V,0.016427533,,
S42W:Q73N:S173K,0.036112479,,
S42W:Q73N:S173R,0.015237397,,
S42W:Q73N:S173L,0.137558734,,
S42W:Q73N:S173C,0.037885086,,
S42W:Q73N:S173T,0.017577971,,
S42W:Q73G:S173K,0.042255532,,
S42W:Q73G:S173R,0.016582502,,
S42W:Q73G:S173L,0.188962048,,
S42W:Q73G:S173C,0.035128461,,
S42W:Q73G:S173T,0.016027513,,
S42W:Q73N:Q176K,0.082948391,,
S42W:Q73N:Q176R,0.054997385,,
S42W:Q73N:Q176A,0.037041533,,
S42W:Q73G:Q176K,0.074286129,,
S42W:Q73G:Q176R,0.061762607,,
S42W:Q73N:H177F,0.042160107,,
S42W:Q73N:H177Y,0.292329009,,
S42W:Q73G:H177F,0.037085046,,
S42W:Q73G:H177Y,0.25188349,,
S42W:Q73N:A182S,0.023553077,,
S42W:Q73G:A182S,0.026830339,,
S42W:R74T:A101M,0.006753007,,
S42W:R74T:A101I,0.003506281,,
S42W:R74Q:A101M,0.005568979,,
S42W:R74Q:A101I,0.003521549,,
S42W:R74L:A101M,0.008865325,,
S42W:R74L:A101I,0.004575795,,
S42W:R74A:A101M,0.006441355,,
S42W:R74A:A101I,0.003306762,,
S42W:R74H:A101M,0.005653261,,
S42W:R74C:A101M,0.017528828,,
S42W:R74C:A101I,0.00712437,,
S42W:R74P:A101M,0.008863027,,
S42W:R74P:A101I,0.003227548,,
S42W:R74T:Q143R,0.037492261,,
S42W:R74Q:Q143R,0.037877012,,
S42W:R74L:Q143R,0.053272732,,
S42W:R74A:Q143R,0.057142072,,
S42W:R74H:Q143R,0.03551273,,
S42W:R74C:Q143R,0.049810777,,
S42W:R74P:Q143R,0.044856696,,
S42W:R74T:L148I,0.044081535,,
S42W:R74T:L148Q,0.021027966,,
S42W:R74T:L148V,0.034671288,,
S42W:R74Q:L148I,0.03547474,,
S42W:R74Q:L148Q,0.033727192,,
S42W:R74Q:L148V,0.028486164,,
S42W:R74L:L148I,0.064177529,,
S42W:R74L:L148Q,0.066595159,,
S42W:R74L:L148V,0.063085513,,
S42W:R74A:L148I,0.047549149,,
S42W:R74A:L148Q,0.052483022,,
S42W:R74A:L148V,0.059236381,,
S42W:R74H:L148I,0.037835789,,
S42W:R74H:L148Q,0.039276182,,
S42W:R74H:L148V,0.035814226,,
S42W:R74C:L148I,0.098442241,,
S42W:R74C:L148Q,0.094546228,,
S42W:R74C:L148V,0.083695587,,
S42W:R74P:L148I,0.045022398,,
S42W:R74P:L148Q,0.052494338,,
S42W:R74P:L148V,0.050730624,,
S42W:R74T:S173K,0.08846295,,
S42W:R74T:S173L,0.27523073,,
S42W:R74T:S173C,0.062098577,,
S42W:R74T:S173T,0.026507442,,
S42W:R74Q:S173K,0.058144366,,
S42W:R74Q:S173R,0.028820801,,
S42W:R74Q:S173L,0.258273371,,
S42W:R74Q:S173C,0.045706221,,
S42W:R74Q:S173T,0.022133722,,
S42W:R74L:S173K,0.102503957,,
S42W:R74L:S173R,0.055884355,,
S42W:R74L:S173L,0.121722943,,
S42W:R74L:S173C,0.026223728,,
S42W:R74L:S173T,0.026123499,,
S42W:R74A:S173K,0.058203372,,
S42W:R74A:S173R,0.02502825,,
S42W:R74A:S173L,0.15994995,,
S42W:R74A:S173C,0.044680486,,
S42W:R74A:S173T,0.018236092,,
S42W:R74H:S173K,0.013290095,,
S42W:R74H:S173R,0.009584032,,
S42W:R74H:S173L,0.17229514,,
S42W:R74H:S173C,0.034820015,,
S42W:R74H:S173T,0.013776692,,
S42W:R74C:S173K,0.061728375,,
S42W:R74C:S173R,0.026161489,,
S42W:R74C:S173L,0.194458769,,
S42W:R74C:S173C,0.034620365,,
S42W:R74C:S173T,0.022973548,,
S42W:R74P:S173K,0.045419274,,
S42W:R74P:S173R,0.02064968,,
S42W:R74P:S173L,0.190400287,,
S42W:R74P:S173C,0.031615908,,
S42W:R74P:S173T,0.021912248,,
S42W:R74T:Q176K,0.087119553,,
S42W:R74T:Q176R,0.05202229,,
S42W:R74T:Q176A,0.023761642,,
S42W:R74Q:Q176K,0.053034283,,
S42W:R74Q:Q176R,0.058077277,,
S42W:R74Q:Q176A,0.03249534,,
S42W:R74L:Q176K,0.141554623,,
S42W:R74L:Q176R,0.12005865,,
S42W:R74A:Q176K,0.086807548,,
S42W:R74H:Q176K,0.064993105,,
S42W:R74H:Q176R,0.053543513,,
S42W:R74H:Q176A,0.018611144,,
S42W:R74C:Q176K,0.162301299,,
S42W:R74C:Q176R,0.141143197,,
S42W:R74C:Q176A,0.06545222,,
S42W:R74P:Q176K,0.127592829,,
S42W:R74P:Q176R,0.098426883,,
S42W:R74T:H177F,0.03446113,,
S42W:R74T:H177Y,0.170063419,,
S42W:R74Q:H177F,0.034629256,,
S42W:R74Q:H177Y,0.264093951,,
S42W:R74L:H177F,0.056008025,,
S42W:R74L:H177Y,0.206560661,,
S42W:R74A:H177F,0.066945962,,
S42W:R74A:H177Y,0.27904804,,
S42W:R74H:H177F,0.059012994,,
S42W:R74H:H177Y,0.184644456,,
S42W:R74C:H177F,0.074719002,,
S42W:R74C:H177Y,0.201127766,,
S42W:R74P:H177F,0.03973442,,
S42W:R74P:H177Y,0.198077425,,
S42W:R74T:A182S,0.039569904,,
S42W:R74Q:A182S,0.038697515,,
S42W:R74L:A182S,0.081000801,,
S42W:R74A:A182S,0.058203997,,
S42W:R74H:A182S,0.032030838,,
S42W:R74C:A182S,0.038235663,,
S42W:R74P:A182S,0.035512845,,
S42W:A101M:Q143R,0.01029056,,
S42W:A101I:Q143R,0.00772773,,
S42W:A101M:L148I,0.008773691,,
S42W:A101M:L148Q,0.010563747,,
S42W:A101M:L148V,0.009842291,,
S42W:A101I:L148I,0.00489926,,
S42W:A101I:L148Q,0.004291003,,
S42W:A101I:L148V,0.004564191,,
S42W:A101M:S173K,0.009741166,,
S42W:A101M:S173R,0.004748328,,
S42W:A101M:S173L,0.023353744,,
S42W:A101M:S173C,0.009878515,,
S42W:A101M:S173T,0.005872773,,
S42W:A101I:S173K,0.008038651,,
S42W:A101I:S173R,0.004381563,,
S42W:A101I:S173L,0.025089465,,
S42W:A101I:S173C,0.007659811,,
S42W:A101I:S173T,0.00512264,,
S42W:A101M:Q176K,0.016785174,,
S42W:A101M:Q176R,0.012678308,,
S42W:A101M:Q176A,0.011949305,,
S42W:A101I:Q176K,0.027228175,,
S42W:A101M:H177F,0.025921102,,
S42W:A101M:H177Y,0.195961355,,
S42W:A101I:H177F,0.010073217,,
S42W:A101I:H177Y,0.049932911,,
S42W:A101M:A182S,0.009194792,,
S42W:A101I:A182S,0.00434232,,
S42W:Q143R:L148I,0.028726932,,
S42W:Q143R:L148Q,0.069203938,,
S42W:Q143R:L148V,0.028298284,,
S42W:Q143R:S173K,0.071809028,,
S42W:Q143R:S173R,0.045506068,,
S42W:Q143R:S173L,0.124811901,,
S42W:Q143R:S173C,0.033042084,,
S42W:Q143R:S173T,0.035626044,,
S42W:Q143R:Q176K,0.113790829,,
S42W:Q143R:Q176R,0.100860465,,
S42W:Q143R:Q176A,0.033214147,,
S42W:Q143R:H177F,0.072219564,,
S42W:Q143R:H177Y,0.313234191,,
S42W:Q143R:A182S,0.040641522,,
S42W:L148I:S173K,0.061590916,,
S42W:L148I:S173R,0.025676591,,
S42W:L148I:S173L,0.309660116,,
S42W:L148I:S173T,0.027582866,,
S42W:L148Q:S173K,0.085032201,,
S42W:L148Q:S173R,0.034175586,,
S42W:L148Q:S173L,0.352832772,,
S42W:L148Q:S173C,0.033543179,,
S42W:L148Q:S173T,0.024419326,,
S42W:L148V:S173K,0.044206542,,
S42W:L148V:S173R,0.021726695,,
S42W:L148V:S173L,0.261112763,,
S42W:L148V:S173C,0.070690621,,
S42W:L148V:S173T,0.028322434,,
S42W:L148I:Q176K,0.059002428,,
S42W:L148I:Q176R,0.045824535,,
S42W:L148Q:Q176K,0.086603406,,
S42W:L148Q:Q176R,0.063767359,,
S42W:L148Q:Q176A,0.032258746,,
S42W:L148V:Q176K,0.09164907,,
S42W:L148V:Q176R,0.091030248,,
S42W:L148V:Q176A,0.0351008,,
S42W:L148I:H177F,0.090744986,,
S42W:L148I:H177Y,0.180303645,,
S42W:L148Q:H177F,0.04888846,,
S42W:L148Q:H177Y,0.264789472,,
S42W:L148V:H177F,0.038670347,,
S42W:L148V:H177Y,0.127979968,,
S42W:L148I:A182S,0.045087986,,
S42W:L148Q:A182S,0.061598463,,
S42W:L148V:A182S,0.049552561,,
S42W:S173K:Q176K,0.043995237,,
S42W:S173R:Q176K,0.020605268,,
S42W:S173R:Q176A,0.031268631,,
S42W:S173L:Q176K,0.323212321,,
S42W:S173L:Q176A,0.156670676,,
S42W:S173C:Q176K,0.089545075,,
S42W:S173C:Q176R,0.052405181,,
S42W:S173C:Q176A,0.025552827,,
S42W:S173T:Q176K,0.054371676,,
S42W:S173T:Q176R,0.039249446,,
S42W:S173T:Q176A,0.023870177,,
S42W:S173K:H177F,0.069412055,,
S42W:S173K:H177Y,0.196468368,,
S42W:S173R:H177F,0.019480408,,
S42W:S173R:H177Y,0.103998897,,
S42W:S173L:H177F,0.130140783,,
S42W:S173L:H177Y,0.208293605,,
S42W:S173C:H177F,0.039299705,,
S42W:S173C:H177Y,0.252471309,,
S42W:S173T:H177F,0.042445921,,
S42W:S173T:H177Y,0.229146802,,
S42W:S173K:A182S,0.040787373,,
S42W:S173R:A182S,0.021360096,,
S42W:S173L:A182S,0.253556905,,
S42W:S173C:A182S,0.052708819,,
S42W:S173T:A182S,0.032425703,,
S42W:Q176K:H177F,0.096411217,,
S42W:Q176K:H177Y,0.257530242,,
S42W:Q176R:H177F,0.064058749,,
S42W:Q176R:H177Y,0.210503567,,
S42W:Q176A:H177F,0.040511666,,
S42W:Q176A:H177Y,0.275189836,,
S42W:Q176K:A182S,0.100202185,,
S42W:Q176R:A182S,0.070978702,,
S42W:Q176A:A182S,0.028193891,,
S42W:H177F:A182S,0.038560179,,
S42W:H177Y:A182S,0.171809843,,
F43A:Q73N:R74T,0.068069421,,
F43A:Q73N:R74L,0.348153052,,
F43A:Q73N:R74A,0.129564958,,
F43A:Q73N:R74H,0.047203299,,
F43A:Q73N:R74C,0.342684867,,
F43A:Q73N:R74P,0.071468368,,
F43A:Q73G:R74T,0.032218923,,
F43A:Q73G:R74Q,0.040396788,,
F43A:Q73G:R74L,0.319331641,,
F43A:Q73G:R74A,0.076731209,,
F43A:Q73G:R74H,0.031848442,,
F43A:Q73G:R74C,0.302285207,,
F43A:Q73G:R74P,0.019839401,,
F43Q:Q73N:R74T,0.369817574,,
F43Q:Q73N:R74Q,0.22152753,,
F43Q:Q73N:R74L,0.252184115,,
F43Q:Q73N:R74A,0.292365507,,
F43Q:Q73N:R74C,0.296778251,,
F43Q:Q73N:R74P,0.429048582,,
F43Q:Q73G:R74T,0.225654516,,
F43Q:Q73G:R74Q,0.424429057,,
F43Q:Q73G:R74L,0.570991625,,
F43Q:Q73G:R74A,0.316380717,,
F43Q:Q73G:R74H,0.150820228,,
F43Q:Q73G:R74C,0.307059817,,
F43Q:Q73G:R74P,0.110407644,,
F43W:Q73N:R74T,0.419552493,,
F43W:Q73N:R74Q,0.452568381,,
F43W:Q73N:R74L,0.220948833,,
F43W:Q73N:R74A,0.438850532,,
F43W:Q73N:R74H,0.408326058,,
F43W:Q73N:R74C,0.134178738,,
F43W:Q73N:R74P,0.319445083,,
F43W:Q73G:R74T,0.38538352,,
F43W:Q73G:R74Q,0.39032183,,
F43W:Q73G:R74A,0.409000965,,
F43W:Q73G:R74H,0.544980413,,
F43W:Q73G:R74C,0.16677963,,
F43W:Q73G:R74P,0.137490092,,
F43A:Q73N:A101M,0.180771749,,
F43A:Q73N:A101I,0.054153408,,
F43A:Q73G:A101M,0.198819056,,
F43A:Q73G:A101I,0.060747395,,
F43Q:Q73N:A101M,0.313682524,,
F43Q:Q73N:A101I,0.093059656,,
F43Q:Q73G:A101M,0.239177073,,
F43Q:Q73G:A101I,0.044588393,,
F43W:Q73N:A101M,0.245360372,,
F43W:Q73N:A101I,0.672434491,,
F43W:Q73G:A101M,0.308996944,,
F43W:Q73G:A101I,1.073416984,,
F43A:Q73N:Q143R,0.056864525,,
F43A:Q73G:Q143R,0.04906432,,
F43Q:Q73N:Q143R,0.382504394,,
F43Q:Q73G:Q143R,0.232746786,,
F43A:Q73N:L148I,0.018989305,,
F43A:Q73N:L148Q,0.013205206,,
F43A:Q73G:L148I,0.029272306,,
F43A:Q73G:L148Q,0.011420292,,
F43A:Q73G:L148V,0.014674206,,
F43Q:Q73N:L148I,0.181130742,,
F43Q:Q73N:L148Q,0.136802261,,
F43Q:Q73N:L148V,0.163412274,,
F43Q:Q73G:L148I,0.128319969,,
F43Q:Q73G:L148Q,0.113793668,,
F43Q:Q73G:L148V,0.159308263,,
F43W:Q73N:L148I,0.572653494,,
F43W:Q73N:L148Q,0.509927568,,
F43W:Q73N:L148V,0.505242631,,
F43W:Q73G:L148I,0.335413683,,
F43W:Q73G:L148Q,0.451971099,,
F43W:Q73G:L148V,0.069250727,,
F43A:Q73N:S173K,0.076738475,,
F43A:Q73N:S173R,0.058991863,,
F43A:Q73N:S173L,0.390608091,,
F43A:Q73N:S173C,0.122393966,,
F43A:Q73N:S173T,0.058967714,,
F43A:Q73G:S173K,0.080308023,,
F43A:Q73G:S173R,0.034705358,,
F43A:Q73G:S173L,0.200519509,,
F43A:Q73G:S173C,0.103285946,,
F43A:Q73G:S173T,0.049961588,,
F43Q:Q73N:S173K,0.522853404,,
F43Q:Q73N:S173R,0.285923003,,
F43Q:Q73N:S173L,0.504548343,,
F43Q:Q73N:S173C,0.272606253,,
F43Q:Q73N:S173T,0.463363464,,
F43Q:Q73G:S173K,0.623547843,,
F43Q:Q73G:S173R,0.46615722,,
F43Q:Q73G:S173L,0.291646354,,
F43Q:Q73G:S173C,0.406543516,,
F43Q:Q73G:S173T,0.139885503,,
F43W:Q73N:S173K,0.571408303,,
F43W:Q73N:S173C,0.54190407,,
F43W:Q73N:S173T,0.535818483,,
F43W:Q73G:S173R,0.472651834,,
F43W:Q73G:S173C,0.27201158,,
F43W:Q73G:S173T,0.616325736,,
F43A:Q73N:Q176R,0.050731342,,
F43A:Q73N:Q176A,0.030811306,,
F43A:Q73G:Q176R,0.031517669,,
F43Q:Q73N:Q176K,0.485411645,,
F43Q:Q73N:Q176R,0.563461721,,
F43Q:Q73N:Q176A,0.301746739,,
F43Q:Q73G:Q176K,0.721424378,,
F43W:Q73N:Q176K,0.451996758,,
F43W:Q73N:Q176A,0.650970721,,
F43W:Q73G:Q176K,0.665789247,,
F43W:Q73G:Q176A,0.809345422,,
F43A:Q73N:H177F,0.055260818,,
F43A:Q73N:H177Y,0.624796053,,
F43A:Q73G:H177F,0.056579966,,
F43A:Q73G:H177Y,0.505112829,,
F43Q:Q73N:H177F,0.744984899,,
F43Q:Q73N:H177Y,0.965418407,,
F43Q:Q73G:H177F,0.530895073,,
F43Q:Q73G:H177Y,0.891758949,,
F43W:Q73N:H177Y,0.325387254,,
F43W:Q73G:H177F,0.693541157,,
F43A:Q73N:A182S,0.115805774,,
F43A:Q73G:A182S,0.061082275,,
F43Q:Q73N:A182S,0.483555179,,
F43Q:Q73G:A182S,0.498434078,,
F43A:R74T:A101M,0.410060237,,
F43A:R74T:A101I,0.188731701,,
F43A:R74Q:A101M,0.264274793,,
F43A:R74L:A101M,0.802215383,,
F43A:R74L:A101I,0.508413717,,
F43A:R74H:A101I,0.075704589,,
F43A:R74C:A101M,0.924622934,,
F43A:R74P:A101M,0.366372902,,
F43A:R74P:A101I,0.106177807,,
F43Q:R74T:A101M,0.745461845,,
F43Q:R74T:A101I,0.133227882,,
F43Q:R74Q:A101M,0.134833801,,
F43Q:R74Q:A101I,0.089975232,,
F43Q:R74L:A101I,0.544635944,,
F43Q:R74A:A101M,0.992557532,,
F43Q:R74A:A101I,0.151466533,,
F43Q:R74H:A101M,0.476320997,,
F43Q:R74H:A101I,0.114714534,,
F43Q:R74C:A101M,0.791526363,,
F43Q:R74C:A101I,0.405502084,,
F43Q:R74P:A101M,0.442116734,,
F43Q:R74P:A101I,0.1459726,,
F43W:R74T:A101M,0.353039549,,
F43W:R74T:A101I,1.175697194,,
F43W:R74Q:A101M,0.630019817,,
F43W:R74Q:A101I,1.004162711,,
F43W:R74L:A101M,0.280163429,,
F43W:R74L:A101I,0.998410684,,
F43W:R74A:A101M,0.365580508,,
F43W:R74A:A101I,1.238240492,,
F43W:R74H:A101M,0.602676934,,
F43W:R74H:A101I,1.63175101,,
F43W:R74C:A101M,0.430107056,,
F43W:R74C:A101I,0.797394608,,
F43W:R74P:A101I,1.486632687,,
F43A:R74T:Q143R,0.070523788,,
F43A:R74Q:Q143R,0.083327539,,
F43A:R74L:Q143R,0.350153479,,
F43A:R74A:Q143R,0.167117851,,
F43A:R74H:Q143R,0.065148332,,
F43A:R74C:Q143R,0.272420243,,
F43A:R74P:Q143R,0.10702696,,
F43Q:R74T:Q143R,0.174998661,,
F43Q:R74Q:Q143R,0.352566506,,
F43Q:R74L:Q143R,0.368008973,,
F43Q:R74A:Q143R,0.438857613,,
F43Q:R74H:Q143R,0.361101581,,
F43Q:R74C:Q143R,0.34685594,,
F43Q:R74P:Q143R,0.342374114,,
F43W:R74T:Q143R,0.283696617,,
F43W:R74A:Q143R,0.249588235,,
F43W:R74H:Q143R,0.38926801,,
F43A:R74T:L148I,0.066391891,,
F43A:R74T:L148Q,0.040534764,,
F43A:R74Q:L148I,0.047557279,,
F43A:R74Q:L148V,0.057380366,,
F43A:R74L:L148V,0.395015052,,
F43A:R74A:L148V,0.096440186,,
F43A:R74H:L148I,0.056225714,,
F43A:R74C:L148I,0.312882058,,
F43A:R74C:L148Q,0.317716093,,
F43A:R74P:L148I,0.061773285,,
F43A:R74P:L148Q,0.041954997,,
F43A:R74P:L148V,0.051292514,,
F43Q:R74T:L148Q,0.440094333,,
F43Q:R74T:L148V,0.357802902,,
F43Q:R74Q:L148I,0.299041058,,
F43Q:R74Q:L148Q,0.235421243,,
F43Q:R74Q:L148V,0.206333828,,
F43Q:R74L:L148Q,0.462660759,,
F43Q:R74L:L148V,0.544155446,,
F43Q:R74A:L148I,0.488751552,,
F43Q:R74A:L148Q,0.560453927,,
F43Q:R74H:L148I,0.349208557,,
F43Q:R74H:L148V,0.157518172,,
F43Q:R74C:L148Q,0.541007225,,
F43Q:R74P:L148I,0.284220941,,
F43Q:R74P:L148V,0.316560301,,
F43W:R74T:L148I,0.322442983,,
F43W:R74T:L148V,0.216660721,,
F43W:R74Q:L148Q,0.540301668,,
F43W:R74L:L148Q,0.006294161,,
F43W:R74L:L148V,0.212020458,,
F43W:R74A:L148I,0.245382249,,
F43W:R74A:L148Q,0.228422664,,
F43W:R74A:L148V,0.342072058,,
F43W:R74H:L148Q,0.632499393,,
F43W:R74H:L148V,0.586821699,,
F43W:R74C:L148Q,0.292434582,,
F43W:R74P:L148I,0.432556613,,
F43W:R74P:L148Q,0.764208311,,
F43W:R74P:L148V,0.723745357,,
F43A:R74T:S173K,0.109470764,,
F43A:R74T:S173R,0.083843884,,
F43A:R74T:S173L,0.228386189,,
F43A:R74T:S173C,0.091688219,,
F43A:R74T:S173T,0.068274896,,
F43A:R74Q:S173K,0.090714801,,
F43A:R74Q:S173R,0.061595471,,
F43A:R74Q:S173L,0.153793195,,
F43A:R74Q:S173C,0.064742551,,
F43A:R74Q:S173T,0.054733672,,
F43A:R74L:S173K,0.587927338,,
F43A:R74L:S173R,0.438000458,,
F43A:R74L:S173L,0.549967458,,
F43A:R74L:S173C,0.552944703,,
F43A:R74L:S173T,0.481695981,,
F43A:R74A:S173K,0.180510896,,
F43A:R74A:S173R,0.124262385,,
F43A:R74A:S173L,0.311162142,,
F43A:R74A:S173C,0.206721266,,
F43A:R74A:S173T,0.121164133,,
F43A:R74H:S173K,0.047433269,,
F43A:R74H:S173L,0.197928053,,
F43A:R74H:S173C,0.043437908,,
F43A:R74H:S173T,0.06101066,,
F43A:R74C:S173K,0.401748729,,
F43A:R74C:S173R,0.397276488,,
F43A:R74C:S173L,0.317600014,,
F43A:R74C:S173C,0.403357129,,
F43A:R74C:S173T,0.462808102,,
F43A:R74P:S173K,0.062078083,,
F43A:R74P:S173R,0.044422433,,
F43A:R74P:S173L,0.29379279,,
F43A:R74P:S173C,0.07728524,,
F43A:R74P:S173T,0.050380863,,
F43Q:R74T:S173L,0.346435839,,
F43Q:R74T:S173C,0.345935884,,
F43Q:R74T:S173T,0.235411804,,
F43Q:R74Q:S173K,0.28064442,,
F43Q:R74Q:S173R,0.28315701,,
F43Q:R74Q:S173L,0.311491171,,
F43Q:R74Q:S173C,0.274877426,,
F43Q:R74Q:S173T,0.196660647,,
F43Q:R74L:S173K,0.394898928,,
F43Q:R74L:S173R,0.275179962,,
F43Q:R74L:S173L,0.156231011,,
F43Q:R74L:S173C,0.420065857,,
F43Q:R74L:S173T,0.328158023,,
F43Q:R74A:S173K,0.3139183,,
F43Q:R74A:S173R,0.412070862,,
F43Q:R74A:S173L,0.312598762,,
F43Q:R74A:S173C,0.339086084,,
F43Q:R74A:S173T,0.149169264,,
F43Q:R74H:S173K,0.262758876,,
F43Q:R74H:S173R,0.231542073,,
F43Q:R74H:S173L,0.232752218,,
F43Q:R74H:S173C,0.166192494,,
F43Q:R74H:S173T,0.175638638,,
F43Q:R74C:S173K,0.260203554,,
F43Q:R74C:S173R,0.304671282,,
F43Q:R74C:S173L,0.187252106,,
F43Q:R74C:S173C,0.322843979,,
F43Q:R74C:S173T,0.277317374,,
F43Q:R74P:S173K,0.420247892,,
F43Q:R74P:S173R,0.44684375,,
F43Q:R74P:S173L,0.404905705,,
F43Q:R74P:S173C,0.376303193,,
F43Q:R74P:S173T,0.261611118,,
F43W:R74T:S173K,0.457667547,,
F43W:R74T:S173R,0.233443608,,
F43W:R74T:S173L,0.157617209,,
F43W:R74T:S173T,0.017313801,,
F43W:R74Q:S173R,0.376115176,,
F43W:R74Q:S173L,0.216810941,,
F43W:R74Q:S173C,0.39193766,,
F43W:R74Q:S173T,0.3457077,,
F43W:R74L:S173K,0.189117747,,
F43W:R74L:S173R,0.18279183,,
F43W:R74L:S173L,0.098010695,,
F43W:R74L:S173C,0.08265227,,
F43W:R74L:S173T,0.157827447,,
F43W:R74A:S173K,0.269741998,,
F43W:R74A:S173L,0.156743785,,
F43W:R74A:S173C,0.207736557,,
F43W:R74A:S173T,0.272864789,,
F43W:R74H:S173K,0.031533868,,
F43W:R74H:S173R,0.381529211,,
F43W:R74H:S173L,0.155618247,,
F43W:R74H:S173C,0.271320486,,
F43W:R74C:S173K,0.113273401,,
F43W:R74C:S173R,0.135542305,,
F43W:R74C:S173T,0.123817736,,
F43W:R74P:S173K,0.244128956,,
F43W:R74P:S173R,0.322044052,,
F43W:R74P:S173C,0.272357998,,
F43A:R74T:Q176K,0.127176404,,
F43A:R74Q:Q176K,0.101845387,,
F43A:R74Q:Q176A,0.048961334,,
F43A:R74L:Q176K,0.651819022,,
F43A:R74L:Q176R,0.5403352,,
F43A:R74A:Q176K,0.155845577,,
F43A:R74A:Q176R,0.18726578,,
F43A:R74P:Q176K,0.081192575,,
F43Q:R74T:Q176K,0.529172973,,
F43Q:R74Q:Q176K,0.563041671,,
F43Q:R74Q:Q176A,0.134139015,,
F43Q:R74L:Q176K,0.313091059,,
F43Q:R74A:Q176K,0.416104343,,
F43Q:R74A:Q176R,0.442446982,,
F43Q:R74A:Q176A,0.412838207,,
F43Q:R74H:Q176K,0.444870278,,
F43Q:R74H:Q176R,0.071339188,,
F43Q:R74H:Q176A,0.263211811,,
F43Q:R74C:Q176K,0.344389642,,
F43Q:R74C:Q176A,0.118784824,,
F43A:R74A:H177Y,0.555992164,,
F43A:R74H:H177F,0.04103819,,
F43A:R74C:H177F,0.44770313,,
F43A:R74P:H177Y,0.538408052,,
F43Q:R74T:H177F,0.264061873,,
F43Q:R74T:H177Y,0.364767404,,
F43Q:R74Q:H177F,0.308529197,,
F43Q:R74Q:H177Y,0.402877831,,
F43Q:R74L:H177Y,0.240646996,,
F43Q:R74H:H177Y,0.473820874,,
F43Q:R74C:H177Y,0.196672791,,
F43Q:R74P:H177Y,0.432151328,,
F43W:R74T:H177F,0.177907465,,
F43W:R74T:H177Y,0.18917285,,
F43W:R74L:H177F,0.113123246,,
F43W:R74A:H177F,0.130566024,,
F43W:R74A:H177Y,0.134659526,,
F43W:R74H:H177F,0.283089233,,
F43W:R74H:H177Y,0.166702946,,
F43W:R74C:H177Y,0.100530154,,
F43W:R74P:H177F,0.268027454,,
F43W:R74P:H177Y,0.204155194,,
F43A:R74T:A182S,0.058363362,,
F43A:R74L:A182S,0.253875571,,
F43A:R74A:A182S,0.1084706,,
F43A:R74C:A182S,0.225442852,,
F43A:R74P:A182S,0.069836105,,
F43Q:R74T:A182S,0.162343283,,
F43Q:R74Q:A182S,0.141480655,,
F43Q:R74A:A182S,0.291631118,,
F43Q:A101I:Q143R,0.073205404,,
F43W:A101M:Q143R,0.093551186,,
F43W:A101I:Q143R,0.365709281,,
F43A:A101M:L148I,0.166917524,,
F43A:A101M:L148Q,0.126022731,,
F43A:A101M:L148V,0.143681119,,
F43A:A101I:L148Q,0.0399426,,
F43A:A101I:L148V,0.043404746,,
F43Q:A101M:L148I,0.218654736,,
F43Q:A101I:L148Q,0.016003656,,
F43W:A101M:L148I,0.223669483,,
F43W:A101M:L148Q,0.254449157,,
F43W:A101I:L148I,0.629038697,,
F43W:A101I:L148V,0.468610118,,
F43A:A101M:S173R,0.17492709,,
F43A:A101M:S173L,0.297336025,,
F43A:A101I:S173L,0.159857058,,
F43A:A101I:S173T,0.072309951,,
F43Q:A101M:S173R,0.336104632,,
F43Q:A101I:S173R,0.078640025,,
F43Q:A101I:S173L,0.134233464,,
F43W:A101M:S173K,0.090685321,,
F43W:A101M:S173R,0.120246642,,
F43W:A101M:S173L,0.043612103,,
F43W:A101M:S173C,0.054064566,,
F43W:A101M:S173T,0.228649154,,
F43W:A101I:S173L,0.446339317,,
F43W:A101I:S173C,0.711214114,,
F43A:A101M:Q176K,0.558984919,,
F43A:A101M:Q176A,0.00321146,,
F43A:A101I:Q176K,0.170312614,,
F43A:A101I:Q176R,0.048749614,,
F43Q:A101M:Q176K,0.543437242,,
F43Q:A101M:Q176R,0.617159493,,
F43Q:A101M:Q176A,0.484015429,,
F43Q:A101I:Q176R,0.181849318,,
F43W:A101M:Q176K,0.222598652,,
F43W:A101I:Q176A,0.699522665,,
F43A:A101M:H177F,0.002455276,,
F43A:A101M:H177Y,0.64310805,,
F43A:A101I:H177Y,0.647357328,,
F43Q:A101M:H177F,0.613664335,,
F43Q:A101M:H177Y,0.152652163,,
F43W:A101M:H177F,0.172683297,,
F43W:A101I:H177Y,0.385152285,,
F43A:A101M:A182S,0.270453509,,
F43A:A101I:A182S,0.118155318,,
F43Q:A101M:A182S,0.496626731,,
F43Q:Q143R:L148Q,0.231375165,,
F43W:Q143R:L148I,0.330025572,,
F43W:Q143R:L148Q,0.412131779,,
F43W:Q143R:L148V,0.514787854,,
F43A:Q143R:S173L,0.329054847,,
F43Q:Q143R:S173K,0.304366074,,
F43Q:Q143R:S173R,0.289090478,,
F43W:Q143R:S173R,0.381310307,,
F43W:Q143R:S173L,0.200411892,,
F43W:Q143R:S173C,0.263786913,,
F43W:Q143R:S173T,0.500515341,,
F43A:Q143R:Q176R,0.130136158,,
F43Q:Q143R:Q176A,0.225600303,,
F43W:Q143R:Q176K,0.259352983,,
F43Q:Q143R:H177F,0.18966825,,
F43Q:Q143R:H177Y,0.328561871,,
F43W:Q143R:H177Y,0.359322434,,
F43Q:L148V:S173L,0.275351864,,
F43W:L148I:S173C,0.375110039,,
F43W:L148V:Q176R,0.220835185,,
F43A:S173K:Q176R,0.04280136,,
F43A:S173R:Q176A,0.043426621,,
F43A:S173L:Q176K,0.449444736,,
F43A:S173T:Q176A,0.026843402,,
F43Q:S173K:Q176K,0.344429418,,
F43Q:S173K:Q176R,0.276262633,,
F43Q:S173K:Q176A,0.35109887,,
F43Q:S173R:Q176K,0.272380684,,
F43Q:S173R:Q176A,0.271682143,,
F43Q:S173C:Q176R,0.423278938,,
F43Q:S173C:Q176A,0.367082524,,
F43Q:S173T:Q176K,0.27117394,,
F43Q:S173T:Q176R,0.48147771,,
F43Q:S173T:Q176A,0.214725328,,
F43W:S173K:Q176K,0.181257203,,
F43W:S173K:Q176A,0.271261495,,
F43W:S173R:Q176R,0.199447829,,
F43W:S173L:Q176R,0.100258765,,
F43W:S173L:Q176A,0.17058589,,
F43W:S173T:Q176K,0.184713746,,
F43W:S173T:Q176A,0.341535325,,
F43A:S173T:H177Y,0.233855273,,
F43Q:S173K:H177F,0.324402029,,
F43Q:S173K:H177Y,0.279410827,,
F43Q:S173R:H177F,0.32200567,,
F43Q:S173R:H177Y,0.322051351,,
F43Q:S173L:H177Y,0.231720629,,
F43Q:S173C:H177F,0.352770992,,
F43Q:S173T:H177F,0.312535391,,
F43Q:S173T:H177Y,0.264408367,,
F43W:S173L:H177Y,0.057528782,,
F43W:S173C:H177F,0.181412329,,
F43A:S173R:A182S,0.094033753,,
F43A:S173L:A182S,0.176650066,,
F43A:S173C:A182S,0.158170126,,
F43Q:S173R:A182S,0.203168941,,
F43Q:S173C:A182S,0.421070063,,
F43W:S173L:A182S,0.078050099,,
F43W:S173C:A182S,0.138584321,,
F43A:Q176R:H177F,0.216759092,,
F43A:Q176R:H177Y,0.657722356,,
F43Q:Q176K:H177Y,0.486472185,,
F43Q:Q176R:H177F,0.6357164,,
F43Q:Q176R:H177Y,0.398811909,,
F43Q:Q176A:H177F,0.414032306,,
F43Q:Q176A:H177Y,0.355970578,,
F43W:Q176K:H177Y,0.109831827,,
F43W:Q176R:H177F,0.169988228,,
F43W:Q176R:H177Y,0.103691515,,
F43W:Q176A:H177F,0.056894003,,
F43A:Q176K:A182S,0.154090226,,
F43A:Q176R:A182S,0.127499974,,
F43A:Q176A:A182S,0.064018364,,
F43Q:Q176K:A182S,0.317860103,,
F43Q:Q176A:A182S,0.201659559,,
F43W:Q176R:A182S,0.191683932,,
F43W:Q176A:A182S,0.195062436,,
Q73N:R74T:A101M,0.389754664,,
Q73N:R74T:A101I,0.562867293,,
Q73N:R74Q:A101M,0.549046834,,
Q73N:R74L:A101M,0.215879729,,
Q73N:R74A:A101M,0.397112188,,
Q73N:R74A:A101I,0.557101948,,
Q73N:R74H:A101M,0.427673848,,
Q73N:R74H:A101I,0.522618369,,
Q73N:R74C:A101M,0.246152075,,
Q73N:R74C:A101I,0.518222507,,
Q73N:R74P:A101M,0.437083082,,
Q73N:R74P:A101I,0.911608598,,
Q73G:R74T:A101I,0.718796584,,
Q73G:R74L:A101M,0.279378902,,
Q73G:R74L:A101I,0.710719867,,
Q73G:R74A:A101M,0.529258841,,
Q73G:R74A:A101I,0.824086078,,
Q73G:R74H:A101M,0.715225979,,
Q73G:R74H:A101I,0.739954418,,
Q73G:R74C:A101M,0.326013303,,
Q73G:R74C:A101I,0.747235817,,
Q73G:R74P:A101I,0.491377109,,
Q73N:R74T:Q143R,0.401340938,,
Q73N:R74Q:Q143R,0.420846369,,
Q73N:R74L:Q143R,0.303689556,,
Q73N:R74A:Q143R,0.446381925,,
Q73N:R74H:Q143R,0.579236911,,
Q73N:R74P:Q143R,0.491173768,,
Q73G:R74T:Q143R,0.530915408,,
Q73G:R74Q:Q143R,0.515342848,,
Q73G:R74L:Q143R,0.256268859,,
Q73G:R74H:Q143R,0.558326833,,
Q73G:R74C:Q143R,0.295748169,,
Q73G:R74P:Q143R,0.615666111,,
Q73N:R74T:L148I,0.675201883,,
Q73N:R74T:L148Q,0.65485186,,
Q73N:R74T:L148V,0.633338006,,
Q73N:R74Q:L148I,0.610070427,,
Q73N:R74Q:L148Q,0.648073608,,
Q73N:R74Q:L148V,0.612494552,,
Q73N:R74L:L148I,0.469298343,,
Q73N:R74L:L148Q,0.560213806,,
Q73N:R74L:L148V,0.472047258,,
Q73N:R74A:L148I,0.588755056,,
Q73N:R74A:L148Q,0.605865509,,
Q73N:R74A:L148V,0.614039386,,
Q73N:R74H:L148I,0.615910397,,
Q73N:R74H:L148Q,0.611798475,,
Q73N:R74H:L148V,0.627983139,,
Q73N:R74C:L148I,0.478649929,,
Q73N:R74C:L148Q,0.515086763,,
Q73N:R74C:L148V,0.445161881,,
Q73N:R74P:L148I,0.612912337,,
Q73N:R74P:L148Q,0.623880239,,
Q73N:R74P:L148V,0.69296608,,
Q73G:R74T:L148I,0.661333776,,
Q73G:R74T:L148Q,0.69417849,,
Q73G:R74T:L148V,0.680234043,,
Q73G:R74Q:L148I,0.650459564,,
Q73G:R74Q:L148Q,0.700227353,,
Q73G:R74Q:L148V,0.607647689,,
Q73G:R74L:L148I,0.388410418,,
Q73G:R74L:L148Q,0.499074904,,
Q73G:R74L:L148V,0.41219433,,
Q73G:R74A:L148I,0.597069119,,
Q73G:R74A:L148Q,0.68384143,,
Q73G:R74A:L148V,0.647144348,,
Q73G:R74H:L148I,0.640602749,,
Q73G:R74H:L148Q,0.599794439,,
Q73G:R74H:L148V,0.628149004,,
Q73G:R74C:L148I,0.492345926,,
Q73G:R74C:L148Q,0.518134791,,
Q73G:R74C:L148V,0.457700294,,
Q73G:R74P:L148I,0.627524408,,
Q73G:R74P:L148Q,0.669911557,,
Q73G:R74P:L148V,0.582253708,,
Q73N:R74T:S173K,0.51445731,,
Q73N:R74T:S173L,0.462024579,,
Q73N:R74T:S173C,0.594690797,,
Q73N:R74T:S173T,0.6087213,,
Q73N:R74Q:S173K,0.564719917,,
Q73N:R74Q:S173R,0.648825205,,
Q73N:R74Q:S173C,0.640482688,,
Q73N:R74Q:S173T,0.695295128,,
Q73N:R74L:S173K,0.441061063,,
Q73N:R74L:S173R,0.457143016,,
Q73N:R74L:S173L,0.299546405,,
Q73N:R74L:S173C,0.36628099,,
Q73N:R74A:S173K,0.605102114,,
Q73N:R74A:S173L,0.411069363,,
Q73N:R74A:S173C,0.528691847,,
Q73N:R74A:S173T,0.599408577,,
Q73N:R74H:S173K,0.717023427,,
Q73N:R74H:S173R,0.754274317,,
Q73N:R74H:S173L,0.586228913,,
Q73N:R74H:S173C,0.680675424,,
Q73N:R74H:S173T,0.746843709,,
Q73N:R74C:S173K,0.449904645,,
Q73N:R74C:S173R,0.363396746,,
Q73N:R74C:S173L,0.273739496,,
Q73N:R74C:S173C,0.361576396,,
Q73N:R74C:S173T,0.42066593,,
Q73N:R74P:S173K,0.669434782,,
Q73N:R74P:S173R,0.719170648,,
Q73N:R74P:S173L,0.505503383,,
Q73N:R74P:S173C,0.430650401,,
Q73N:R74P:S173T,0.522714187,,
Q73G:R74T:S173K,0.552861068,,
Q73G:R74T:S173R,0.559731853,,
Q73G:R74T:S173L,0.423513715,,
Q73G:R74T:S173T,0.631440389,,
Q73G:R74Q:S173K,0.537243986,,
Q73G:R74Q:S173R,0.632646751,,
Q73G:R74Q:S173L,0.465680918,,
Q73G:R74Q:S173C,0.563421983,,
Q73G:R74Q:S173T,0.616810454,,
Q73G:R74L:S173R,0.261286051,,
Q73G:R74L:S173L,0.19577577,,
Q73G:R74L:S173T,0.310799007,,
Q73G:R74A:S173K,0.54919056,,
Q73G:R74A:S173L,0.371939185,,
Q73G:R74H:S173K,0.585444355,,
Q73G:R74H:S173R,0.608120991,,
Q73G:R74H:S173T,0.615117622,,
Q73G:R74C:S173K,0.245304963,,
Q73G:R74C:S173C,0.245464639,,
Q73G:R74P:S173R,0.61465754,,
Q73G:R74P:S173L,0.481014508,,
Q73G:R74P:S173T,0.649981022,,
Q73N:R74T:Q176K,0.397740997,,
Q73N:R74T:Q176R,0.416727504,,
Q73N:R74Q:Q176K,0.475042236,,
Q73N:R74L:Q176K,0.260883479,,
Q73N:R74A:Q176A,0.473814899,,
Q73N:R74H:Q176K,0.555641859,,
Q73N:R74H:Q176R,0.512254084,,
Q73N:R74H:Q176A,0.61088216,,
Q73N:R74C:Q176A,0.329525703,,
Q73N:R74P:Q176A,0.522428665,,
Q73G:R74T:Q176A,0.570211577,,
Q73G:R74Q:Q176K,0.480322355,,
Q73G:R74Q:Q176A,0.528698637,,
Q73G:R74L:Q176K,0.190601199,,
Q73G:R74L:Q176R,0.263012712,,
Q73G:R74A:Q176K,0.517434068,,
Q73G:R74C:Q176K,0.280791504,,
Q73G:R74C:Q176A,0.430934569,,
Q73G:R74P:Q176K,0.65146411,,
Q73G:R74P:Q176R,0.433366238,,
Q73N:R74Q:H177F,0.563544446,,
Q73N:R74L:H177Y,0.231601282,,
Q73N:R74P:H177Y,0.260471435,,
Q73G:R74T:H177F,0.53634615,,
Q73G:R74L:H177F,0.23904311,,
Q73G:R74A:H177Y,0.270213674,,
Q73G:R74H:H177Y,0.336445203,,
Q73G:R74C:H177F,0.302226595,,
Q73G:R74C:H177Y,0.174628907,,
Q73N:R74T:A182S,0.377133377,,
Q73N:R74P:A182S,0.469960359,,
Q73G:R74H:A182S,0.478169441,,
Q73G:R74C:A182S,0.312724586,,
Q73G:A101M:Q143R,0.443624716,,
Q73G:A101I:Q143R,0.768249191,,
Q73N:A101M:L148I,0.775486689,,
Q73N:A101M:L148Q,0.703666516,,
Q73N:A101I:L148I,0.626527067,,
Q73N:A101I:L148Q,0.58874577,,
Q73N:A101I:L148V,0.644287663,,
Q73G:A101M:L148I,0.853472618,,
Q73G:A101M:L148Q,0.805661243,,
Q73G:A101I:L148I,0.604964997,,
Q73G:A101I:L148Q,0.566412358,,
Q73N:A101I:S173K,0.773552895,,
Q73N:A101I:S173L,0.765467941,,
Q73N:A101I:S173C,0.795057098,,
Q73N:A101I:S173T,0.683655701,,
Q73G:A101M:S173K,0.492670606,,
Q73G:A101M:S173R,0.535990047,,
Q73G:A101M:S173L,0.359506578,,
Q73G:A101M:S173C,0.71441864,,
Q73G:A101M:S173T,0.574910931,,
Q73G:A101I:S173R,0.611027233,,
Q73G:A101I:S173L,0.764734081,,
Q73G:A101I:S173C,0.742590052,,
Q73G:A101I:S173T,0.628566224,,
Q73N:A101M:Q176K,0.544866071,,
Q73N:A101M:Q176R,0.643730034,,
Q73N:A101I:Q176K,0.80573555,,
Q73G:A101M:Q176K,0.580526669,,
Q73G:A101I:Q176R,0.701031613,,
Q73N:A101I:H177F,0.60066705,,
Q73G:A101M:H177F,0.64253784,,
Q73G:A101M:H177Y,0.317881722,,
Q73G:A101I:H177F,0.729187901,,
Q73G:A101I:H177Y,0.712806252,,
Q73N:A101M:A182S,0.465807779,,
Q73G:A101I:A182S,0.509023322,,
Q73N:Q143R:L148I,0.610721458,,
Q73N:Q143R:L148Q,0.59530711,,
Q73N:Q143R:L148V,0.601796116,,
Q73G:Q143R:L148I,0.647753113,,
Q73G:Q143R:L148Q,0.668702317,,
Q73G:Q143R:L148V,0.585803097,,
Q73N:Q143R:S173K,0.505220533,,
Q73N:Q143R:S173R,0.517467315,,
Q73N:Q143R:S173L,0.380728678,,
Q73N:Q143R:S173C,0.443812363,,
Q73N:Q143R:S173T,0.483410555,,
Q73G:Q143R:S173K,0.525941557,,
Q73G:Q143R:Q176R,0.497834587,,
Q73N:Q143R:H177Y,0.481556178,,
Q73N:Q143R:A182S,0.341649975,,
Q73G:Q143R:A182S,0.275159365,,
Q73N:L148I:S173C,0.639564261,,
Q73N:L148Q:S173K,0.560757165,,
Q73N:L148Q:S173L,0.518466838,,
Q73N:L148Q:S173T,0.665628785,,
Q73N:L148V:S173L,0.560709819,,
Q73N:L148V:S173T,0.672437375,,
Q73G:L148I:S173K,0.629876783,,
Q73G:L148I:S173L,0.476925495,,
Q73G:L148I:S173C,0.545934639,,
Q73G:L148I:S173T,0.678297734,,
Q73G:L148Q:S173R,0.65778056,,
Q73G:L148Q:S173C,0.665132312,,
Q73G:L148V:S173K,0.614499916,,
Q73G:L148V:S173R,0.617153254,,
Q73G:L148V:S173L,0.491097673,,
Q73G:L148V:S173C,0.624571422,,
Q73G:L148V:S173T,0.708844986,,
Q73N:L148I:Q176K,0.857358919,,
Q73N:L148I:Q176R,0.801350802,,
Q73N:L148V:Q176A,0.532158982,,
Q73G:L148I:Q176K,0.611311308,,
Q73G:L148I:Q176A,0.804176426,,
Q73G:L148Q:Q176K,0.781069042,,
Q73G:L148V:Q176R,0.777797578,,
Q73N:L148I:H177Y,0.556549306,,
Q73N:L148Q:H177F,0.810516161,,
Q73N:L148Q:H177Y,0.576994804,,
Q73N:L148V:H177F,0.737135421,,
Q73G:L148I:H177F,0.836572795,,
Q73G:L148Q:H177Y,0.707528509,,
Q73G:L148V:H177F,0.828019643,,
Q73N:L148Q:A182S,0.435722149,,
Q73N:S173K:Q176K,0.759125576,,
Q73N:S173K:Q176R,0.792861436,,
Q73N:S173K:Q176A,0.645220112,,
Q73N:S173R:Q176K,0.735935336,,
Q73G:S173R:Q176A,0.588547587,,
Q73G:S173L:Q176A,0.547243934,,
Q73G:S173C:Q176K,0.460662453,,
Q73G:S173T:Q176K,0.514421813,,
Q73N:S173K:H177F,0.571993049,,
Q73N:S173K:H177Y,0.325311547,,
Q73N:S173R:H177F,0.624100411,,
Q73N:S173L:H177F,0.48491603,,
Q73N:S173C:H177F,0.587373848,,
Q73N:S173T:H177F,0.329044433,,
Q73G:S173R:H177Y,0.28404924,,
Q73G:S173C:H177F,0.540763683,,
Q73N:S173K:A182S,0.370651703,,
Q73N:S173L:A182S,0.43769678,,
Q73N:S173C:A182S,0.429615752,,
Q73N:S173T:A182S,0.45136387,,
Q73G:S173K:A182S,0.354937049,,
Q73G:S173C:A182S,0.417684586,,
Q73G:S173T:A182S,0.410560692,,
Q73N:Q176R:H177F,0.524204208,,
Q73G:Q176K:H177Y,0.295005375,,
Q73G:Q176A:A182S,0.387732634,,
R74T:A101M:Q143R,0.253268512,,
R74T:A101I:Q143R,0.517968332,,
R74Q:A101M:Q143R,0.348578985,,
R74Q:A101I:Q143R,0.559964381,,
R74L:A101M:Q143R,0.219617615,,
R74L:A101I:Q143R,0.556018592,,
R74A:A101I:Q143R,0.570271935,,
R74H:A101M:Q143R,0.367591465,,
R74C:A101I:Q143R,0.576545454,,
R74P:A101I:Q143R,0.568920468,,
R74T:A101I:L148V,0.496083833,,
R74Q:A101M:L148V,0.569932525,,
R74Q:A101I:L148I,0.456143371,,
R74Q:A101I:L148V,0.4666484,,
R74H:A101M:L148V,0.588843182,,
R74C:A101I:L148Q,0.707181656,,
R74C:A101I:L148V,0.684630679,,
R74P:A101M:L148I,0.485380095,,
R74P:A101M:L148V,0.546417009,,
R74T:A101I:S173K,0.680032608,,
R74Q:A101M:S173C,0.53026606,,
R74Q:A101M:S173T,0.494824316,,
R74L:A101I:S173R,0.59810227,,
R74L:A101I:S173L,0.532234634,,
R74L:A101I:S173C,0.685226189,,
R74A:A101M:S173R,0.349784197,,
R74A:A101M:S173L,0.207203254,,
R74A:A101I:S173K,0.7002287,,
R74A:A101I:S173L,0.661597742,,
R74A:A101I:S173C,0.772830835,,
R74A:A101I:S173T,0.809463597,,
R74H:A101M:S173K,0.482153855,,
R74H:A101M:S173R,0.540541525,,
R74H:A101M:S173L,0.308207783,,
R74H:A101I:S173K,0.695947822,,
R74H:A101I:S173R,0.640113128,,
R74H:A101I:S173L,0.714380837,,
R74H:A101I:S173T,0.73633507,,
R74C:A101M:S173K,0.227859092,,
R74C:A101M:S173C,0.209226751,,
R74C:A101M:S173T,0.230301605,,
R74C:A101I:S173L,0.552818887,,
R74C:A101I:S173C,0.647567175,,
R74P:A101M:S173L,0.245120219,,
R74P:A101I:S173C,0.834557058,,
R74T:A101I:Q176K,0.768397531,,
R74A:A101I:Q176K,0.768738175,,
R74H:A101M:Q176R,0.488921061,,
R74H:A101M:Q176A,0.360060279,,
R74P:A101M:Q176R,0.481243004,,
R74T:A101I:H177Y,0.447933367,,
R74Q:A101I:H177F,0.416923692,,
R74H:A101M:H177F,0.312413373,,
R74P:A101M:H177Y,0.256014643,,
R74L:A101I:A182S,0.634711582,,
R74A:A101M:A182S,0.380983325,,
R74T:Q143R:L148I,0.376561746,,
R74Q:Q143R:L148I,0.340124606,,
R74Q:Q143R:L148Q,0.480730187,,
R74Q:Q143R:L148V,0.393809913,,
R74L:Q143R:L148I,0.246598192,,
R74L:Q143R:L148Q,0.344575189,,
R74L:Q143R:L148V,0.234556565,,
R74H:Q143R:L148I,0.405899676,,
R74H:Q143R:L148V,0.458715477,,
R74C:Q143R:L148I,0.431661464,,
R74P:Q143R:L148I,0.506159972,,
R74P:Q143R:L148Q,0.52801053,,
R74T:Q143R:S173K,0.34427836,,
R74T:Q143R:S173R,0.407841714,,
R74T:Q143R:S173L,0.255395683,,
R74T:Q143R:S173C,0.514265068,,
R74T:Q143R:S173T,0.395642358,,
R74Q:Q143R:S173R,0.386084713,,
R74Q:Q143R:S173C,0.580954947,,
R74L:Q143R:S173K,0.333152456,,
R74L:Q143R:S173C,0.510136554,,
R74L:Q143R:S173T,0.402224671,,
R74A:Q143R:S173R,0.371809825,,
R74A:Q143R:S173L,0.304861193,,
R74A:Q143R:S173C,0.411657937,,
R74H:Q143R:S173K,0.40909659,,
R74H:Q143R:S173R,0.374871125,,
R74H:Q143R:S173L,0.413077926,,
R74H:Q143R:S173C,0.219777057,,
R74H:Q143R:S173T,0.512412562,,
R74C:Q143R:S173K,0.434285094,,
R74C:Q143R:S173R,0.248760329,,
R74C:Q143R:S173C,0.430510446,,
R74C:Q143R:S173T,0.423545852,,
R74P:Q143R:S173K,0.347567574,,
R74P:Q143R:S173R,0.38943562,,
R74P:Q143R:S173L,0.248992015,,
R74P:Q143R:S173C,0.31492184,,
R74P:Q143R:S173T,0.336842965,,
R74T:Q143R:Q176K,0.324867253,,
R74H:Q143R:Q176K,0.505418702,,
R74T:L148I:S173R,0.317422826,,
R74T:L148Q:S173C,0.480517976,,
R74T:L148Q:S173T,0.52688804,,
R74T:L148V:S173K,0.358996386,,
R74T:L148V:S173R,0.410076987,,
R74Q:L148I:S173R,0.382656374,,
R74Q:L148I:S173L,0.342197953,,
R74Q:L148I:S173C,0.508430616,,
R74Q:L148Q:S173R,0.469540342,,
R74Q:L148Q:S173L,0.394457712,,
R74Q:L148Q:S173T,0.55516528,,
R74Q:L148V:S173K,0.364242238,,
R74Q:L148V:S173R,0.405517656,,
R74Q:L148V:S173L,0.336658226,,
R74Q:L148V:S173C,0.226942852,,
R74Q:L148V:S173T,0.555505492,,
R74L:L148I:S173R,0.270763154,,
R74L:L148I:S173L,0.213626412,,
R74L:L148I:S173C,0.264302782,,
R74L:L148I:S173T,0.298275832,,
R74L:L148Q:S173K,0.307717024,,
R74L:L148Q:S173R,0.317919731,,
R74L:L148Q:S173L,0.234959787,,
R74L:L148Q:S173C,0.346971898,,
R74L:L148V:S173K,0.288962066,,
R74L:L148V:S173R,0.340204847,,
R74L:L148V:S173L,0.236794982,,
R74L:L148V:S173C,0.321182841,,
R74L:L148V:S173T,0.377615381,,
R74A:L148I:S173K,0.497616991,,
R74A:L148I:S173R,0.503181106,,
R74A:L148I:S173L,0.35864459,,
R74A:L148I:S173C,0.482753743,,
R74A:L148I:S173T,0.562757255,,
R74A:L148Q:S173K,0.547915957,,
R74A:L148Q:S173R,0.405035384,,
R74A:L148Q:S173L,0.443743358,,
R74A:L148Q:S173C,0.55125406,,
R74A:L148Q:S173T,0.58609776,,
R74A:L148V:S173K,0.428913644,,
R74H:L148I:S173T,0.652838485,,
R74H:L148Q:S173T,0.669739347,,
R74H:L148V:S173K,0.601951159,,
R74H:L148V:S173R,0.582035944,,
R74H:L148V:S173T,0.703479492,,
R74C:L148I:S173R,0.36930579,,
R74C:L148I:S173L,0.237361393,,
R74C:L148I:S173C,0.269675451,,
R74C:L148Q:S173K,0.287548174,,
R74C:L148Q:S173R,0.336556407,,
R74C:L148Q:S173L,0.2414604,,
R74C:L148Q:S173C,0.285011825,,
R74C:L148V:S173C,0.248573761,,
R74P:L148I:S173C,0.536715782,,
R74P:L148I:S173T,0.631011863,,
R74P:L148Q:S173K,0.600162302,,
R74P:L148V:S173T,0.589502321,,
R74T:L148I:Q176K,0.43633978,,
R74T:L148I:Q176R,0.468363622,,
R74T:L148I:Q176A,0.506431412,,
R74T:L148V:Q176K,0.456413518,,
R74T:L148V:Q176R,0.463453105,,
R74T:L148V:Q176A,0.591412508,,
R74Q:L148I:Q176R,0.494777012,,
R74Q:L148I:Q176A,0.58761896,,
R74Q:L148Q:Q176K,0.59846429,,
R74Q:L148Q:Q176R,0.607757935,,
R74Q:L148V:Q176K,0.499110144,,
R74Q:L148V:Q176R,0.515773224,,
R74Q:L148V:Q176A,0.590141286,,
R74L:L148I:Q176K,0.313334243,,
R74L:L148I:Q176R,0.315320871,,
R74L:L148I:Q176A,0.377030063,,
R74L:L148Q:Q176K,0.41064993,,
R74L:L148Q:Q176R,0.408048392,,
R74L:L148Q:Q176A,0.466681827,,
R74L:L148V:Q176K,0.308026258,,
R74L:L148V:Q176R,0.319790785,,
R74L:L148V:Q176A,0.426215491,,
R74A:L148I:Q176K,0.433269356,,
R74A:L148I:Q176A,0.596906657,,
R74A:L148Q:Q176K,0.449246676,,
R74A:L148Q:Q176R,0.518699838,,
R74A:L148Q:Q176A,0.593554373,,
R74A:L148V:Q176K,0.454311487,,
R74A:L148V:Q176R,0.443227362,,
R74A:L148V:Q176A,0.557733812,,
R74H:L148I:Q176K,0.543143373,,
R74H:L148I:Q176R,0.561792574,,
R74H:L148I:Q176A,0.574481891,,
R74H:L148Q:Q176K,0.575037371,,
R74H:L148Q:Q176R,0.580792286,,
R74C:L148I:Q176A,0.289890087,,
R74C:L148Q:Q176K,0.28302785,,
R74C:L148Q:Q176A,0.573134428,,
R74C:L148V:Q176K,0.192674459,,
R74C:L148V:Q176R,0.496606176,,
R74C:L148V:Q176A,0.442201907,,
R74P:L148I:Q176K,0.40208123,,
R74P:L148I:Q176R,0.409659647,,
R74P:L148I:Q176A,0.20285502,,
R74P:L148Q:Q176K,0.282579706,,
R74P:L148Q:Q176R,0.700057307,,
R74P:L148Q:Q176A,0.531904004,,
R74P:L148V:Q176K,0.43012568,,
R74P:L148V:Q176R,0.403825291,,
R74P:L148V:Q176A,0.471633844,,
R74T:L148I:H177F,0.290698443,,
R74T:L148I:H177Y,0.250256364,,
R74T:L148Q:H177F,0.469736359,,
R74T:L148V:H177F,0.337410288,,
R74T:L148V:H177Y,0.229558072,,
R74Q:L148I:H177F,0.259496369,,
R74Q:L148I:H177Y,0.245197617,,
R74Q:L148Q:H177Y,0.252242386,,
R74Q:L148V:H177F,0.274789042,,
R74L:L148I:H177F,0.198112218,,
R74L:L148I:H177Y,0.146254302,,
R74L:L148Q:H177F,0.32123103,,
R74L:L148Q:H177Y,0.169419505,,
R74L:L148V:H177F,0.214201119,,
R74L:L148V:H177Y,0.381247707,,
R74A:L148I:H177F,0.349627204,,
R74A:L148I:H177Y,0.238845378,,
R74A:L148Q:H177F,0.451441306,,
R74A:L148Q:H177Y,0.559497885,,
R74A:L148V:H177F,0.384138506,,
R74A:L148V:H177Y,0.241718591,,
R74H:L148I:H177F,0.381348373,,
R74H:L148I:H177Y,0.323586968,,
R74H:L148Q:H177Y,0.378719546,,
R74H:L148V:H177F,0.391216022,,
R74H:L148V:H177Y,0.331868832,,
R74C:L148I:H177F,0.199257137,,
R74C:L148I:H177Y,0.164940495,,
R74C:L148Q:H177Y,0.169635997,,
R74C:L148V:H177F,0.210810024,,
R74C:L148V:H177Y,0.138961508,,
R74P:L148I:H177F,0.441230424,,
R74P:L148I:H177Y,0.488106608,,
R74P:L148Q:H177F,0.523519656,,
R74P:L148Q:H177Y,0.356732008,,
R74P:L148V:H177F,0.506402268,,
R74P:L148V:H177Y,0.272450691,,
R74T:L148I:A182S,0.342335623,,
R74T:L148Q:A182S,0.345887418,,
R74T:L148V:A182S,0.335478844,,
R74Q:L148I:A182S,0.246357696,,
R74Q:L148Q:A182S,0.328249117,,
R74Q:L148V:A182S,0.277780507,,
R74L:L148I:A182S,0.386304635,,
R74L:L148V:A182S,0.359521535,,
R74A:L148I:A182S,0.382862601,,
R74H:L148I:A182S,0.361680993,,
R74H:L148Q:A182S,0.223890481,,
R74H:L148V:A182S,0.347940753,,
R74C:L148I:A182S,0.292507391,,
R74C:L148Q:A182S,0.332699626,,
R74C:L148V:A182S,0.311743,,
R74P:L148I:A182S,0.581933567,,
R74P:L148Q:A182S,0.569290338,,
R74P:L148V:A182S,0.501512712,,
R74T:S173K:Q176K,0.541036673,,
R74T:S173K:Q176R,0.611222389,,
R74T:S173K:Q176A,0.55878413,,
R74T:S173R:Q176K,0.568300271,,
R74T:S173R:Q176R,0.636381503,,
R74T:S173R:Q176A,0.609315872,,
R74T:S173L:Q176K,0.267809765,,
R74T:S173L:Q176R,0.284575849,,
R74T:S173C:Q176K,0.431985018,,
R74T:S173C:Q176R,0.444371608,,
R74T:S173C:Q176A,0.585190614,,
R74T:S173T:Q176K,0.63900996,,
R74T:S173T:Q176R,0.327956809,,
R74T:S173T:Q176A,0.507710078,,
R74Q:S173K:Q176K,0.507789325,,
R74Q:S173K:Q176R,0.51427932,,
R74Q:S173K:Q176A,0.605312324,,
R74Q:S173R:Q176K,0.483867573,,
R74Q:S173R:Q176R,0.539223039,,
R74Q:S173R:Q176A,0.667029089,,
R74Q:S173L:Q176R,0.288226273,,
R74Q:S173L:Q176A,0.41027013,,
R74Q:S173C:Q176K,0.408155826,,
R74Q:S173C:Q176R,0.389518249,,
R74Q:S173T:Q176R,0.462728968,,
R74Q:S173T:Q176A,0.551565251,,
R74L:S173K:Q176K,0.362186983,,
R74L:S173K:Q176R,0.429927771,,
R74L:S173K:Q176A,0.310827457,,
R74L:S173R:Q176K,0.299542714,,
R74L:S173R:Q176R,0.319665693,,
R74L:S173R:Q176A,0.330265743,,
R74L:S173L:Q176K,0.158963351,,
R74L:S173L:Q176R,0.15055178,,
R74L:S173L:Q176A,0.235316046,,
R74L:S173C:Q176K,0.49720449,,
R74L:S173C:Q176R,0.244568267,,
R74L:S173C:Q176A,0.449369227,,
R74L:S173T:Q176R,0.26650251,,
R74L:S173T:Q176A,0.513668169,,
R74A:S173K:Q176K,0.467456514,,
R74A:S173K:Q176R,0.485652845,,
R74A:S173K:Q176A,0.460447928,,
R74A:S173R:Q176R,0.575866754,,
R74A:S173R:Q176A,0.645369991,,
R74A:S173L:Q176K,0.465018249,,
R74A:S173L:Q176R,0.248218057,,
R74A:S173L:Q176A,0.318116259,,
R74A:S173C:Q176K,0.321616432,,
R74A:S173C:Q176R,0.317897538,,
R74A:S173C:Q176A,0.458871234,,
R74A:S173T:Q176K,0.581692344,,
R74A:S173T:Q176R,0.376819744,,
R74A:S173T:Q176A,0.576860826,,
R74H:S173K:Q176K,0.509015432,,
R74H:S173K:Q176R,0.496868484,,
R74H:S173K:Q176A,0.527679635,,
R74H:S173R:Q176K,0.484871788,,
R74H:S173R:Q176R,0.541297403,,
R74H:S173R:Q176A,0.590451967,,
R74H:S173L:Q176K,0.26650251,,
R74H:S173L:Q176R,0.269764307,,
R74H:S173L:Q176A,0.387769114,,
R74H:S173C:Q176R,0.359088117,,
R74H:S173T:Q176R,0.478774857,,
R74H:S173T:Q176A,0.568154456,,
R74C:S173K:Q176R,0.329220319,,
R74C:S173K:Q176A,0.366192433,,
R74C:S173R:Q176K,0.268029754,,
R74C:S173R:Q176R,0.266776386,,
R74C:S173R:Q176A,0.319801997,,
R74C:S173L:Q176R,0.117456419,,
R74C:S173L:Q176A,0.193918792,,
R74C:S173C:Q176K,0.161902455,,
R74C:S173C:Q176R,0.190899806,,
R74C:S173C:Q176A,0.274346674,,
R74C:S173T:Q176R,0.299012712,,
R74C:S173T:Q176A,0.351817699,,
R74P:S173K:Q176K,0.545795451,,
R74P:S173K:Q176R,0.583941051,,
R74P:S173K:Q176A,0.606018572,,
R74P:S173R:Q176K,0.564430491,,
R74P:S173R:Q176R,0.583560032,,
R74P:S173R:Q176A,0.733688951,,
R74P:S173L:Q176K,0.322516041,,
R74P:S173L:Q176R,0.314281983,,
R74P:S173L:Q176A,0.483433301,,
R74P:S173C:Q176K,0.440693289,,
R74P:S173C:Q176R,0.480954461,,
R74P:S173C:Q176A,0.591134757,,
R74P:S173T:Q176K,0.523151157,,
R74P:S173T:Q176R,0.602217896,,
R74P:S173T:Q176A,0.710745421,,
R74T:S173K:H177F,0.542525411,,
R74T:S173R:H177F,0.561476805,,
R74T:S173R:H177Y,0.314976819,,
R74T:S173L:H177F,0.44529721,,
R74T:S173L:H177Y,0.216968195,,
R74T:S173C:H177F,0.523344795,,
R74T:S173C:H177Y,0.300367148,,
R74T:S173T:H177F,0.465070621,,
R74T:S173T:H177Y,0.246164349,,
R74Q:S173K:H177F,0.469298675,,
R74Q:S173K:H177Y,0.24493581,,
R74Q:S173R:H177F,0.534795325,,
R74Q:S173L:H177Y,0.219967952,,
R74Q:S173C:H177F,0.490195158,,
R74Q:S173C:H177Y,0.286657507,,
R74Q:S173T:H177F,0.489572969,,
R74Q:S173T:H177Y,0.298995505,,
R74L:S173K:H177Y,0.146643039,,
R74L:S173R:H177Y,0.244039859,,
R74L:S173L:H177F,0.278637498,,
R74L:S173L:H177Y,0.120414966,,
R74L:S173C:H177Y,0.091596892,,
R74L:S173T:H177F,0.25279801,,
R74L:S173T:H177Y,0.134607651,,
R74A:S173K:H177F,0.338213742,,
R74A:S173K:H177Y,0.184644614,,
R74A:S173R:H177F,0.333517916,,
R74A:S173R:H177Y,0.3845221,,
R74A:S173L:H177F,0.402987523,,
R74A:S173L:H177Y,0.101909383,,
R74A:S173C:H177F,0.302577048,,
R74A:S173C:H177Y,0.304138741,,
R74A:S173T:H177F,0.355627667,,
R74A:S173T:H177Y,0.172253448,,
R74H:S173K:H177F,0.409780124,,
R74H:S173L:H177F,0.316841568,,
R74H:S173L:H177Y,0.143378246,,
R74H:S173C:H177F,0.409318574,,
R74H:S173C:H177Y,0.245086266,,
R74H:S173T:H177Y,0.272102256,,
R74C:S173K:H177F,0.151079242,,
R74C:S173K:H177Y,0.110113787,,
R74C:S173R:H177F,0.457783663,,
R74C:S173L:H177F,0.148134594,,
R74C:S173L:H177Y,0.073184072,,
R74C:S173C:H177F,0.180761027,,
R74C:S173C:H177Y,0.086617122,,
R74C:S173T:H177F,0.196031229,,
R74C:S173T:H177Y,0.105776002,,
R74P:S173K:H177F,0.408721838,,
R74P:S173K:H177Y,0.248581834,,
R74P:S173R:H177F,0.42554129,,
R74P:S173R:H177Y,0.24318746,,
R74P:S173L:H177F,0.352572155,,
R74P:S173L:H177Y,0.197575954,,
R74P:S173C:H177F,0.481160981,,
R74P:S173C:H177Y,0.288570454,,
R74P:S173T:H177F,0.171244371,,
R74P:S173T:H177Y,0.34588872,,
R74T:S173K:A182S,0.319317312,,
R74T:S173R:A182S,0.347251313,,
R74T:S173L:A182S,0.334266805,,
R74T:S173C:A182S,0.395264467,,
R74T:S173T:A182S,0.439929116,,
R74Q:S173K:A182S,0.311027499,,
R74Q:S173R:A182S,0.350389971,,
R74Q:S173L:A182S,0.330141129,,
R74Q:S173C:A182S,0.42196314,,
R74Q:S173T:A182S,0.408466741,,
R74L:S173K:A182S,0.238489937,,
R74L:S173R:A182S,0.116357731,,
R74L:S173L:A182S,0.281022742,,
R74L:S173C:A182S,0.305187977,,
R74A:S173K:A182S,0.335947279,,
R74A:S173R:A182S,0.313537747,,
R74A:S173L:A182S,0.277187799,,
R74A:S173C:A182S,0.080019661,,
R74A:S173T:A182S,0.380949607,,
R74H:S173K:A182S,0.283008089,,
R74H:S173R:A182S,0.295735237,,
R74H:S173L:A182S,0.295618718,,
R74H:S173T:A182S,0.48824092,,
R74C:S173K:A182S,0.256243237,,
R74C:S173R:A182S,0.26418915,,
R74C:S173L:A182S,0.248572219,,
R74C:S173C:A182S,0.080364693,,
R74C:S173T:A182S,0.086802081,,
R74P:S173K:A182S,0.331779182,,
R74P:S173R:A182S,0.346895534,,
R74P:S173L:A182S,0.379437689,,
R74P:S173C:A182S,0.439443243,,
R74P:S173T:A182S,0.506201805,,
R74T:Q176K:H177F,0.085221723,,
R74T:Q176K:H177Y,0.267874768,,
R74T:Q176R:H177F,0.435165414,,
R74T:Q176A:H177F,0.59030472,,
R74T:Q176A:H177Y,0.077809195,,
R74Q:Q176K:H177F,0.152623629,,
R74Q:Q176K:H177Y,0.401332512,,
R74Q:Q176R:H177F,0.576579351,,
R74Q:Q176A:H177F,0.612802216,,
R74Q:Q176A:H177Y,0.489617773,,
R74L:Q176K:H177F,0.359358969,,
R74L:Q176K:H177Y,0.047786665,,
R74L:Q176R:H177F,0.443252764,,
R74L:Q176R:H177Y,0.244669467,,
R74L:Q176A:H177F,0.183429564,,
R74L:Q176A:H177Y,0.263783486,,
R74A:Q176K:H177F,0.388924656,,
R74A:Q176K:H177Y,0.238941936,,
R74A:Q176R:H177F,0.320488197,,
R74A:Q176R:H177Y,0.250902463,,
R74A:Q176A:H177Y,0.401385266,,
R74H:Q176K:H177F,0.53532444,,
R74H:Q176K:H177Y,0.328682226,,
R74H:Q176R:H177Y,0.348798564,,
R74H:Q176A:H177F,0.563345739,,
R74C:Q176K:H177F,0.072105524,,
R74C:Q176R:H177F,0.257378233,,
R74C:Q176R:H177Y,0.386166936,,
R74C:Q176A:H177F,0.307850486,,
R74P:Q176K:H177F,0.351099804,,
R74P:Q176K:H177Y,0.216065724,,
R74T:Q176K:A182S,0.073709664,,
R74T:Q176R:A182S,0.28826922,,
R74T:Q176A:A182S,0.095547491,,
R74Q:Q176K:A182S,0.068080642,,
R74Q:Q176R:A182S,0.082066799,,
R74L:Q176K:A182S,0.11359675,,
R74L:Q176R:A182S,0.086114828,,
R74L:Q176A:A182S,0.104593114,,
R74A:Q176K:A182S,0.073638608,,
R74A:Q176R:A182S,0.088747124,,
R74A:Q176A:A182S,0.113021843,,
R74H:Q176K:A182S,0.082342409,,
R74H:Q176R:A182S,0.087351846,,
R74H:Q176A:A182S,0.141590596,,
R74C:Q176K:A182S,0.07470929,,
R74C:Q176R:A182S,0.076742456,,
R74C:Q176A:A182S,0.083943319,,
R74P:Q176K:A182S,0.106218247,,
R74P:Q176R:A182S,0.09422919,,
R74P:Q176A:A182S,0.10317738,,
R74T:H177F:A182S,0.095340783,,
R74T:H177Y:A182S,0.095473205,,
R74Q:H177F:A182S,0.14586848,,
R74Q:H177Y:A182S,0.067283955,,
R74L:H177F:A182S,0.367806539,,
R74L:H177Y:A182S,0.075089331,,
R74A:H177Y:A182S,0.068409006,,
R74H:H177F:A182S,0.446645142,,
R74H:H177Y:A182S,0.091144182,,
R74C:H177F:A182S,0.29742035,,
R74C:H177Y:A182S,0.385995218,,
R74P:H177F:A182S,0.500910268,,
R74P:H177Y:A182S,0.078135043,,
A101M:Q143R:L148I,0.529512395,,
A101M:Q143R:L148Q,0.0535761,,
A101M:Q143R:L148V,0.492539137,,
A101I:Q143R:L148I,0.724240375,,
A101I:Q143R:L148Q,0.241360525,,
A101I:Q143R:L148V,0.163055918,,
A101M:Q143R:S173K,0.422378497,,
A101M:Q143R:S173R,0.435260059,,
A101M:Q143R:S173L,0.239191708,,
A101M:Q143R:S173C,0.414226455,,
A101M:Q143R:S173T,0.420155849,,
A101I:Q143R:S173K,0.772671387,,
A101I:Q143R:S173R,0.747006773,,
A101I:Q143R:S173L,0.653962924,,
A101I:Q143R:S173C,0.781969474,,
A101M:Q143R:Q176K,0.294157703,,
A101M:Q143R:Q176R,0.341251573,,
A101M:Q143R:Q176A,0.423430339,,
A101I:Q143R:Q176K,0.81743764,,
A101I:Q143R:Q176R,0.794461305,,
A101I:Q143R:Q176A,0.762943197,,
A101M:Q143R:H177F,0.503374614,,
A101I:Q143R:H177Y,0.618376331,,
A101M:Q143R:A182S,0.301993224,,
A101M:L148I:S173L,0.348338855,,
A101M:L148I:S173C,0.624245435,,
A101M:L148I:S173T,0.692987112,,
A101M:L148Q:S173K,0.484986763,,
A101M:L148Q:S173R,0.597910635,,
A101M:L148Q:S173L,0.357675161,,
A101M:L148Q:S173C,0.651914147,,
A101M:L148Q:S173T,0.602790341,,
A101M:L148V:S173K,0.596690844,,
A101M:L148V:S173R,0.630807873,,
A101M:L148V:S173L,0.604270917,,
A101M:L148V:S173C,0.826024982,,
A101M:L148V:S173T,0.766540051,,
A101I:L148I:S173K,0.839494511,,
A101I:L148I:S173R,0.778256807,,
A101I:L148I:S173L,0.871316204,,
A101I:L148I:S173C,0.910117578,,
A101I:L148I:S173T,0.841719601,,
A101I:L148Q:S173K,0.742924738,,
A101I:L148Q:S173R,0.716087151,,
A101I:L148Q:S173L,0.734985924,,
A101I:L148Q:S173C,0.763881297,,
A101I:L148Q:S173T,0.689715842,,
A101I:L148V:S173L,0.805811932,,
A101I:L148V:S173C,0.786586401,,
A101M:L148I:Q176R,0.826393415,,
A101M:L148I:Q176A,0.214840822,,
A101M:L148Q:Q176K,0.056198031,,
A101M:L148Q:Q176R,0.5482112,,
A101M:L148Q:Q176A,0.595996287,,
A101M:L148V:Q176K,0.563984941,,
A101M:L148V:Q176R,0.640582051,,
A101M:L148V:Q176A,0.707470059,,
A101I:L148I:Q176K,0.853064301,,
A101I:L148I:Q176R,0.708180952,,
A101I:L148I:Q176A,0.487885518,,
A101I:L148Q:Q176K,0.12537636,,
A101I:L148Q:Q176R,0.302654586,,
A101I:L148Q:Q176A,0.458373473,,
A101I:L148V:Q176K,0.150670758,,
A101I:L148V:Q176R,0.203951529,,
A101I:L148V:Q176A,0.121991009,,
A101M:L148I:H177F,0.668049597,,
A101M:L148I:H177Y,0.11928152,,
A101M:L148Q:H177F,0.061158581,,
A101M:L148Q:H177Y,0.027349769,,
A101M:L148V:H177F,0.100103705,,
A101M:L148V:H177Y,0.038174435,,
A101I:L148I:H177F,0.146036965,,
A101I:L148I:H177Y,0.15302027,,
A101I:L148Q:H177F,0.820792637,,
A101I:L148Q:H177Y,0.048541279,,
A101I:L148V:H177F,0.134605895,,
A101I:L148V:H177Y,0.105816824,,
A101M:L148I:A182S,0.0952712,,
A101M:L148Q:A182S,0.082297545,,
A101M:L148V:A182S,0.075894068,,
A101I:L148I:A182S,0.157613596,,
A101I:L148Q:A182S,0.588235045,,
A101I:L148V:A182S,0.215494941,,
A101M:S173K:Q176K,0.071843727,,
A101M:S173K:Q176R,0.419932076,,
A101M:S173K:Q176A,0.432008205,,
A101M:S173R:Q176K,0.073309605,,
A101M:S173R:Q176R,0.45951199,,
A101M:S173R:Q176A,0.533409275,,
A101M:S173L:Q176R,0.041501803,,
A101M:S173L:Q176A,0.343298727,,
A101M:S173C:Q176K,0.056854565,,
A101M:S173C:Q176R,0.41325318,,
A101M:S173T:Q176K,0.090374672,,
A101M:S173T:Q176R,0.737746752,,
A101M:S173T:Q176A,0.629872142,,
A101I:S173K:Q176K,0.151132809,,
A101I:S173K:Q176R,0.612005583,,
A101I:S173K:Q176A,0.702467229,,
A101I:S173R:Q176K,0.19634672,,
A101I:S173R:Q176R,0.67189881,,
A101I:S173R:Q176A,0.763236842,,
A101I:S173L:Q176K,0.140920586,,
A101I:S173L:Q176A,0.307847068,,
A101I:S173C:Q176K,0.162840506,,
A101I:S173C:Q176R,0.797600719,,
A101I:S173C:Q176A,0.804329142,,
A101I:S173T:Q176K,0.174392373,,
A101I:S173T:Q176R,0.796942373,,
A101I:S173T:Q176A,0.475183658,,
A101M:S173K:H177F,0.080841331,,
A101M:S173K:H177Y,0.037985387,,
A101M:S173R:H177F,0.072040627,,
A101M:S173R:H177Y,0.035333277,,
A101M:S173L:H177F,0.064575943,,
A101M:S173L:H177Y,0.016366253,,
A101M:S173C:H177Y,0.06111147,,
A101M:S173T:H177F,0.067635141,,
A101M:S173T:H177Y,0.025231584,,
A101I:S173K:H177F,0.194860307,,
A101I:S173K:H177Y,0.091257702,,
A101I:S173R:H177F,0.199302032,,
A101I:S173R:H177Y,0.100561527,,
A101I:S173L:H177F,0.16741692,,
A101I:S173L:H177Y,0.080050107,,
A101I:S173C:H177F,0.174897241,,
A101I:S173C:H177Y,0.121437019,,
A101I:S173T:H177F,0.172151219,,
A101I:S173T:H177Y,0.150735719,,
A101M:S173K:A182S,0.119638707,,
A101M:S173R:A182S,0.117719309,,
A101M:S173L:A182S,0.083424298,,
A101M:S173C:A182S,0.103731438,,
A101M:S173T:A182S,0.102029635,,
A101I:S173K:A182S,0.145790361,,
A101I:S173R:A182S,0.138926204,,
A101I:S173L:A182S,0.116881895,,
A101I:S173C:A182S,0.155105018,,
A101I:S173T:A182S,0.16923076,,
A101M:Q176K:H177F,0.079194668,,
A101M:Q176K:H177Y,0.071145423,,
A101M:Q176R:H177F,0.59507766,,
A101M:Q176R:H177Y,0.209016018,,
A101M:Q176A:H177F,0.683992804,,
A101M:Q176A:H177Y,0.050296991,,
A101I:Q176K:H177F,0.150791467,,
A101I:Q176K:H177Y,0.094850773,,
A101I:Q176R:H177F,0.809476625,,
A101I:Q176R:H177Y,0.740564107,,
A101I:Q176A:H177F,0.629255181,,
A101I:Q176A:H177Y,0.135753981,,
A101M:Q176K:A182S,0.06972116,,
A101M:Q176R:A182S,0.064733841,,
A101M:Q176A:A182S,0.085722541,,
A101I:Q176K:A182S,0.140870179,,
A101I:Q176R:A182S,0.141072789,,
A101I:Q176A:A182S,0.1386109,,
A101M:H177F:A182S,0.108078557,,
A101M:H177Y:A182S,0.042986253,,
A101I:H177F:A182S,0.135621506,,
A101I:H177Y:A182S,0.115207067,,
Q143R:L148I:S173K,0.089758553,,
Q143R:L148I:S173R,0.117369837,,
Q143R:L148I:S173L,0.097057302,,
Q143R:L148I:S173C,0.156443562,,
Q143R:L148I:S173T,0.115944375,,
Q143R:L148Q:S173K,0.113299657,,
Q143R:L148Q:S173R,0.123179584,,
Q143R:L148Q:S173L,0.099410693,,
Q143R:L148Q:S173C,0.304117355,,
Q143R:L148Q:S173T,0.122697636,,
Q143R:L148V:S173K,0.117610211,,
Q143R:L148V:S173R,0.136898307,,
Q143R:L148V:S173L,0.120853767,,
Q143R:L148V:S173C,0.105230031,,
Q143R:L148V:S173T,0.116244093,,
Q143R:L148I:Q176K,0.115617082,,
Q143R:L148I:Q176R,0.522392283,,
Q143R:L148I:Q176A,0.620403889,,
Q143R:L148Q:Q176K,0.105339728,,
Q143R:L148Q:Q176R,0.63449786,,
Q143R:L148Q:Q176A,0.607427269,,
Q143R:L148V:Q176K,0.113745638,,
Q143R:L148V:Q176R,0.547756875,,
Q143R:L148V:Q176A,0.60902357,,
Q143R:L148I:H177F,0.556768217,,
Q143R:L148I:H177Y,0.363039052,,
Q143R:L148Q:H177F,0.131092157,,
Q143R:L148Q:H177Y,0.091203796,,
Q143R:L148V:H177F,0.147565895,,
Q143R:L148V:H177Y,0.083026871,,
Q143R:L148I:A182S,0.097105257,,
Q143R:L148V:A182S,0.094807014,,
Q143R:S173K:Q176K,0.116890287,,
Q143R:S173K:Q176R,0.534266537,,
Q143R:S173K:Q176A,0.533776797,,
Q143R:S173R:Q176K,0.127350469,,
Q143R:S173R:Q176R,0.505336491,,
Q143R:S173R:Q176A,0.485086897,,
Q143R:S173L:Q176K,0.076766947,,
Q143R:S173L:Q176R,0.240856932,,
Q143R:S173L:Q176A,0.33226094,,
Q143R:S173C:Q176K,0.07888356,,
Q143R:S173C:Q176R,0.096331383,,
Q143R:S173C:Q176A,0.260523872,,
Q143R:S173T:Q176K,0.108189453,,
Q143R:S173T:Q176R,0.371366435,,
Q143R:S173T:Q176A,0.450680991,,
Q143R:S173K:H177F,0.096703634,,
Q143R:S173K:H177Y,0.052221185,,
Q143R:S173R:H177F,0.094834588,,
Q143R:S173R:H177Y,0.058795215,,
Q143R:S173L:H177F,0.115467822,,
Q143R:S173L:H177Y,0.031352972,,
Q143R:S173C:H177F,0.115923394,,
Q143R:S173C:H177Y,0.064521041,,
Q143R:S173T:H177F,0.138673841,,
Q143R:S173K:A182S,0.09821002,,
Q143R:S173R:A182S,0.103385562,,
Q143R:S173L:A182S,0.093488252,,
Q143R:S173C:A182S,0.076480609,,
Q143R:S173T:A182S,0.098437606,,
Q143R:Q176K:H177F,0.331518424,,
Q143R:Q176K:H177Y,0.043676726,,
Q143R:Q176R:H177F,0.353060071,,
Q143R:Q176A:H177F,0.470588754,,
Q143R:Q176A:H177Y,0.247286851,,
Q143R:Q176R:A182S,0.071008363,,
Q143R:Q176A:A182S,0.276060793,,
Q143R:H177F:A182S,0.051968685,,
Q143R:H177Y:A182S,0.037194659,,
L148I:S173K:Q176K,0.095447081,,
L148I:S173K:Q176R,0.463531426,,
L148I:S173K:Q176A,0.468321978,,
L148I:S173R:Q176R,0.527453905,,
L148I:S173R:Q176A,0.487400076,,
L148I:S173L:Q176K,0.053490945,,
L148I:S173L:Q176R,0.209385058,,
L148I:S173L:Q176A,0.336304303,,
L148I:S173C:Q176K,0.06810558,,
L148I:S173C:Q176R,0.335540576,,
L148I:S173C:Q176A,0.512679879,,
L148I:S173T:Q176K,0.124662333,,
L148I:S173T:Q176R,0.503762818,,
L148I:S173T:Q176A,0.581056476,,
L148Q:S173K:Q176K,0.107909161,,
L148Q:S173K:Q176R,0.530223256,,
L148Q:S173K:Q176A,0.532933939,,
L148Q:S173R:Q176K,0.109659864,,
L148Q:S173R:Q176R,0.556410082,,
L148Q:S173R:Q176A,0.476651318,,
L148Q:S173L:Q176K,0.310340209,,
L148Q:S173L:Q176R,0.498257863,,
L148Q:S173L:Q176A,0.424501436,,
L148Q:S173C:Q176K,0.075253766,,
L148Q:S173C:Q176R,0.400212763,,
L148Q:S173C:Q176A,0.492001124,,
L148Q:S173T:Q176K,0.105816312,,
L148Q:S173T:Q176R,0.535593222,,
L148Q:S173T:Q176A,0.58808421,,
L148V:S173K:Q176K,0.106234259,,
L148V:S173K:Q176R,0.541033278,,
L148V:S173K:Q176A,0.531607413,,
L148V:S173R:Q176K,0.100536166,,
L148V:S173R:Q176R,0.486514859,,
L148V:S173R:Q176A,0.574883845,,
L148V:S173L:Q176K,0.07727289,,
L148V:S173L:Q176R,0.409018199,,
L148V:S173L:Q176A,0.521938567,,
L148V:S173C:Q176K,0.066735961,,
L148V:S173C:Q176R,0.551038559,,
L148V:S173C:Q176A,0.619350776,,
L148V:S173T:Q176K,0.585573934,,
L148V:S173T:Q176R,0.623447172,,
L148V:S173T:Q176A,0.758434605,,
L148I:S173K:H177F,0.111911065,,
L148I:S173K:H177Y,0.055870386,,
L148I:S173R:H177F,0.116823107,,
L148I:S173R:H177Y,0.058665696,,
L148I:S173L:H177F,0.094027101,,
L148I:S173L:H177Y,0.051577736,,
L148I:S173C:H177F,0.109429864,,
L148I:S173C:H177Y,0.076790564,,
L148I:S173T:H177F,0.08923603,,
L148I:S173T:H177Y,0.427004963,,
L148Q:S173K:H177F,0.099550746,,
L148Q:S173K:H177Y,0.062368029,,
L148Q:S173R:H177F,0.114501296,,
L148Q:S173R:H177Y,0.063033109,,
L148Q:S173L:H177F,0.11168418,,
L148Q:S173L:H177Y,0.0667235,,
L148Q:S173C:H177F,0.107849454,,
L148Q:S173C:H177Y,0.068341811,,
L148Q:S173T:H177F,0.128745231,,
L148Q:S173T:H177Y,0.079904656,,
L148V:S173K:H177F,0.552714499,,
L148V:S173K:H177Y,0.064345098,,
L148V:S173R:H177F,0.126943647,,
L148V:S173R:H177Y,0.082342246,,
L148V:S173L:H177F,0.115307077,,
L148V:S173L:H177Y,0.063828506,,
L148V:S173C:H177F,0.09931192,,
L148V:S173C:H177Y,0.065948871,,
L148V:S173T:H177F,0.106921145,,
L148V:S173T:H177Y,0.069956487,,
L148I:S173K:A182S,0.103225043,,
L148I:S173R:A182S,0.091362626,,
L148I:S173L:A182S,0.106358345,,
L148I:S173C:A182S,0.117850061,,
L148I:S173T:A182S,0.126849154,,
L148Q:S173K:A182S,0.118538505,,
L148Q:S173R:A182S,0.110161919,,
L148Q:S173L:A182S,0.097874806,,
L148Q:S173C:A182S,0.079127831,,
L148Q:S173T:A182S,0.113876393,,
L148V:S173K:A182S,0.109509221,,
L148V:S173R:A182S,0.104108742,,
L148V:S173L:A182S,0.091020193,,
L148V:S173C:A182S,0.096802456,,
L148V:S173T:A182S,0.115011889,,
L148I:Q176K:H177F,0.144588213,,
L148I:Q176K:H177Y,0.059240312,,
L148I:Q176A:H177F,0.715121237,,
L148I:Q176A:H177Y,0.074256455,,
L148Q:Q176K:H177F,0.61373893,,
L148Q:Q176K:H177Y,0.049706607,,
L148Q:Q176R:H177F,0.674299406,,
L148Q:Q176R:H177Y,0.355237495,,
L148Q:Q176A:H177F,0.714016865,,
L148Q:Q176A:H177Y,0.061772224,,
L148V:Q176K:H177Y,0.250139019,,
L148I:Q176R:A182S,0.345918024,,
L148V:Q176K:A182S,0.359866106,,
L148I:H177F:A182S,0.357044743,,
L148I:H177Y:A182S,0.410312938,,
L148V:H177Y:A182S,0.38578384,,
S173K:Q176R:H177Y,0.472846137,,
S173R:Q176K:H177F,0.410539623,,
S173R:Q176K:H177Y,0.456191851,,
S173R:Q176A:H177F,0.502101887,,
S173R:Q176A:H177Y,0.459315632,,
S173L:Q176R:H177Y,0.339867579,,
S173C:Q176K:H177F,0.421056836,,
S173C:Q176A:H177F,0.478928743,,
S173C:Q176A:H177Y,0.337792666,,
S173T:Q176K:H177Y,0.392418373,,
S173T:Q176A:H177Y,0.360550308,,
S173R:Q176K:A182S,0.402693859,,
S173R:Q176R:A182S,0.329566675,,
S173L:Q176K:A182S,0.400361657,,
S173L:Q176R:A182S,0.388170508,,
S173C:Q176K:A182S,0.45933275,,
S173T:Q176K:A182S,0.516690597,,
S173T:Q176R:A182S,0.693710214,,
S173K:H177Y:A182S,0.406734751,,
S173R:H177Y:A182S,0.325544457,,
S173L:H177F:A182S,0.378579224,,
S173L:H177Y:A182S,0.301510744,,
S173C:H177Y:A182S,0.323248566,,
Q176R:H177Y:A182S,0.371902674,,
Q176A:H177Y:A182S,0.478047943,,
Q73G:R74C:A101I:S173T,0.938271975,,
Q73N:R74P:A101I:S173T,1.010729174,,
Q73G:R74H:L148Q:S173T,0.931834846,,
F43W:R74H:A101I:S173T,0.778910049,,
F43Q:R74A:A101M:S173T,0.93145697,,
Q73N:R74A:A101I:S173T,0.802044479,,
F43Q:A101M:L148Q:S173T,0.650001181,,
F43W:R74A:A101I:S173T,0.51067268,,
F43Q:R74C:A101M:S173T,0.468615858,,
Q73N:A101M:L148Q:S173T,0.559285459,,
F43Q:Q73N:A101M:S173T,0.439580971,,
F43W:R74P:A101M:S173T,0.255203411,,
Q73N:R74P:A101I:S173R,0.958031283,,
F43Q:Q73N:A101M:S173R,0.960418373,,
Q73N:R74C:A101I:S173R,0.960311824,,
F43Q:A101M:L148Q:S173R,0.933186386,,
F43W:R74A:A101I:S173R,0.895001508,,
Q73G:R74Q:A101I:S173R,0.890547895,,
Q73N:R74Q:A101I:S173R,0.95387911,,
F43Q:A101M:L148I:S173R,0.698017673,,
Q73G:R74L:A101I:S173R,0.913958108,,
F43Q:Q73G:A101M:S173R,0.822775698,,
F43Q:R74A:A101M:S173R,0.804600744,,
F43Q:R74P:A101M:S173R,0.695828462,,
Q73G:R74Q:A101M:S173R,0.653716808,,
F43W:R74P:A101I:S173R,0.691149341,,
F43Q:R74C:A101M:S173R,0.744354035,,
F43Q:A101M:L148V:S173R,0.624965369,,
F43W:Q73N:A101I:S173R,0.608067506,,
Q73G:R74H:A101I:S173R,0.539567773,,
Q73N:A101M:L148Q:S173R,0.493701553,,
Q73N:R74T:A101I:S173L,1.079844835,,
F43Q:R74C:A101I:S173L,0.932933832,,
Q73G:R74T:A101I:S173L,0.983482486,,
Q73N:R74P:A101I:S173L,0.744912207,,
F43Q:R74Q:A101M:S173L,0.651453652,,
Q73N:R74Q:A101I:S173L,0.657836232,,
F43Q:A101M:L148I:S173L,0.628112737,,
F43Q:A101M:L148V:S173L,0.613925579,,
F43Q:R74P:A101M:S173L,0.612589068,,
F43Q:R74T:A101M:S173L,0.577470244,,
F43Q:A101M:Q143R:S173L,0.613452549,,
F43Q:A101M:L148Q:S173L,0.571020737,,
F43Q:Q73N:A101M:S173L,0.540103356,,
F43Q:R74A:A101M:S173L,0.459397307,,
F43Q:R74L:A101M:S173L,0.381470361,,
F43Q:R74C:A101M:S173L,0.365378629,,
Q73G:A101I:L148I:S173K,1.148861278,,
Q73G:R74C:A101I:S173K,1.082164184,,
Q73G:R74A:A101I:S173K,0.906769656,,
R74A:A101I:L148Q:S173K,0.894435837,,
Q73N:R74L:A101I:S173K,0.961953988,,
Q73N:A101I:L148Q:S173K,0.937223501,,
R74H:A101I:L148I:S173K,0.903350727,,
R74P:A101I:L148Q:S173K,0.822970399,,
F43Q:A101M:L148V:S173K,0.703959937,,
Q73G:A101M:L148Q:S173K,0.741768564,,
R74P:A101I:L148I:S173K,0.747956109,,
Q73N:R74A:A101I:S173K,0.750180532,,
F43Q:A101M:L148Q:S173K,0.697666707,,
F43Q:R74A:A101M:S173K,0.679533491,,
Q73G:R74L:A101I:S173K,0.710743279,,
R74A:A101I:L148I:S173K,0.663772826,,
F43Q:R74P:A101M:S173K,0.516799672,,
Q73N:A101I:L148Q:S173C,1.063963633,,
F43W:R74Q:A101I:S173C,1.02446329,,
R74A:A101I:L148I:S173C,0.915432133,,
Q73N:R74T:A101I:S173C,0.810578081,,
R74P:A101I:L148V:S173C,1.032989698,,
Q73N:R74A:A101I:S173C,0.894587312,,
F43Q:Q73G:A101M:S173C,0.98038101,,
F43W:R74T:A101I:S173C,0.792998186,,
F43W:R74H:A101I:S173C,0.872396206,,
Q73N:A101I:L148I:S173C,0.865630316,,
Q73G:R74A:A101I:S173C,0.897362926,,
Q73G:R74H:A101I:S173C,0.880679796,,
F43W:R74A:A101I:S173C,0.729778663,,
F43Q:R74C:A101M:S173C,0.610053486,,
Q73N:R74H:A101I:S173C,0.678849517,,
Q73N:R74L:A101I:Q176R,1.179785708,,
Q73N:A101M:L148I:Q176R,1.029137689,,
Q73G:A101I:S173T:Q176R,0.864723795,,
R74A:A101I:S173C:Q176R,0.928188612,,
F43W:Q73G:A101I:Q176R,0.90653953,,
Q73N:A101I:L148I:Q176R,0.981817663,,
Q73N:A101I:S173T:Q176R,0.978355826,,
Q73N:A101I:S173C:Q176R,0.911735887,,
R74P:A101I:S173T:Q176R,0.774992001,,
Q73N:R74T:A101I:Q176R,0.936876478,,
R74H:A101I:S173T:Q176R,1.023781447,,
F43Q:A101M:L148I:Q176R,0.929808958,,
Q73N:R74P:A101I:Q176R,0.921641039,,
Q73N:R74A:A101I:Q176R,0.94843586,,
Q73N:R74H:A101I:Q176R,0.829745177,,
Q73G:R74A:A101I:Q176R,0.867077436,,
Q73G:R74H:A101M:Q176R,0.699680466,,
F43Q:R74H:A101M:Q176R,0.72792635,,
Q73G:R74Q:A101I:Q176R,0.626924578,,
Q73G:R74Q:A101M:Q176R,0.825546771,,
F43Q:A101M:L148Q:Q176R,0.743339783,,
Q73G:R74H:A101I:Q176R,0.776746152,,
Q73G:R74L:A101I:Q176R,0.696011377,,
F43Q:A101M:S173C:Q176R,0.583986495,,
F43W:R74Q:A101I:Q176R,0.736288996,,
F43Q:R74T:A101M:Q176R,0.734906584,,
F43Q:R74P:A101M:Q176R,0.729053838,,
R74P:A101I:S173K:Q176R,0.646052506,,
F43Q:R74A:A101M:Q176R,0.718562053,,
F43W:R74A:A101I:Q176R,0.65151929,,
Q73G:A101M:L148Q:Q176R,0.533113373,,
Q73G:R74P:A101I:Q176R,0.597228031,,
Q73G:A101I:S173K:Q176R,0.511091117,,
F43W:R74T:A101I:Q176R,0.591841689,,
Q73N:A101M:L148Q:Q176R,0.581106298,,
Q73G:A101I:S173R:Q176R,0.446709654,,
F43W:R74P:A101I:Q176R,0.568784676,,
F43Q:R74C:A101M:Q176R,0.551750429,,
F43Q:A101M:S173L:Q176R,0.444502326,,
F43W:R74L:A101I:Q176R,0.32325356,,
F43Q:R74Q:A101M:Q176K,1.140765248,,
F43Q:Q73N:A101M:Q176K,0.772719191,,
F43Q:R74A:A101M:Q176K,0.770326862,,
Q73G:A101I:S173K:Q176A,0.940327358,,
F43W:R74P:A101I:Q176A,1.005743178,,
F43W:Q73N:A101I:Q176A,0.820043536,,
Q73N:A101M:L148V:Q176A,0.898257548,,
Q73N:A101I:S173R:Q176A,0.963395137,,
F43Q:A101M:L148Q:Q176A,0.860333047,,
F43W:R74H:A101I:Q176A,0.765096088,,
F43W:R74T:A101I:Q176A,0.695499193,,
Q73N:A101M:L148I:Q176A,0.826002561,,
F43Q:A101M:S173R:Q176A,0.755286626,,
Q73G:R74H:A101I:Q176A,0.784262945,,
Q73G:A101M:S173R:Q176A,0.839137394,,
F43W:R74A:A101I:Q176A,0.720799607,,
Q73N:A101M:L148Q:Q176A,0.589186208,,
F43Q:Q73N:A101M:Q176A,0.635671796,,
Q73N:A101M:S173T:Q176A,0.715054498,,
F43Q:A101M:S173C:Q176A,0.579603767,,
F43Q:R74C:A101M:Q176A,0.525753456,,
F43Q:A101M:S173L:Q176A,0.453935403,,
Q73G:R74A:A101I:Q143R,0.996734354,,
Q73G:R74A:A101I:L148V,0.805338102,,
F43Q:R74L:A101M:L148V,0.72679814,,
F43Q:R74C:A101M:L148V,0.64131121,,
F43Q:R74A:A101M:L148Q,1.036960207,,
Q73N:R74C:A101I:L148Q,0.825944911,,
F43W:Q73N:A101I:L148I,0.905110569,,
Q73N:R74C:A101I:L148I,1.151167969,,
F43Q:R74C:A101M:L148I,0.913857322,,
F43Q:Q73N:A101M:L148I,0.950974012,,
Q73G:R74C:A101I:L148I,0.939207555,,
F43Q:R74L:A101M:L148I,1.016713539,,
Q73G:R74T:A101I:L148I,0.8545977,,
F43W:R74H:A101I:L148I,0.864515222,,
F43W:R74A:A101I:L148I,0.679665639,,
F43W:R74T:A101I:L148I,0.66761651,,
F43Q:R74P:A101M:L148I,0.748203875,,
F43W:R74L:A101I:L148I,0.593827241,,
F43W:R74C:A101M:L148I,0.264583513,,
F43Q:R74C:A101M:H177Y,0.689035787,,
F43Q:Q73G:A101M:H177Y,0.579148299,,
F43Q:Q73N:A101M:H177Y,0.530429083,,
F43Q:R74A:A101M:H177F,1.045728841,,
F43Q:R74C:A101M:H177F,0.864181682,,
F43Q:Q73N:R74T:A101M,0.940460751,,
F43Q:Q73G:R74Q:A101M,0.798993645,,
F43Q:Q73N:R74P:A101M,0.79147161,,
F43Q:Q73N:R74H:A101M,0.664327886,,
F43Q:Q73N:R74A:A101M,0.663973179,,
F43Q:Q73N:R74C:A101M,0.573803137,,
F43Q:Q73G:R74H:A101M,0.564296889,,
F43Q:Q73N:R74L:A101M,0.489961048,,
F43W:Q73N:R74H:A101I,0.885405868,,
F43W:Q73N:R74P:A101I,0.789108839,,
F43W:Q73G:R74A:A101I,0.74737106,,
F43W:Q73N:R74A:A101I,0.748398662,,
F43W:Q73N:R74C:A101I,0.609753367,,
F43W:Q73N:R74H:A101I:L148I,1.061835177,,
F43W:Q73N:R74A:A101I:L148I,0.754272853,,
F43W:Q73G:R74A:A101I:L148Q,0.821767501,,
F43Q:Q73N:A101M:S173R:Q176A,0.725664303,,
F43Q:R74H:A101M:S173L:Q176A,0.999396034,,
F43Q:Q73G:A101M:S173L:Q176A,0.890011497,,
F43Q:A101M:L148V:S173L:Q176A,0.837240922,,
F43Q:R74P:A101M:S173L:Q176A,1.034104149,,
F43Q:R74T:A101M:S173L:Q176A,0.732236272,,
F43Q:Q73N:A101M:S173L:Q176A,0.565833375,,
F43Q:Q73N:A101M:S173K:Q176A,0.959505106,,
F43W:Q73N:A101I:S173C:Q176A,0.83562278,,
Q73G:R74H:A101I:Q143R:Q176A,0.982644319,,
Q73G:R74A:A101I:L148Q:Q176A,0.639471902,,
Q73G:R74A:A101I:L148I:Q176A,1.006413133,,
F43Q:Q73N:R74L:A101M:Q176A,0.543246263,,
F43W:Q73N:R74H:A101I:Q176A,1.06843673,,
F43W:Q73N:R74Q:A101I:Q176A,0.98566466,,
F43W:Q73G:R74A:A101I:Q176A,0.879758034,,
F43Q:Q73N:R74A:A101M:Q176K,0.946730245,,
F43Q:Q73N:R74H:A101M:Q176K,0.886891446,,
F43Q:Q73N:R74P:A101M:Q176K,0.775367774,,
Q73G:R74H:A101I:S173T:Q176R,1.12894435,,
F43W:Q73N:A101I:S173T:Q176R,0.823412732,,
F43Q:R74Q:A101M:S173T:Q176R,0.820203789,,
F43Q:R74C:A101M:S173T:Q176R,0.529313021,,
Q73G:R74L:A101I:S173T:Q176R,0.578208544,,
F43W:Q73N:A101I:S173R:Q176R,0.814043974,,
F43Q:Q73N:A101M:S173R:Q176R,0.809337235,,
Q73G:R74A:A101I:S173R:Q176R,0.793613744,,
Q73G:R74L:A101I:S173R:Q176R,0.698433672,,
Q73G:R74H:A101I:S173R:Q176R,0.775059333,,
Q73G:R74P:A101I:S173R:Q176R,0.605562023,,
Q73G:R74P:A101I:S173L:Q176R,0.933169399,,
Q73G:R74H:A101I:S173L:Q176R,0.797337653,,
F43Q:R74Q:A101M:S173L:Q176R,0.555372393,,
F43Q:Q73N:A101M:S173L:Q176R,0.545500013,,
F43Q:R74T:A101M:S173L:Q176R,0.524754596,,
Q73G:R74L:A101I:S173L:Q176R,0.504499482,,
F43Q:R74P:A101M:S173L:Q176R,0.411378759,,
F43Q:R74A:A101M:S173L:Q176R,0.383956836,,
F43Q:R74C:A101M:S173L:Q176R,0.066966197,,
Q73G:R74H:A101I:S173K:Q176R,0.879299403,,
Q73N:R74P:A101I:S173K:Q176R,0.079850581,,
Q73G:R74H:A101I:S173C:Q176R,1.216251389,,
Q73G:R74T:A101I:S173C:Q176R,1.105775022,,
F43Q:Q73N:A101M:S173C:Q176R,0.851602918,,
Q73G:R74C:A101I:S173C:Q176R,0.691286601,,
F43W:Q73N:A101I:S173C:Q176R,0.622031901,,
F43Q:R74L:A101I:S173C:Q176R,0.727828118,,
Q73G:R74L:A101I:S173C:Q176R,0.606819808,,
Q73G:R74H:A101I:Q143R:Q176R,0.864166139,,
Q73N:R74A:A101I:L148V:Q176R,0.970333812,,
Q73G:R74T:A101I:L148V:Q176R,0.869475439,,
F43Q:Q73N:A101M:L148V:Q176R,0.850786735,,
F43W:Q73N:A101I:L148V:Q176R,0.886556164,,
Q73G:R74A:A101I:L148V:Q176R,0.821058366,,
Q73G:R74P:A101I:L148V:Q176R,0.654227942,,
Q73G:R74L:A101I:L148V:Q176R,0.591097715,,
Q73G:R74H:A101I:L148V:Q176R,0.189273456,,
Q73G:R74A:A101I:L148Q:Q176R,1.109694276,,
Q73G:R74H:A101I:L148Q:Q176R,1.053237482,,
Q73N:R74A:A101I:L148Q:Q176R,0.915106886,,
F43W:Q73G:A101I:L148Q:Q176R,0.854990713,,
F43W:Q73N:A101I:L148Q:Q176R,0.825537778,,
Q73G:R74L:A101I:L148Q:Q176R,0.682668304,,
Q73N:R74H:A101I:L148I:Q176R,1.096552557,,
F43Q:R74Q:A101M:L148I:Q176R,1.029160572,,
F43Q:Q73N:A101M:L148I:Q176R,1.026702546,,
F43Q:R74A:A101M:L148I:Q176R,0.972642266,,
Q73N:R74A:A101I:L148I:Q176R,0.901622457,,
Q73G:R74A:A101I:L148I:Q176R,0.854073312,,
Q73G:R74H:A101I:L148I:Q176R,0.848144853,,
Q73G:R74T:A101I:L148I:Q176R,0.843035937,,
Q73G:R74L:A101I:L148I:Q176R,0.638041364,,
Q73G:R74P:A101I:L148I:Q176R,0.479333806,,
F43Q:Q73N:R74T:A101M:Q176R,0.998692744,,
F43Q:Q73G:R74A:A101M:Q176R,0.844619036,,
F43Q:Q73N:R74Q:A101M:Q176R,0.944008699,,
F43Q:Q73G:R74C:A101M:Q176R,0.681627536,,
F43Q:Q73N:R74H:A101M:Q176R,0.667787547,,
F43Q:Q73N:R74A:A101M:Q176R,0.705550865,,
F43Q:Q73G:R74Q:A101M:Q176R,0.676225481,,
F43Q:Q73N:R74C:A101M:Q176R,0.583950047,,
F43Q:Q73G:R74L:A101M:Q176R,0.537997908,,
F43Q:Q73N:R74L:A101M:Q176R,0.526166396,,
F43W:Q73G:R74P:A101I:Q176R,0.927928414,,
F43W:Q73N:R74P:A101I:Q176R,0.697577405,,
F43W:Q73G:R74H:A101I:Q176R,0.791628245,,
F43W:Q73N:R74Q:A101I:Q176R,0.637541396,,
F43W:Q73G:R74A:A101I:Q176R,0.62621641,,
F43W:Q73G:R74Q:A101I:Q176R,0.593917026,,
F43W:Q73N:R74A:A101I:Q176R,0.545336954,,
F43W:Q73G:R74L:A101I:Q176R,0.434344143,,
Q73G:R74H:A101I:L148V:S173C,1.087109614,,
Q73G:R74Q:A101I:L148Q:S173C,0.883777591,,
Q73G:R74H:A101I:L148Q:S173C,1.053352703,,
Q73N:R74T:A101I:L148Q:S173C,0.98678216,,
F43Q:Q73N:A101M:L148Q:S173C,0.838709493,,
Q73G:R74H:A101I:L148I:S173C,0.816762514,,
Q73G:R74P:A101I:L148I:S173C,0.814617328,,
F43Q:Q73N:R74A:A101M:S173C,0.895785254,,
F43Q:Q73N:R74L:A101I:S173C,0.837637986,,
F43Q:Q73N:A101M:L148Q:S173K,0.744007885,,
Q73N:R74H:A101I:L148I:S173K,0.939482705,,
F43Q:Q73N:R74Q:A101M:S173K,1.300044505,,
F43Q:Q73G:R74Q:A101M:S173K,0.821315286,,
F43Q:Q73N:R74P:A101M:S173K,0.78595095,,
F43Q:R74P:A101M:L148V:S173L,0.878238234,,
F43Q:R74H:A101M:L148V:S173L,0.745271154,,
F43Q:R74A:A101M:L148V:S173L,0.695699575,,
F43Q:Q73N:A101M:L148V:S173L,0.677034226,,
F43Q:R74A:A101M:L148Q:S173L,0.809706389,,
F43Q:R74H:A101M:L148Q:S173L,0.741757977,,
F43Q:R74T:A101M:L148Q:S173L,0.710028404,,
F43Q:Q73N:A101M:L148Q:S173L,0.630642591,,
F43Q:Q73G:A101M:L148Q:S173L,0.495890948,,
Q73G:R74P:A101I:L148I:S173L,0.853148049,,
F43Q:Q73N:A101M:L148I:S173L,0.702111379,,
F43Q:Q73N:R74H:A101M:S173L,0.767854905,,
F43Q:Q73G:R74T:A101M:S173L,0.709613469,,
F43Q:Q73N:R74T:A101M:S173L,0.729777961,,
F43Q:Q73G:R74Q:A101M:S173L,0.676150437,,
F43Q:Q73N:R74Q:A101M:S173L,0.618362404,,
F43Q:Q73N:R74P:A101M:S173L,0.607419343,,
F43Q:Q73N:R74C:A101M:S173L,0.453998113,,
F43Q:Q73N:R74A:A101M:S173L,0.535640939,,
F43Q:Q73G:R74A:A101M:S173L,0.527803452,,
F43W:Q73N:R74H:A101I:S173L,0.536300285,,
F43Q:Q73N:R74L:A101I:S173L,0.57695737,,
F43Q:Q73N:A101M:L148V:S173R,0.7617077,,
Q73N:R74P:A101I:L148Q:S173R,1.021929977,,
Q73N:R74H:A101I:L148Q:S173R,0.943208741,,
F43Q:Q73N:A101M:L148Q:S173R,0.876764157,,
F43Q:Q73N:R74T:A101M:S173R,0.989154713,,
F43Q:Q73N:R74Q:A101M:S173R,0.791850048,,
F43Q:Q73N:R74C:A101M:S173R,0.619139146,,
F43W:Q73N:R74Q:A101I:S173R,0.821180383,,
F43W:Q73N:R74T:A101I:S173R,0.740757568,,
F43W:Q73N:R74H:A101I:S173R,0.707209926,,
Q73G:R74A:A101I:L148Q:S173T,0.953047426,,
Q73N:R74A:A101I:L148I:S173T,0.995257681,,
Q73G:R74H:A101I:L148I:S173T,0.896608249,,
F43Q:Q73N:R74A:A101M:S173T,0.66233266,,
F43Q:Q73N:R74L:A101M:S173T,0.565826913,,
F43W:Q73N:R74P:A101I:S173T,0.616097753,,
F43Q:Q73G:R74P:A101M:S173L:A182S,0.666173316,,
F43Q:Q73N:R74P:A101M:S173L:A182S,0.440891023,,
F43Q:Q73N:R74A:A101M:S173L:A182S,0.505810059,,
F43Q:Q73G:R74A:A101M:S173L:A182S,0.420511443,,
F43Q:Q73G:R74L:A101M:S173L:A182S,0.273249762,,
F43Q:Q73G:R74A:A101M:S173R:A182S,0.533783131,,
F43Q:Q73N:R74A:A101M:S173R:A182S,0.508671848,,
F43Q:Q73N:R74L:A101I:Q176R:H177F,0.87293348,,
F43Q:Q73N:R74A:A101I:Q176R:H177Y,0.636249489,,
F43Q:Q73N:R74P:A101I:Q176R:H177Y,0.736510834,,
Q73G:R74H:A101I:Q143R:L148I:Q176A,1.095113814,,
F43W:Q73G:R74L:A101I:L148Q:Q176A,0.590547024,,
Q73G:R74H:A101I:Q143R:L148V:Q176A,0.898323514,,
F43Q:Q73G:R74L:A101I:Q143R:Q176A,0.514014854,,
F43Q:Q73N:A101M:L148Q:S173C:Q176A,0.536958354,,
F43Q:Q73N:R74P:A101M:S173C:Q176A,0.955020121,,
F43Q:Q73N:R74A:A101M:S173C:Q176A,0.892494424,,
F43Q:Q73N:R74C:A101M:S173C:Q176A,0.57596071,,
F43Q:Q73N:A101M:L148Q:S173K:Q176A,0.650432559,,
F43Q:Q73G:A101M:L148V:S173L:Q176A,0.870709948,,
F43Q:Q73N:A101M:L148V:S173L:Q176A,0.851347677,,
F43Q:Q73G:A101M:L148Q:S173L:Q176A,0.656624706,,
F43Q:Q73N:A101M:L148Q:S173L:Q176A,0.587714403,,
F43Q:Q73N:A101M:L148I:S173L:Q176A,0.692790764,,
F43Q:Q73G:R74T:A101M:S173L:Q176A,0.821771506,,
F43Q:Q73N:R74H:A101M:S173L:Q176A,0.716505245,,
F43Q:Q73G:R74H:A101M:S173L:Q176A,0.686657044,,
F43Q:Q73G:R74P:A101M:S173L:Q176A,0.663661702,,
F43Q:Q73N:R74P:A101M:S173L:Q176A,0.666348546,,
F43Q:Q73N:R74T:A101M:S173L:Q176A,0.563377099,,
F43Q:Q73G:R74A:A101M:S173L:Q176A,0.510929492,,
F43Q:Q73N:R74A:A101M:S173L:Q176A,0.454309442,,
F43Q:Q73N:R74C:A101M:S173L:Q176A,0.424956681,,
F43Q:Q73N:R74L:A101M:S173L:Q176A,0.40874555,,
F43Q:Q73N:A101I:Q143R:S173R:Q176A,0.509008717,,
Q73G:R74H:A101I:L148V:S173R:Q176A,0.974892826,,
Q73G:R74P:A101I:L148V:S173R:Q176A,0.638298784,,
Q73G:R74H:A101I:L148Q:S173R:Q176A,1.067843592,,
Q73G:R74P:A101I:L148Q:S173R:Q176A,0.781635531,,
F43Q:Q73N:A101M:L148Q:S173R:Q176A,0.658187255,,
Q73G:R74A:A101I:L148I:S173R:Q176A,0.885672935,,
Q73N:R74H:A101I:L148I:S173R:Q176A,1.007650829,,
Q73G:R74H:A101I:L148I:S173R:Q176A,0.788517334,,
Q73G:R74P:A101I:L148I:S173R:Q176A,0.634373744,,
F43Q:Q73N:R74Q:A101M:S173R:Q176A,0.929107229,,
F43Q:Q73G:R74Q:A101M:S173R:Q176A,0.841621419,,
F43Q:Q73N:R74P:A101M:S173R:Q176A,0.849883729,,
F43Q:Q73N:R74H:A101M:S173R:Q176A,0.724390291,,
F43Q:Q73N:R74T:A101M:S173R:Q176A,0.587529172,,
F43Q:Q73G:R74L:A101M:S173R:Q176A,0.366038417,,
F43W:Q73N:R74L:A101I:S173R:Q176A,0.521120312,,
Q73G:R74H:A101I:L148V:S173T:Q176A,0.927948569,,
Q73G:R74H:A101I:L148I:S173T:Q176A,1.083490148,,
Q73N:R74H:A101I:L148I:S173T:Q176A,1.077015707,,
Q73N:R74A:A101I:L148I:S173T:Q176A,1.117441843,,
Q73G:R74A:A101I:L148I:S173T:Q176A,1.06690586,,
Q73G:R74L:A101I:Q143R:L148I:Q176R,0.913656864,,
Q73N:R74H:A101I:Q143R:L148I:Q176R,0.750806594,,
Q73G:R74P:A101I:Q143R:L148I:Q176R,0.74998941,,
Q73G:R74H:A101I:Q143R:L148I:Q176R,0.814790188,,
Q73G:R74Q:A101I:Q143R:L148I:Q176R,0.694245918,,
F43Q:Q73G:R74Q:A101M:L148I:Q176R,0.895459692,,
F43Q:Q73N:R74L:A101M:L148I:Q176R,0.550460137,,
F43Q:Q73G:R74L:A101M:L148I:Q176R,0.602455441,,
F43W:Q73N:R74H:A101I:L148I:Q176R,0.810266361,,
F43Q:Q73G:R74L:A101I:L148I:Q176R,0.852598674,,
F43Q:Q73N:R74L:A101I:L148I:Q176R,0.719111528,,
F43W:Q73G:R74A:A101I:L148I:Q176R,0.713649401,,
Q73N:R74H:A101I:Q143R:L148Q:Q176R,1.050392024,,
F43Q:Q73G:R74A:A101M:L148Q:Q176R,0.883278327,,
F43Q:Q73N:R74P:A101M:L148Q:Q176R,0.595614379,,
F43W:Q73G:R74T:A101I:L148Q:Q176R,0.919704763,,
F43W:Q73G:R74H:A101I:L148Q:Q176R,0.828920232,,
F43W:Q73N:R74H:A101I:L148Q:Q176R,0.736308329,,
F43Q:Q73N:R74L:A101I:L148Q:Q176R,0.749811892,,
F43W:Q73N:R74T:A101I:L148Q:Q176R,0.80619965,,
F43W:Q73G:R74A:A101I:L148Q:Q176R,0.74305437,,
F43Q:Q73G:R74L:A101I:L148Q:Q176R,0.587828873,,
F43W:Q73G:R74L:A101I:L148Q:Q176R,0.418105087,,
F43W:Q73N:R74L:A101I:L148Q:Q176R,0.444252707,,
Q73N:R74H:A101I:Q143R:L148V:Q176R,0.793134355,,
F43Q:Q73N:R74A:A101M:L148V:Q176R,0.895022001,,
F43Q:Q73G:R74L:A101M:L148V:Q176R,0.484301452,,
F43W:Q73G:R74H:A101I:L148V:Q176R,0.831926762,,
F43Q:Q73G:R74L:A101I:L148V:Q176R,0.969649171,,
F43W:Q73G:R74Q:A101I:L148V:Q176R,0.776882802,,
F43W:Q73G:R74L:A101I:L148V:Q176R,0.39730518,,
F43Q:Q73N:R74H:A101M:Q143R:Q176R,0.62770008,,
F43Q:Q73N:R74Q:A101M:Q143R:Q176R,0.599399943,,
F43Q:Q73N:R74P:A101M:Q143R:Q176R,0.610632562,,
F43Q:Q73N:R74L:A101I:Q143R:Q176R,0.681932842,,
F43Q:Q73N:R74H:A101I:Q143R:Q176R,0.583203213,,
F43Q:Q73N:R74P:A101I:Q143R:Q176R,0.618254603,,
F43Q:Q73G:R74L:A101I:Q143R:Q176R,0.42338854,,
F43Q:Q73N:A101I:Q143R:S173C:Q176R,0.739744223,,
F43Q:Q73G:A101I:Q143R:S173C:Q176R,0.643191151,,
Q73G:R74H:A101I:L148V:S173C:Q176R,0.914732712,,
Q73G:R74P:A101I:L148V:S173C:Q176R,0.921010708,,
Q73G:R74L:A101I:L148V:S173C:Q176R,0.579065392,,
Q73N:R74L:A101I:L148Q:S173C:Q176R,1.016663285,,
Q73N:R74A:A101I:L148Q:S173C:Q176R,0.933109348,,
F43Q:Q73N:A101M:L148Q:S173C:Q176R,0.989473106,,
Q73N:R74P:A101I:L148Q:S173C:Q176R,0.893813165,,
F43Q:R74A:A101I:L148I:S173C:Q176R,1.019192543,,
Q73N:R74H:A101I:L148I:S173C:Q176R,0.864657794,,
Q73G:R74T:A101I:L148I:S173C:Q176R,0.946382928,,
Q73N:R74P:A101I:L148I:S173C:Q176R,0.98520535,,
Q73G:R74H:A101I:L148I:S173C:Q176R,0.994643826,,
Q73G:R74C:A101I:L148I:S173C:Q176R,0.723382305,,
Q73G:R74Q:A101I:L148I:S173C:Q176R,0.495488414,,
F43Q:Q73N:R74A:A101M:S173C:Q176R,0.840803378,,
F43Q:Q73G:R74H:A101I:S173C:Q176R,1.116471481,,
F43Q:Q73N:R74H:A101I:S173C:Q176R,0.918361033,,
F43Q:Q73N:R74A:A101I:S173C:Q176R,0.746218501,,
F43W:Q73G:R74P:A101I:S173C:Q176R,0.728018467,,
F43Q:Q73N:R74C:A101I:S173C:Q176R,0.618416446,,
F43Q:Q73N:R74L:A101I:S173C:Q176R,0.69039989,,
F43Q:Q73G:R74C:A101I:S173C:Q176R,0.640802522,,
F43W:Q73N:R74Q:A101I:S173C:Q176R,0.543118681,,
Q73N:R74P:A101I:L148V:S173K:Q176R,1.003927628,,
Q73N:R74H:A101I:L148V:S173K:Q176R,0.985076981,,
Q73G:R74H:A101I:L148V:S173K:Q176R,0.745107097,,
Q73G:R74P:A101I:L148V:S173K:Q176R,0.656603732,,
Q73N:R74H:A101I:L148Q:S173K:Q176R,1.006521182,,
Q73G:R74L:A101I:L148Q:S173K:Q176R,0.806744192,,
Q73G:R74H:A101I:L148Q:S173K:Q176R,0.852927252,,
Q73G:R74P:A101I:L148Q:S173K:Q176R,0.745872572,,
Q73N:R74H:A101I:L148I:S173K:Q176R,1.055642549,,
F43Q:Q73N:A101M:L148I:S173K:Q176R,0.894932746,,
Q73G:R74Q:A101I:L148I:S173K:Q176R,0.756191552,,
Q73G:R74H:A101I:L148I:S173K:Q176R,0.727488244,,
Q73G:R74A:A101I:L148I:S173K:Q176R,0.605571958,,
F43Q:Q73G:R74Q:A101M:S173K:Q176R,0.767333924,,
F43Q:Q73G:R74C:A101M:S173K:Q176R,0.59871441,,
F43Q:Q73G:R74L:A101M:S173K:Q176R,0.42571272,,
F43W:Q73G:R74T:A101I:S173K:Q176R,0.820936473,,
F43W:Q73G:R74P:A101I:S173K:Q176R,0.834771668,,
F43Q:Q73G:R74C:A101I:S173K:Q176R,0.778549446,,
F43W:Q73G:R74Q:A101I:S173K:Q176R,0.567460999,,
F43W:Q73G:R74H:A101I:S173K:Q176R,0.630107469,,
F43Q:Q73G:R74A:A101I:S173K:Q176R,0.518948837,,
F43W:Q73N:R74L:A101I:S173K:Q176R,0.489477546,,
F43Q:Q73N:R74C:A101I:S173K:Q176R,0.472490007,,
F43Q:Q73G:R74T:A101I:S173K:Q176R,0.520677422,,
F43Q:Q73G:R74P:A101I:S173K:Q176R,0.308195257,,
F43Q:Q73G:R74H:A101I:S173K:Q176R,0.298915927,,
Q73G:R74Q:A101I:L148V:S173L:Q176R,0.750630318,,
Q73G:R74H:A101I:L148V:S173L:Q176R,0.6678959,,
F43Q:Q73N:A101M:L148V:S173L:Q176R,0.667090863,,
F43Q:R74Q:A101M:L148V:S173L:Q176R,0.626527173,,
Q73G:R74L:A101I:L148V:S173L:Q176R,0.401160477,,
F43Q:Q73N:A101M:L148Q:S173L:Q176R,0.489068433,,
Q73G:R74P:A101I:L148I:S173L:Q176R,0.923862278,,
Q73G:R74H:A101I:L148I:S173L:Q176R,0.80169404,,
F43Q:R74A:A101I:L148I:S173L:Q176R,0.771614131,,
Q73G:R74Q:A101I:L148I:S173L:Q176R,0.658971719,,
F43Q:Q73N:R74H:A101M:S173L:Q176R,0.615747346,,
F43Q:Q73N:R74T:A101M:S173L:Q176R,0.451285539,,
F43Q:Q73G:R74T:A101M:S173L:Q176R,0.569217374,,
F43Q:Q73N:R74P:A101M:S173L:Q176R,0.410025165,,
F43Q:Q73G:R74Q:A101M:S173L:Q176R,0.437546937,,
F43Q:Q73G:R74L:A101M:S173L:Q176R,0.270672963,,
F43Q:Q73N:R74C:A101M:S173L:Q176R,0.25673612,,
F43Q:Q73N:R74A:A101M:S173L:Q176R,0.280097574,,
F43Q:Q73G:R74C:A101M:S173L:Q176R,0.231580491,,
F43Q:Q73N:R74L:A101M:S173L:Q176R,0.187251107,,
F43Q:Q73G:R74Q:A101I:S173L:Q176R,0.711568027,,
F43Q:Q73G:R74A:A101I:S173L:Q176R,0.688893567,,
F43Q:Q73N:R74A:A101I:S173L:Q176R,0.546719163,,
F43Q:Q73G:R74H:A101I:S173L:Q176R,0.629360102,,
F43Q:Q73G:R74P:A101I:S173L:Q176R,0.610682183,,
F43Q:Q73G:R74T:A101I:S173L:Q176R,0.571596301,,
F43Q:Q73N:R74P:A101I:S173L:Q176R,0.619656273,,
F43Q:Q73N:R74L:A101I:S173L:Q176R,0.451122021,,
F43Q:Q73G:R74L:A101I:S173L:Q176R,0.580015349,,
F43Q:Q73G:R74C:A101I:S173L:Q176R,0.406603615,,
Q73G:R74P:A101I:Q143R:S173R:Q176R,0.653955298,,
Q73N:R74P:A101I:L148V:S173R:Q176R,0.965805081,,
Q73N:R74H:A101I:L148V:S173R:Q176R,0.897163315,,
Q73G:R74L:A101I:L148V:S173R:Q176R,0.719080303,,
Q73G:R74H:A101I:L148V:S173R:Q176R,0.655182702,,
Q73N:R74L:A101I:L148Q:S173R:Q176R,0.78123592,,
Q73G:R74H:A101I:L148Q:S173R:Q176R,0.931046387,,
Q73G:R74A:A101I:L148Q:S173R:Q176R,0.757287736,,
Q73G:R74P:A101I:L148Q:S173R:Q176R,0.735725425,,
Q73G:R74L:A101I:L148Q:S173R:Q176R,0.73988927,,
F43Q:Q73N:A101M:L148Q:S173R:Q176R,0.604344967,,
F43Q:Q73N:A101M:L148I:S173R:Q176R,0.954213142,,
Q73N:R74A:A101I:L148I:S173R:Q176R,0.935746742,,
Q73N:R74H:A101I:L148I:S173R:Q176R,0.911485185,,
Q73G:R74T:A101I:L148I:S173R:Q176R,0.921921673,,
Q73N:R74P:A101I:L148I:S173R:Q176R,0.641119365,,
Q73G:R74P:A101I:L148I:S173R:Q176R,0.658342471,,
Q73G:R74H:A101I:L148I:S173R:Q176R,0.703739071,,
F43Q:Q73N:R74H:A101M:S173R:Q176R,0.782498994,,
F43Q:Q73N:R74Q:A101M:S173R:Q176R,0.609397118,,
F43Q:Q73N:R74A:A101M:S173R:Q176R,0.676495468,,
F43W:Q73N:R74H:A101I:S173R:Q176R,0.711276452,,
F43W:Q73G:R74H:A101I:S173R:Q176R,0.746630748,,
F43W:Q73N:R74T:A101I:S173R:Q176R,0.700949581,,
F43Q:Q73N:R74L:A101I:S173R:Q176R,0.604327655,,
F43W:Q73G:R74Q:A101I:S173R:Q176R,0.661181307,,
F43Q:Q73G:R74L:A101I:S173R:Q176R,0.595358991,,
F43W:Q73G:R74T:A101I:S173R:Q176R,0.587874748,,
F43Q:Q73G:R74C:A101I:S173R:Q176R,0.567784808,,
F43W:Q73N:R74P:A101I:S173R:Q176R,0.533547619,,
F43W:Q73G:R74P:A101I:S173R:Q176R,0.594770454,,
F43W:Q73N:R74Q:A101I:S173R:Q176R,0.499034582,,
F43Q:Q73N:R74C:A101I:S173R:Q176R,0.448308944,,
F43W:Q73N:R74L:A101I:S173R:Q176R,0.342171851,,
F43Q:Q73N:A101I:Q143R:S173T:Q176R,0.701800133,,
Q73G:R74P:A101I:L148V:S173T:Q176R,1.182868685,,
Q73N:R74H:A101I:L148V:S173T:Q176R,1.039051606,,
Q73G:R74H:A101I:L148V:S173T:Q176R,1.062922117,,
Q73G:R74A:A101I:L148V:S173T:Q176R,0.987783261,,
Q73N:R74A:A101I:L148V:S173T:Q176R,0.943463085,,
Q73N:R74P:A101I:L148V:S173T:Q176R,0.80334133,,
Q73G:R74L:A101I:L148V:S173T:Q176R,0.623906185,,
Q73G:R74Q:A101I:L148Q:S173T:Q176R,0.935240524,,
Q73N:R74T:A101I:L148Q:S173T:Q176R,1.021840535,,
Q73N:R74H:A101I:L148Q:S173T:Q176R,1.033376431,,
Q73N:R74A:A101I:L148Q:S173T:Q176R,0.839605595,,
Q73G:R74A:A101I:L148Q:S173T:Q176R,0.911538253,,
Q73G:R74H:A101I:L148Q:S173T:Q176R,0.851070078,,
Q73G:R74T:A101I:L148Q:S173T:Q176R,0.762306406,,
Q73G:R74L:A101I:L148Q:S173T:Q176R,0.730608346,,
Q73N:R74H:A101I:L148I:S173T:Q176R,0.972243868,,
Q73G:R74A:A101I:L148I:S173T:Q176R,1.017293822,,
Q73G:R74H:A101I:L148I:S173T:Q176R,1.167146499,,
Q73N:R74T:A101I:L148I:S173T:Q176R,1.003776275,,
Q73G:R74P:A101I:L148I:S173T:Q176R,0.98170195,,
Q73N:R74A:A101I:L148I:S173T:Q176R,0.819302907,,
Q73G:R74T:A101I:L148I:S173T:Q176R,1.043316085,,
Q73G:R74Q:A101I:L148I:S173T:Q176R,0.721802499,,
Q73G:R74L:A101I:L148I:S173T:Q176R,0.70721361,,
F43Q:Q73N:R74Q:A101M:S173T:Q176R,0.728006865,,
F43Q:Q73N:R74A:A101M:S173T:Q176R,0.847000821,,
F43Q:Q73N:R74L:A101M:S173T:Q176R,0.550996217,,
F43Q:Q73G:R74L:A101M:S173T:Q176R,0.480571915,,
F43Q:Q73N:R74C:A101M:S173T:Q176R,0.538685717,,
F43W:Q73N:R74Q:A101I:S173T:Q176R,0.711459807,,
F43W:Q73G:R74P:A101I:S173T:Q176R,0.871095519,,
F43W:Q73G:R74T:A101I:S173T:Q176R,0.735770995,,
F43Q:Q73N:R74C:A101I:S173T:Q176R,0.711045876,,
F43W:Q73G:R74H:A101I:S173T:Q176R,0.719467953,,
F43W:Q73G:R74Q:A101I:S173T:Q176R,0.698016302,,
F43Q:Q73N:R74L:A101I:S173T:Q176R,0.716291224,,
F43W:Q73N:R74H:A101I:S173T:Q176R,0.726188469,,
F43W:Q73N:R74P:A101I:S173T:Q176R,0.578844598,,
F43Q:Q73G:R74C:A101I:S173T:Q176R,0.590713881,,
F43W:Q73G:R74P:A101I:L148I:S173C,0.91477645,,
F43Q:Q73N:R74L:A101I:L148I:S173C,0.890733596,,
F43W:Q73N:R74P:A101I:L148Q:S173C,0.533701923,,
F43Q:Q73N:R74H:A101I:Q143R:S173C,0.665766394,,
F43Q:Q73G:R74L:A101I:Q143R:S173C,0.623397063,,
F43W:Q73N:R74P:A101I:L148I:S173K,0.543497609,,
F43W:Q73N:R74P:A101I:L148V:S173K,0.537019075,,
F43Q:Q73N:R74T:A101M:L148I:S173L,0.792248502,,
F43Q:Q73N:R74A:A101M:L148I:S173L,0.449050449,,
F43Q:Q73N:R74L:A101I:L148I:S173L,0.614550948,,
F43Q:Q73N:R74T:A101M:L148Q:S173L,0.616792003,,
F43Q:Q73N:R74P:A101M:L148Q:S173L,0.580633685,,
F43Q:Q73N:R74A:A101M:L148Q:S173L,0.521847583,,
F43Q:Q73N:R74H:A101M:L148V:S173L,0.889376417,,
F43Q:Q73G:R74P:A101M:L148V:S173L,0.80983095,,
F43Q:Q73N:R74P:A101M:L148V:S173L,0.623073253,,
F43Q:Q73N:R74A:A101M:L148V:S173L,0.64454543,,
F43Q:Q73N:R74T:A101M:L148V:S173L,0.646672366,,
F43Q:Q73N:R74C:A101I:L148V:S173L,0.583759773,,
F43Q:Q73N:R74A:A101M:Q143R:S173L,0.357959706,,
F43Q:Q73G:R74Q:A101M:Q143R:S173L,0.275236251,,
F43Q:Q73N:R74Q:A101M:Q143R:S173L,0.272573599,,
F43Q:Q73G:R74C:A101M:Q143R:S173L,0.291081732,,
F43Q:Q73G:R74C:A101M:L148I:S173R,0.665417186,,
F43W:Q73N:R74P:A101I:L148I:S173R,0.599668465,,
F43Q:Q73G:R74L:A101M:L148V:S173R,0.477452455,,
